Date,Open,High,Low,Close,Adj Close,Volume
2010-03-11,0.6424999833106995,0.6604999899864197,0.6424999833106995,0.6604999899864197,0.6008642315864563,3702000
2010-03-12,0.6610000133514404,0.6653329730033875,0.6441670060157776,0.6441670060157776,0.5860055685043335,4548000
2010-03-15,0.6311669945716858,0.6380000114440918,0.6141669750213623,0.6238330006599426,0.5675075650215149,534000
2010-03-16,0.6316670179367065,0.6751670241355896,0.630666971206665,0.6744999885559082,0.6136000752449036,1260000
2010-03-17,0.699999988079071,0.7070000171661377,0.6861670017242432,0.6988329887390137,0.6357358694076538,2610000
2010-03-18,0.6988329887390137,0.7008330225944519,0.6721670031547546,0.681833028793335,0.620270848274231,1584000
2010-03-19,0.6733329892158508,0.6736670136451721,0.6396669745445251,0.650833010673523,0.5920699834823608,1596000
2010-03-22,0.6380000114440918,0.7003329992294312,0.6343330144882202,0.6978330016136169,0.6348262429237366,3804000
2010-03-23,0.7076669931411743,0.7455000281333923,0.7073330283164978,0.7428330183029175,0.6757631301879883,6114000
2010-03-24,0.7356669902801514,0.7356669902801514,0.6980000138282776,0.7016670107841492,0.6383141279220581,2034000
2010-03-25,0.7319999933242798,0.7425000071525574,0.6974999904632568,0.6981670260429382,0.6351302266120911,2034000
2010-03-26,0.7168329954147339,0.7204999923706055,0.6735000014305115,0.6871669888496399,0.6251233220100403,2322000
2010-03-29,0.7093330025672913,0.7136669754981995,0.7006670236587524,0.7056670188903809,0.6419530510902405,1380000
2010-03-30,0.7166669964790344,0.7266669869422913,0.6981670260429382,0.7191669940948486,0.654233992099762,1920000
2010-03-31,0.7246670126914978,0.7300000190734863,0.7041670083999634,0.7080000042915344,0.6440752148628235,1080000
2010-04-01,0.7278329730033875,0.7571669816970825,0.6984999775886536,0.710332989692688,0.6461977362632751,1644000
2010-04-05,0.7373329997062683,0.7733330130577087,0.6901670098304749,0.7705000042915344,0.7009321451187134,1500000
2010-04-06,0.7558330297470093,0.7696670293807983,0.7471669912338257,0.7588329911231995,0.6903186440467834,1998000
2010-04-07,0.7628329992294312,0.7821670174598694,0.741832971572876,0.7663329839706421,0.6971415877342224,3414000
2010-04-08,0.7524999976158142,0.7524999976158142,0.714667022228241,0.7391669750213623,0.67242830991745,4470000
2010-04-09,0.7476670145988464,0.7591670155525208,0.730666995048523,0.7588329911231995,0.6903186440467834,1254000
2010-04-12,0.7703329920768738,0.7975000143051147,0.7611669898033142,0.7778329849243164,0.7076029777526855,2400000
2010-04-13,0.7821670174598694,0.7966669797897339,0.7721670269966125,0.7928329706192017,0.7212489247322083,2904000
2010-04-14,0.8420000076293945,0.8976669907569885,0.8420000076293945,0.8948330283164978,0.8140394687652588,6504000
2010-04-15,0.9108330011367798,0.9231669902801514,0.8923329710960388,0.9024999737739564,0.821013867855072,12666000
2010-04-16,0.8916670083999634,0.8916670083999634,0.828499972820282,0.8691669702529907,0.790690541267395,4452000
2010-04-19,0.8399999737739563,0.8654999732971191,0.7918329834938049,0.8398330211639404,0.7640053629875183,5712000
2010-04-20,0.8643329739570618,0.886667013168335,0.8583329916000366,0.8805000185966492,0.8010004758834839,2922000
2010-04-21,0.886667013168335,0.906166970729828,0.8140000104904175,0.8529999852180481,0.7759833335876465,5772000
2010-04-22,0.8363329768180847,0.9039999842643738,0.7973330020904541,0.9011669754981996,0.819801390171051,6594000
2010-04-23,0.9160000085830688,0.9160000085830688,0.8686670064926147,0.9051669836044312,0.8234402537345886,3600000
2010-04-26,0.913332998752594,0.9380000233650208,0.906832993030548,0.9131669998168944,0.8307179808616638,3846000
2010-04-27,0.875,0.906499981880188,0.8159999847412109,0.8186669945716858,0.7447502613067627,5112000
2010-04-28,0.835332989692688,0.8791670203208923,0.7935000061988831,0.8349999785423279,0.7596084475517273,6864000
2010-04-29,0.835332989692688,0.8666669726371765,0.8255000114440918,0.8636670112609863,0.785687267780304,5838000
2010-04-30,0.8416669964790344,0.8416669964790344,0.7453330159187317,0.7471669912338257,0.679705798625946,10104000
2010-05-03,0.7576670050621033,0.8140000104904175,0.7576670050621033,0.8021669983863831,0.7297400832176208,4926000
2010-05-04,0.7854999899864197,0.7854999899864197,0.6613330245018005,0.6959999799728394,0.6331586241722107,19164000
2010-05-05,0.6850000023841858,0.7058330178260803,0.6414999961853027,0.6736670136451721,0.6128422021865845,7920000
2010-05-06,0.6666669845581055,0.695667028427124,0.4166670143604278,0.6163330078125,0.5606846809387207,17448000
2010-05-07,0.6000000238418579,0.618166983127594,0.5143330097198486,0.5788329839706421,0.5265706181526184,12372000
2010-05-10,0.6800000071525574,0.6826670169830322,0.6468330025672913,0.6800000071525574,0.6186033487319946,7206000
2010-05-11,0.6436669826507568,0.7024999856948853,0.6355000138282776,0.6669999957084656,0.6067771911621094,27720000
2010-05-12,0.6779999732971191,0.7246670126914978,0.6779999732971191,0.7211670279502869,0.6560534238815308,42330000
2010-05-13,0.7018330097198486,0.7308329939842224,0.6554999947547913,0.664667010307312,0.6046547889709473,28992000
2010-05-14,0.6489999890327454,0.6489999890327454,0.5676670074462891,0.6039999723434448,0.5494654774665833,15846000
2010-05-17,0.5911669731140137,0.6348329782485962,0.5699999928474426,0.6290000081062317,0.5722081065177917,19140000
2010-05-18,0.6445000171661377,0.6553329825401306,0.5691670179367065,0.5776669979095459,0.525509774684906,16128000
2010-05-19,0.5748329758644104,0.6041669845581055,0.5466669797897339,0.5868330001831055,0.5338481664657593,21306000
2010-05-20,0.5416669845581055,0.5761669874191284,0.5043330192565918,0.5389999747276306,0.4903341233730316,10638000
2010-05-21,0.5166670083999634,0.5989999771118164,0.503832995891571,0.574167013168335,0.5223259925842285,11220000
2010-05-24,0.5628330111503601,0.584833025932312,0.5403329730033875,0.5403329730033875,0.4915466010570526,10944000
2010-05-25,0.4943329989910126,0.5526670217514038,0.4749999940395355,0.5525000095367432,0.5026153326034546,10818000
2010-05-26,0.5803329944610596,0.6036670207977295,0.546500027179718,0.5496670007705688,0.5000380277633667,14250000
2010-05-27,0.5923330187797546,0.6341670155525208,0.5839999914169312,0.6333330273628235,0.5761500000953674,10578000
2010-05-28,0.6406670212745667,0.6406670212745667,0.5771669745445251,0.6028329730033875,0.5484037399291992,9288000
2010-06-01,0.5989999771118164,0.621167004108429,0.5618330240249634,0.5618330240249634,0.5111056566238403,4530000
2010-06-02,0.581833004951477,0.6225000023841858,0.5641670227050781,0.6218330264091492,0.5656881332397461,11094000
2010-06-03,0.6330000162124634,0.652999997138977,0.6150000095367432,0.6456670165061951,0.5873702168464661,9102000
2010-06-04,0.6290000081062317,0.6305000185966492,0.5525000095367432,0.5616670250892639,0.5109546184539795,13650000
2010-06-07,0.569832980632782,0.578000009059906,0.4950000047683716,0.4990000128746032,0.4539457559585571,18312000
2010-06-08,0.5018330216407776,0.5041670203208923,0.456833004951477,0.4934999942779541,0.4489423036575317,12504000
2010-06-09,0.5070000290870667,0.5385000109672546,0.4774999916553497,0.4836669862270355,0.4399971067905426,8634000
2010-06-10,0.5093330144882202,0.5386670231819153,0.5015000104904175,0.5368329882621765,0.4883627891540527,9504000
2010-06-11,0.5180000066757202,0.5621669888496399,0.5133330225944519,0.5598329901695251,0.5092862248420715,6510000
2010-06-14,0.5868330001831055,0.6025000214576721,0.5691670179367065,0.5705000162124634,0.5189899802207947,6924000
2010-06-15,0.5833330154418945,0.6696670055389404,0.5833330154418945,0.6654999852180481,0.6054126620292664,14508000
2010-06-16,0.6513329744338989,0.6896669864654541,0.6340000033378601,0.6746670007705688,0.6137518882751465,14226000
2010-06-17,0.6880000233650208,0.6894999742507935,0.6361669898033142,0.6703330278396606,0.609809160232544,8724000
2010-06-18,0.6735000014305115,0.6825000047683716,0.6566669940948486,0.6658329963684082,0.6057156324386597,4656000
2010-06-21,0.695667028427124,0.7131670117378235,0.6359999775886536,0.6481670141220093,0.5896444320678711,9054000
2010-06-22,0.6513329744338989,0.6769999861717224,0.6083329916000366,0.6140000224113464,0.5585623383522034,9888000
2010-06-23,0.6200000047683716,0.6424999833106995,0.5864999890327454,0.619333028793335,0.5634140372276306,8076000
2010-06-24,0.6085000038146973,0.6106669902801514,0.5578330159187317,0.5653330087661743,0.5142896175384521,11754000
2010-06-25,0.5718330144882202,0.5734999775886536,0.536666989326477,0.5671669840812683,0.5159580111503601,8718000
2010-06-28,0.5615000128746033,0.5923330187797546,0.5528330206871033,0.5738329887390137,0.5220220685005188,4248000
2010-06-29,0.5446670055389404,0.5446670055389404,0.4858329892158508,0.4956670105457306,0.4509136080741882,23970000
2010-06-30,0.4984999895095825,0.5146669745445251,0.4676670134067535,0.4716669917106628,0.4290805459022522,10842000
2010-07-01,0.4749999940395355,0.4863330125808716,0.4345000088214874,0.4735000133514404,0.4307479858398437,10716000
2010-07-02,0.4745000004768371,0.4814999997615814,0.4443329870700836,0.4676670134067535,0.4254417419433594,7032000
2010-07-06,0.4956670105457306,0.5049999952316284,0.4548330008983612,0.4668329954147339,0.4246830344200134,24060000
2010-07-07,0.4670000076293945,0.5410000085830688,0.4670000076293945,0.540166974067688,0.4913956820964813,13650000
2010-07-08,0.5601670145988464,0.5601670145988464,0.5106670260429382,0.5361670255661011,0.4877568185329437,14706000
2010-07-09,0.5385000109672546,0.5563330054283142,0.527167022228241,0.5546669960021973,0.5045867562294006,7512000
2010-07-12,0.5573329925537109,0.5821670293807983,0.5509999990463257,0.5758330225944519,0.5238415002822876,8718000
2010-07-13,0.5966669917106628,0.6186670064926147,0.5863329768180847,0.6128330230712891,0.5575006604194641,11688000
2010-07-14,0.6399999856948853,0.6466670036315918,0.5953329801559448,0.6071670055389404,0.5523463487625122,16902000
2010-07-15,0.5989999771118164,0.605666995048523,0.5680000185966492,0.5993329882621765,0.5452196598052979,11166000
2010-07-16,0.588333010673523,0.5923330187797546,0.541333019733429,0.5423330068588257,0.4933662712574005,7878000
2010-07-19,0.559499979019165,0.5855000019073486,0.5471670031547546,0.5833330154418945,0.5306643843650818,7908000
2010-07-20,0.5394999980926514,0.5851669907569885,0.5196670293807983,0.5849999785423279,0.5321807265281677,14142000
2010-07-21,0.5961670279502869,0.5961670279502869,0.5456669926643372,0.5494999885559082,0.4998860657215118,10890000
2010-07-22,0.5583329796791077,0.6116669774055481,0.5583329796791077,0.5998330116271973,0.5456745624542236,10308000
2010-07-23,0.5950000286102295,0.6154999732971191,0.5798329710960388,0.6113330125808716,0.5561362504959106,7092000
2010-07-26,0.6116669774055481,0.6368330121040344,0.5931670069694519,0.6333330273628235,0.5761500000953674,8622000
2010-07-27,0.6471670269966125,0.6471670269966125,0.6123329997062683,0.6203330159187317,0.5643236637115479,10470000
2010-07-28,0.612500011920929,0.6265000104904175,0.5783330202102661,0.5881670117378235,0.5350618958473206,17106000
2010-07-29,0.5948330163955688,0.5960000157356262,0.5301669836044312,0.5525000095367432,0.5026153326034546,24666000
2010-07-30,0.539667010307312,0.5456669926643372,0.5076670050621033,0.5351669788360596,0.4868471324443817,13908000
2010-08-02,0.5621669888496399,0.5716670155525208,0.5421670079231262,0.5634999871253967,0.5126219987869263,19812000
2010-08-03,0.5636669993400574,0.5648329854011536,0.5323330163955688,0.546500027179718,0.4971568882465362,11742000
2010-08-04,0.5483329892158508,0.5641670227050781,0.5323330163955688,0.5625,0.5117125511169434,8508000
2010-08-05,0.5593330264091492,0.5669999718666077,0.5433329939842224,0.5490000247955322,0.4994313716888428,7224000
2010-08-06,0.5388330221176147,0.5609999895095825,0.5291669964790344,0.5496670007705688,0.5000380277633667,7914000
2010-08-09,0.5536670088768005,0.5666670203208923,0.5400000214576721,0.558667004108429,0.5082254409790039,7584000
2010-08-10,0.5416669845581055,0.5416669845581055,0.5008329749107361,0.5158330202102661,0.4692590832710266,18732000
2010-08-11,0.4826669991016388,0.4831669926643371,0.4406670033931732,0.453667014837265,0.4127058088779449,30720000
2010-08-12,0.4214999973773956,0.4415000081062317,0.4066669940948486,0.4354999959468841,0.396179050207138,27768000
2010-08-13,0.4376670122146606,0.4494999945163727,0.4214999973773956,0.4223330020904541,0.3842009305953979,9888000
2010-08-16,0.4183329939842224,0.4398329854011535,0.4083330035209656,0.4266670048236847,0.3881435394287109,15528000
2010-08-17,0.4431670010089874,0.4580000042915344,0.4334999918937683,0.4429999887943268,0.4030018746852875,14430000
2010-08-18,0.4469999969005584,0.4645000100135803,0.438167005777359,0.4578329920768738,0.4164955914020538,10218000
2010-08-19,0.4524999856948852,0.4593330025672912,0.4288330078125,0.4348329901695251,0.3955722749233246,11196000
2010-08-20,0.4388329982757568,0.4528329968452453,0.4306670129299164,0.4398329854011535,0.4001207649707794,8682000
2010-08-23,0.452333003282547,0.4543330073356628,0.4238330125808716,0.4243330061435699,0.3860202729701996,15390000
2010-08-24,0.4073329865932464,0.4166670143604278,0.3931669890880584,0.4028330147266388,0.3664616048336029,13998000
2010-08-25,0.3971669971942901,0.4201669991016388,0.3824999928474426,0.4149999916553497,0.377529889345169,19578000
2010-08-26,0.4223330020904541,0.4246670007705688,0.3869999945163727,0.3913330137729645,0.3559998273849487,15816000
2010-08-27,0.4031670093536377,0.419167011976242,0.3713330030441284,0.414667010307312,0.3772270679473877,22824000
2010-08-30,0.4086669981479645,0.4141669869422912,0.3840000033378601,0.3846670091152191,0.3499357104301452,11874000
2010-08-31,0.3816669881343841,0.3894999921321869,0.3548330068588257,0.360166996717453,0.3276477456092834,17046000
2010-09-01,0.3748329877853393,0.4054999947547912,0.3748329877853393,0.3936670124530792,0.3581231832504272,21294000
2010-09-02,0.4003329873085022,0.4198330044746399,0.3923330008983612,0.4198330044746399,0.3819266855716705,32310000
2010-09-03,0.4363330006599426,0.4474999904632568,0.4166670143604278,0.4379999935626983,0.3984533846378326,39972000
2010-09-07,0.4341669976711273,0.4375,0.4099999964237213,0.4143329858779907,0.3769232332706451,24540000
2010-09-08,0.4161669909954071,0.4188329875469208,0.3958329856395721,0.4074999988079071,0.3707071244716644,55176000
2010-09-09,0.4228329956531524,0.4238330125808716,0.4043329954147339,0.4091669917106628,0.3722236156463623,16536000
2010-09-10,0.4054999947547912,0.4106670022010803,0.375667005777359,0.3931669890880584,0.3576683402061462,50568000
2010-09-13,0.4050000011920929,0.4331670105457306,0.4045000076293945,0.4321669936180115,0.3931469321250915,34164000
2010-09-14,0.4283330142498016,0.461667001247406,0.4163329899311065,0.4533329904079437,0.4124020040035248,29940000
2010-09-15,0.4440000057220459,0.4508329927921295,0.4314999878406524,0.4498330056667328,0.4092179238796234,20400000
2010-09-16,0.4408330023288727,0.460999995470047,0.4379999935626983,0.4593330025672912,0.4178602993488312,15978000
2010-09-17,0.4659999907016754,0.4679999947547912,0.4524999856948852,0.4596669971942901,0.4181641042232513,14418000
2010-09-20,0.4598329961299896,0.467833012342453,0.4458329975605011,0.4651669859886169,0.4231674671173095,39192000
2010-09-21,0.4634999930858612,0.474166989326477,0.4576669931411743,0.4620000123977661,0.4202863872051239,18630000
2010-09-22,0.4560000002384186,0.4605000019073486,0.4325000047683716,0.4428330063819885,0.4029660522937774,25320000
2010-09-23,0.4305000007152557,0.4743329882621765,0.4221670031547546,0.4513329863548279,0.4107007980346679,21150000
2010-09-24,0.4716669917106628,0.5076670050621033,0.4716669917106628,0.5049999952316284,0.4595362544059753,25266000
2010-09-27,0.5088329911231995,0.5101670026779175,0.4905000030994415,0.4963330030441284,0.4516495168209076,20460000
2010-09-28,0.5023329854011536,0.522333025932312,0.4818330109119415,0.5195000171661377,0.4727307856082916,25440000
2010-09-29,0.5099999904632568,0.5426669716835022,0.5099999904632568,0.531000018119812,0.4831954836845398,31692000
2010-09-30,0.5393329858779907,0.550000011920929,0.5048329830169678,0.5195000171661377,0.4727307856082916,36396000
2010-10-01,0.5321670174598694,0.5354999899864197,0.5021669864654541,0.5139999985694885,0.4677260518074035,24258000
2010-10-04,0.5109999775886536,0.5113329887390137,0.475832998752594,0.4930000007152557,0.4486166536808014,25332000
2010-10-05,0.5033329725265503,0.5285000205039978,0.5033329725265503,0.5238329768180847,0.4766737222671509,24222000
2010-10-06,0.5233330130577087,0.524167001247406,0.4875000119209289,0.5058330297470093,0.4602943658828735,22194000
2010-10-07,0.5046669840812683,0.5131670236587524,0.488332986831665,0.5059999823570251,0.4604461789131164,20838000
2010-10-08,0.5024999976158142,0.5248330235481262,0.4858329892158508,0.5224999785423279,0.475460797548294,29346000
2010-10-11,0.5224999785423279,0.5473330020904541,0.5224999785423279,0.5320000052452087,0.4841055870056152,20370000
2010-10-12,0.5253329873085022,0.550000011920929,0.515999972820282,0.5433329939842224,0.4944182336330414,18330000
2010-10-13,0.5485000014305115,0.5541669726371765,0.5306670069694519,0.5458329916000366,0.4966932535171509,27384000
2010-10-14,0.5468329787254333,0.556833028793335,0.5318329930305481,0.541333019733429,0.492598295211792,19338000
2010-10-15,0.5526670217514038,0.5583329796791077,0.5288329720497131,0.5536670088768005,0.5038219690322876,22374000
2010-10-18,0.550832986831665,0.550832986831665,0.5273330211639404,0.5408329963684082,0.492143303155899,21282000
2010-10-19,0.5238329768180847,0.5463330149650574,0.5011669993400574,0.5181670188903809,0.4715178906917572,37842000
2010-10-20,0.5186669826507568,0.5348330140113831,0.5083330273628235,0.5268329977989197,0.4794036149978637,24378000
2010-10-21,0.5295000076293945,0.5321670174598694,0.5043330192565918,0.5189999938011169,0.4722758531570434,22062000
2010-10-22,0.5189999938011169,0.5523329973220825,0.5189999938011169,0.5498329997062683,0.5003330707550049,29832000
2010-10-25,0.5583329796791077,0.5773329734802246,0.5583329796791077,0.5678330063819885,0.5167127251625061,12414000
2010-10-26,0.5598329901695251,0.5691670179367065,0.5418329834938049,0.5606669783592224,0.5101917386054993,10962000
2010-10-27,0.5626670122146606,0.6129999756813049,0.5625,0.6121670007705688,0.5570552349090576,19632000
2010-10-28,0.6138330101966858,0.6175000071525574,0.5910000205039978,0.6136670112609863,0.5584203600883484,13932000
2010-10-29,0.6086670160293579,0.6299999952316284,0.6076670289039612,0.6251670122146606,0.5688850283622742,10818000
2010-11-01,0.6296669840812683,0.6378329992294312,0.6039999723434448,0.6188330054283142,0.5631211400032043,19554000
2010-11-02,0.6301670074462891,0.6403329968452454,0.6216670274734497,0.6308330297470093,0.5740407705307007,11472000
2010-11-03,0.6371669769287109,0.6516669988632202,0.621999979019165,0.6516669988632202,0.5929992198944092,18366000
2010-11-04,0.6694999933242798,0.7138329744338989,0.6694999933242798,0.7114999890327454,0.6474454998970032,18684000
2010-11-05,0.7186669707298279,0.7366669774055481,0.7093330025672913,0.7263330221176147,0.6609433889389038,18162000
2010-11-08,0.7223330140113831,0.7415000200271606,0.7143329977989197,0.7273330092430115,0.6618533134460449,17436000
2010-11-09,0.7273330092430115,0.7294999957084656,0.6919999718666077,0.6996669769287109,0.6366779208183289,14748000
2010-11-10,0.6990000009536743,0.7023329734802246,0.6729999780654907,0.7005000114440918,0.6374358534812927,14172000
2010-11-11,0.6470000147819519,0.6833329796791077,0.6215000152587891,0.6759999990463257,0.6151418685913086,24570000
2010-11-12,0.6708329916000366,0.7073330283164978,0.6546670198440552,0.6743329763412476,0.6136245727539062,16152000
2010-11-15,0.6893330216407776,0.694832980632782,0.6593329906463623,0.6593329906463623,0.5999749898910522,14220000
2010-11-16,0.6431670188903809,0.6639999747276306,0.6213330030441284,0.6313329935073853,0.5744959712028503,16314000
2010-11-17,0.6290000081062317,0.6514999866485596,0.6218330264091492,0.6294999718666077,0.5728278756141663,7788000
2010-11-18,0.6486669778823853,0.6728330254554749,0.6486669778823853,0.664667010307312,0.6048290133476257,10518000
2010-11-19,0.660332977771759,0.7020000219345093,0.660332977771759,0.6970000267028809,0.6342509984970093,9654000
2010-11-22,0.6990000009536743,0.7243329882621765,0.6928330063819885,0.722832977771759,0.6577584743499756,32064000
2010-11-23,0.7001670002937317,0.718999981880188,0.695667028427124,0.703499972820282,0.6401660442352295,22074000
2010-11-24,0.7188330292701721,0.7638329863548279,0.7188330292701721,0.7598329782485962,0.6914272904396057,24210000
2010-11-26,0.7484999895095825,0.7583330273628235,0.738332986831665,0.7471669912338257,0.679901659488678,6378000
2010-11-29,0.7346670031547546,0.746167004108429,0.7138329744338989,0.7419999837875366,0.6751996278762817,12354000
2010-11-30,0.7193329930305481,0.725832998752594,0.7073330283164978,0.7145000100135803,0.6501755118370056,14658000
2010-12-01,0.7498329877853394,0.785332977771759,0.7498329877853394,0.7829999923706055,0.7125086784362793,16272000
2010-12-02,0.7875000238418579,0.828499972820282,0.7848330140113831,0.8270000219345093,0.7525476217269897,13560000
2010-12-03,0.8148329854011536,0.8431670069694519,0.8083329796791077,0.8389999866485596,0.763467013835907,10824000
2010-12-06,0.8418329954147339,0.8418329954147339,0.8133329749107361,0.8346670269966125,0.7595242261886597,11808000
2010-12-07,0.8610000014305115,0.871167004108429,0.8320000171661377,0.8330000042915344,0.7580074071884155,22344000
2010-12-08,0.8420000076293945,0.8586670160293579,0.8266670107841492,0.8558329939842224,0.7787847518920898,8406000
2010-12-09,0.8706669807434082,0.8763329982757568,0.853833019733429,0.8619999885559082,0.7843964695930481,7170000
2010-12-10,0.8651670217514038,0.8728330135345459,0.8528329730033875,0.8643329739570618,0.7865195274353027,7374000
2010-12-13,0.881833016872406,0.881833016872406,0.8416669964790344,0.8481670022010803,0.7718089818954468,8994000
2010-12-14,0.8479999899864197,0.8519999980926514,0.8183330297470093,0.8264999985694885,0.7520924806594849,11034000
2010-12-15,0.8201670050621033,0.8341670036315918,0.7966669797897339,0.800832986831665,0.7287362813949585,13974000
2010-12-16,0.8076670169830322,0.8218330144882202,0.7921670079231262,0.8149999976158142,0.7416278719902039,5910000
2010-12-17,0.8190000057220459,0.836667001247406,0.816332995891571,0.8316670060157776,0.7567942142486572,5250000
2010-12-20,0.828000009059906,0.8373330235481262,0.8115000128746033,0.8221669793128967,0.7481495141983032,24018000
2010-12-21,0.8326669931411743,0.8476669788360596,0.828499972820282,0.8395000100135803,0.7639220952987671,7824000
2010-12-22,0.8266670107841492,0.8416669964790344,0.8130000233650208,0.8403329849243164,0.7646802663803101,10470000
2010-12-23,0.8258330225944519,0.8406670093536377,0.8258330225944519,0.8333330154418945,0.7583104372024536,4158000
2010-12-27,0.8178330063819885,0.8403329849243164,0.8025000095367432,0.8358330130577087,0.7605853080749512,7362000
2010-12-28,0.8333330154418945,0.8414999842643738,0.8153330087661743,0.8251670002937317,0.7508795261383057,6186000
2010-12-29,0.828499972820282,0.8324999809265137,0.8178330063819885,0.828499972820282,0.7539124488830566,3360000
2010-12-30,0.828499972820282,0.8395000100135803,0.824167013168335,0.8358330130577087,0.7605853080749512,3732000
2010-12-31,0.8293330073356628,0.8376669883728027,0.8199999928474426,0.8331670165061951,0.7581592798233032,6024000
2011-01-03,0.8495000004768372,0.8791670203208923,0.8420000076293945,0.8518329858779907,0.7751448154449463,11646000
2011-01-04,0.8596670031547546,0.8721669912338257,0.828000009059906,0.8546670079231262,0.7777236700057983,10098000
2011-01-05,0.8424999713897705,0.8694999814033508,0.8341670036315918,0.8629999756813049,0.785306453704834,4482000
2011-01-06,0.8705000281333923,0.912999987602234,0.8705000281333923,0.9108330011367798,0.8288333415985107,9810000
2011-01-07,0.9166669845581056,0.929332971572876,0.8748329877853394,0.9168329834938048,0.8342931270599365,21936000
2011-01-10,0.911666989326477,0.950833022594452,0.8999999761581421,0.945667028427124,0.8605312705039978,9960000
2011-01-11,0.961667001247406,0.961667001247406,0.935333013534546,0.9561669826507568,0.8700860142707825,9942000
2011-01-12,0.9748330116271972,1.0099999904632568,0.9571670293807985,1.0098329782485962,0.9189205765724182,9696000
2011-01-13,1.0108330249786377,1.025833010673523,0.9898329973220824,1.0095000267028809,0.9186176061630248,8448000
2011-01-14,1.02400004863739,1.0920000076293943,1.0199999809265137,1.0920000076293943,0.9936904311180116,18042000
2011-01-18,1.0800000429153442,1.0920000076293943,1.0626670122146606,1.0791670083999634,0.9820128679275512,13842000
2011-01-19,1.0525000095367432,1.057332992553711,0.9966670274734496,1.003999948501587,0.9136126041412354,14754000
2011-01-20,0.984499990940094,0.984499990940094,0.9304999709129332,0.9674999713897704,0.8803987503051758,18720000
2011-01-21,1.0,1.002500057220459,0.9474999904632568,0.950833022594452,0.8652322292327881,12576000
2011-01-24,0.9613329768180848,1.0216670036315918,0.959999978542328,1.0195000171661377,0.9277172088623048,12990000
2011-01-25,1.0063329935073853,1.0178329944610596,0.9743329882621764,0.9981669783592224,0.9083048105239868,13026000
2011-01-26,1.0183329582214355,1.031499981880188,0.9898329973220824,1.025833010673523,0.9334803819656372,16392000
2011-01-27,1.0464999675750732,1.088333010673523,1.0464999675750732,1.0824999809265137,0.9850455522537231,19854000
2011-01-28,1.1039999723434448,1.1039999723434448,0.9701669812202454,0.9948329925537108,0.9052708745002748,36168000
2011-01-31,1.0033329725265503,1.0204999446868896,0.9666669964790344,1.0061670541763306,0.9155848026275636,12234000
2011-02-01,1.0360000133514404,1.0933330059051514,1.0343329906463623,1.0789999961853027,0.9818605184555054,22254000
2011-02-02,1.067167043685913,1.1119999885559082,1.0570000410079956,1.0973329544067385,0.9985429048538208,18420000
2011-02-03,1.0978330373764038,1.1048330068588257,1.064666986465454,1.0985000133514404,0.9996050596237184,10446000
2011-02-04,1.108667016029358,1.1660000085830688,1.1030000448226929,1.16349995136261,1.058753490447998,16854000
2011-02-07,1.1759999990463257,1.1916669607162476,1.140166997909546,1.1514999866485596,1.0478335618972778,21102000
2011-02-08,1.1518330574035645,1.1583329439163208,1.1221669912338257,1.1488330364227295,1.0454068183898926,8292000
2011-02-09,1.133999943733215,1.1506669521331787,1.1124999523162842,1.1269999742507937,1.025539517402649,12252000
2011-02-10,1.090000033378601,1.1393330097198486,1.0786670446395874,1.136667013168335,1.034335732460022,12342000
2011-02-11,1.128999948501587,1.1741670370101929,1.1104999780654907,1.1626670360565186,1.0579952001571655,8436000
2011-02-14,1.176332950592041,1.2161669731140137,1.1714999675750732,1.189167022705078,1.0821095705032349,15360000
2011-02-15,1.187000036239624,1.1883330345153809,1.1398329734802246,1.1551669836044312,1.051170825958252,14406000
2011-02-16,1.1798330545425415,1.2023329734802246,1.1653330326080322,1.1916669607162476,1.0843843221664429,10158000
2011-02-17,1.1846669912338257,1.25,1.1749999523162842,1.2441669702529907,1.1321581602096558,15246000
2011-02-18,1.2558330297470093,1.25600004196167,1.2165000438690186,1.2298330068588257,1.119114637374878,13470000
2011-02-22,1.1663329601287842,1.1743329763412476,1.0750000476837158,1.0833330154418943,0.9858034253120422,40812000
2011-02-23,1.0943330526351929,1.0943330526351929,0.9816669821739196,1.0251669883728027,0.9328742027282716,35844000
2011-02-24,1.0390000343322754,1.0826669931411743,1.015166997909546,1.0758329629898071,0.9789787530899048,41208000
2011-02-25,1.1109999418258667,1.1593329906463623,1.1071670055389404,1.1571669578552246,1.052990198135376,38130000
2011-02-28,1.1816669702529907,1.1816669702529907,1.0851670503616333,1.1221669912338257,1.0211414098739624,38628000
2011-03-01,1.137166976928711,1.1446670293807983,1.0528329610824585,1.0551669597625732,0.9601731896400452,37800000
2011-03-02,1.053500056266785,1.1386669874191284,1.0531669855117798,1.1001670360565186,1.0011217594146729,51600000
2011-03-03,1.1398329734802246,1.1741670370101929,1.1373330354690552,1.1640000343322754,1.0592082738876345,33474000
2011-03-04,1.155500054359436,1.164667010307312,1.1045000553131104,1.1273330450057983,1.0258421897888184,31500000
2011-03-07,1.1291669607162476,1.1441669464111328,1.001167058944702,1.034000039100647,0.9409120678901672,50460000
2011-03-08,1.042667031288147,1.0709999799728394,1.0076669454574585,1.0394999980926514,0.9459164142608644,26598000
2011-03-09,1.0211670398712158,1.0211670398712158,0.9411669969558716,0.9468330144882202,0.8615920543670654,66846000
2011-03-10,0.8996670246124268,0.9166669845581056,0.8703330159187317,0.8751670122146606,0.7963783144950867,60888000
2011-03-11,0.8585000038146973,0.9075000286102296,0.8568329811096191,0.8985000252723694,0.817610502243042,37662000
2011-03-14,0.8945000171661377,0.9296669960021972,0.8774999976158142,0.8948330283164978,0.8142735958099365,37458000
2011-03-15,0.8048329949378967,0.8803330063819885,0.7823330163955688,0.8623329997062683,0.7846994996070862,39852000
2011-03-16,0.8651670217514038,0.8920000195503235,0.7885000109672546,0.8066669702529907,0.7340449094772339,35268000
2011-03-17,0.8423330187797546,0.8661670088768005,0.8270000219345093,0.8361669778823853,0.7608891725540161,37530000
2011-03-18,0.878000020980835,0.878000020980835,0.8341670036315918,0.8445000052452087,0.7684720754623413,32274000
2011-03-21,0.8746669888496399,0.906832993030548,0.8706669807434082,0.8881670236587524,0.8082078099250793,39534000
2011-03-22,0.894333004951477,0.894333004951477,0.8626670241355896,0.8673329949378967,0.78924959897995,24156000
2011-03-23,0.8613330125808716,0.8958330154418945,0.8399999737739563,0.8908330202102661,0.8106338381767273,25218000
2011-03-24,0.9221670031547546,0.9626669883728028,0.9088330268859864,0.9564999938011168,0.8703889846801758,44664000
2011-03-25,0.9653329849243164,0.9801669716835022,0.9468330144882202,0.9484999775886536,0.8631091713905334,31548000
2011-03-28,0.963333010673523,0.9769999980926514,0.9484999775886536,0.953000009059906,0.8672040104866028,22812000
2011-03-29,0.9493330121040344,0.9793329834938048,0.9235000014305116,0.9791669845581056,0.8910152316093445,29970000
2011-03-30,1.002166986465454,1.008167028427124,0.959500014781952,0.98233300447464,0.8938964009284973,29814000
2011-03-31,0.9748330116271972,0.9871670007705688,0.9458330273628236,0.9573330283164978,0.8711469769477844,20958000
2011-04-01,0.9785000085830688,0.9785000085830688,0.9136670231819152,0.9238330125808716,0.8406628966331482,33942000
2011-04-04,0.9288330078125,0.9373329877853394,0.883167028427124,0.8999999761581421,0.8189754486083984,27054000
2011-04-05,0.9416670203208924,0.9811670184135436,0.9406669735908508,0.958666980266571,0.8723609447479248,44274000
2011-04-06,0.987500011920929,1.006999969482422,0.9760000109672546,1.005666971206665,0.915129542350769,30012000
2011-04-07,1.0058330297470093,1.0058330297470093,0.959999978542328,0.99099999666214,0.9017829298973083,20022000
2011-04-08,1.0080000162124634,1.0166670083999634,0.9521669745445251,0.9666669964790344,0.8796406388282776,20496000
2011-04-11,0.9736670255661012,0.9736670255661012,0.9328330159187316,0.9406669735908508,0.8559813499450684,18594000
2011-04-12,0.9166669845581056,0.9166669845581056,0.8684999942779541,0.8830000162124634,0.8035059571266174,31302000
2011-04-13,0.900833010673523,0.9079999923706056,0.8736670017242432,0.890500009059906,0.8103306889533997,33960000
2011-04-14,0.8716670274734497,0.8936669826507568,0.8529999852180481,0.8923329710960388,0.811998724937439,18072000
2011-04-15,0.8863329887390137,0.9171670079231262,0.8725000023841858,0.9100000262260436,0.8280753493309021,17262000
2011-04-18,0.8773329854011536,0.8824999928474426,0.839667022228241,0.8613330125808716,0.7837896347045898,29268000
2011-04-19,0.8560000061988831,0.8733329772949219,0.8500000238418579,0.8716670274734497,0.7931931614875793,22242000
2011-04-20,0.9498329758644104,0.9833329916000366,0.9433330297470092,0.9833329916000366,0.8948063254356384,52812000
2011-04-21,1.0041669607162476,1.0041669607162476,0.9679999947547911,0.980666995048523,0.89238041639328,22464000
2011-04-25,0.9778329730033876,0.9981669783592224,0.9711670279502868,0.9835000038146972,0.8949583768844604,13536000
2011-04-26,0.9853330254554749,1.0333329439163208,0.984499990940094,1.0308330059051514,0.938029944896698,30864000
2011-04-27,1.0199999809265137,1.0341670513153076,0.992667019367218,1.0306669473648071,0.9378791451454164,26574000
2011-04-28,1.0201669931411743,1.030500054359436,0.9894999861717224,1.0101670026779177,0.9192246198654176,25950000
2011-04-29,1.004667043685913,1.0295000076293943,1.0043330192565918,1.024999976158142,0.9327220916748048,12540000
2011-05-02,1.034999966621399,1.034999966621399,0.986666977405548,0.9929999709129332,0.9036028385162354,21006000
2011-05-03,0.9833329916000366,0.9876670241355896,0.9368330240249634,0.9563329815864564,0.8702369332313538,33096000
2011-05-04,0.9804999828338624,0.9811670184135436,0.9231669902801514,0.9580000042915344,0.8717538118362427,20118000
2011-05-05,0.9416670203208924,0.9925000071525574,0.935832977294922,0.9638329744338988,0.8770619034767151,41994000
2011-05-06,1.0,1.0178329944610596,0.9729999899864196,0.9850000143051147,0.8963231444358826,40860000
2011-05-09,0.9850000143051147,0.9853330254554749,0.956833004951477,0.9764999747276306,0.8885883688926697,18708000
2011-05-10,0.9903330206871032,0.998332977294922,0.9725000262260436,0.9891669750213624,0.9001150727272034,19446000
2011-05-11,0.993166983127594,1.004667043685913,0.9476670026779176,0.9664999842643738,0.8794886469841003,18096000
2011-05-12,0.952666997909546,1.01533305644989,0.9495000243186952,1.0061670541763306,0.9155848026275636,25260000
2011-05-13,1.0008330345153809,1.0084999799728394,0.9641669988632202,0.9671670198440552,0.8800956606864929,16488000
2011-05-16,0.9645000100135804,0.988332986831665,0.9226670265197754,0.9261670112609864,0.8427867889404297,23142000
2011-05-17,0.9160000085830688,0.9168329834938048,0.866832971572876,0.8926669955253601,0.8123026490211487,35832000
2011-05-18,0.9028329849243164,0.9516670107841492,0.9020000100135804,0.9430000185966492,0.858104407787323,17988000
2011-05-19,0.9315000176429749,0.9319999814033508,0.894333004951477,0.9194999933242798,0.8367198705673218,20982000
2011-05-20,0.921500027179718,0.9276670217514038,0.8968330025672913,0.9110000133514404,0.8289851546287537,10974000
2011-05-23,0.8801670074462891,0.8801670074462891,0.853833019733429,0.8550000190734863,0.7780266404151917,23688000
2011-05-24,0.8701670169830322,0.8713330030441284,0.8335000276565552,0.8356670141220093,0.7604343295097351,23982000
2011-05-25,0.8293330073356628,0.8663330078125,0.8199999928474426,0.8576670289039612,0.7804538011550903,19098000
2011-05-26,0.8548330068588257,0.8873329758644104,0.8456670045852661,0.881833016872406,0.8024439811706543,14706000
2011-05-27,0.8993330001831055,0.921167016029358,0.8993330001831055,0.9131669998168944,0.8309571146965027,19008000
2011-05-31,0.9416670203208924,0.9541670083999634,0.9269999861717224,0.9541670083999634,0.8682661056518555,15954000
2011-06-01,0.9468330144882202,0.9468330144882202,0.8666669726371765,0.867667019367218,0.7895534038543701,17838000
2011-06-02,0.8690000176429749,0.8934999704360962,0.8541669845581055,0.8679999709129333,0.7898563146591187,16122000
2011-06-03,0.840499997138977,0.8600000143051147,0.818166971206665,0.8218330144882202,0.7478457093238831,38124000
2011-06-06,0.8176670074462891,0.8281670212745667,0.8001670241355896,0.8018329739570618,0.7296462059020996,18660000
2011-06-07,0.8264999985694885,0.8385000228881836,0.8133329749107361,0.8136669993400574,0.7404147982597351,14688000
2011-06-08,0.8028330206871033,0.8029999732971191,0.7571669816970825,0.7648329734802246,0.6959773898124695,36198000
2011-06-09,0.7674999833106995,0.7816669940948486,0.7544999718666077,0.7673329710960388,0.6982521414756775,25770000
2011-06-10,0.7583330273628235,0.7620000243186951,0.7145000100135803,0.7301669716835022,0.6644321084022522,22752000
2011-06-13,0.7304999828338623,0.7423329949378967,0.7016670107841492,0.7088329792022705,0.6450186371803284,18828000
2011-06-14,0.7336670160293579,0.7620000243186951,0.7336670160293579,0.7484999895095825,0.6811147928237915,15768000
2011-06-15,0.7319999933242798,0.741832971572876,0.703000009059906,0.7045000195503235,0.641075849533081,13464000
2011-06-16,0.7101669907569885,0.710332989692688,0.6625000238418579,0.680666983127594,0.6193885803222656,17418000
2011-06-17,0.7046669721603394,0.7046669721603394,0.6441670060157776,0.6510000228881836,0.5923923254013062,23820000
2011-06-20,0.6470000147819519,0.661666989326477,0.6438329815864563,0.652999997138977,0.5942124128341675,18750000
2011-06-21,0.6650000214576721,0.7055000066757202,0.6541669964790344,0.7021669745445251,0.6389527916908264,30174000
2011-06-22,0.6921669840812683,0.7118330001831055,0.6856669783592224,0.6918330192565918,0.6295491456985474,20856000
2011-06-23,0.6666669845581055,0.7245000004768372,0.6536669731140137,0.7229999899864197,0.657910168170929,41520000
2011-06-24,0.7161669731140137,0.7161669731140137,0.6664999723434448,0.6713330149650574,0.6108946800231934,21660000
2011-06-27,0.6713330149650574,0.6926670074462891,0.6516669988632202,0.6828330159187317,0.6213595271110535,15390000
2011-06-28,0.6909999847412109,0.7095000147819519,0.6865000128746033,0.7088329792022705,0.6450186371803284,24696000
2011-06-29,0.7151669859886169,0.7236670255661011,0.6955000162124634,0.7118330001831055,0.6477486491203308,16728000
2011-06-30,0.7166669964790344,0.7699999809265137,0.7166669964790344,0.7633330225944519,0.6946123838424683,30492000
2011-07-01,0.7691670060157776,0.8166670203208923,0.757332980632782,0.8131669759750366,0.7399598956108093,25212000
2011-07-05,0.8088330030441284,0.8176670074462891,0.7791669964790344,0.7910000085830688,0.7197884321212769,15444000
2011-07-06,0.7828329801559448,0.7831670045852661,0.7534999847412109,0.7726669907569885,0.7031058669090271,10506000
2011-07-07,0.7943329811096191,0.8316670060157776,0.788332998752594,0.8183330297470093,0.7446607351303101,18822000
2011-07-08,0.7868329882621765,0.7900000214576721,0.7561669945716858,0.7816669940948486,0.7112957239151001,16896000
2011-07-11,0.7663329839706421,0.7870000004768372,0.7350000143051147,0.7415000200271606,0.6747447848320007,22608000
2011-07-12,0.7191669940948486,0.7225000262260437,0.6675000190734863,0.6781669855117798,0.617113471031189,46284000
2011-07-13,0.6945000290870667,0.7033330202102661,0.6635000109672546,0.6710000038146973,0.6105918884277344,27108000
2011-07-14,0.6736670136451721,0.6978330016136169,0.636667013168335,0.6408330202102661,0.5831406712532043,41184000
2011-07-15,0.6538329720497131,0.6543329954147339,0.6274999976158142,0.6510000228881836,0.5923923254013062,24444000
2011-07-18,0.6428329944610596,0.6504999995231628,0.6091669797897339,0.6230000257492065,0.5669130086898804,25644000
2011-07-19,0.6426669955253601,0.6890000104904175,0.6426669955253601,0.6846669912338257,0.6230283975601196,31746000
2011-07-20,0.7014999985694885,0.7081670165061951,0.663332998752594,0.675832986831665,0.6149896383285522,21420000
2011-07-21,0.6708329916000366,0.6983330249786377,0.644333004951477,0.694333016872406,0.631824254989624,32058000
2011-07-22,0.6978330016136169,0.7483329772949219,0.6978330016136169,0.7413330078125,0.6745927333831787,40338000
2011-07-25,0.7193329930305481,0.7286670207977295,0.6978330016136169,0.7129999995231628,0.6488106846809387,17520000
2011-07-26,0.7260000109672546,0.7558330297470093,0.7260000109672546,0.7308329939842224,0.6650382280349731,30282000
2011-07-27,0.7070000171661377,0.7070000171661377,0.6463329792022705,0.650833010673523,0.5922403931617737,54816000
2011-07-28,0.6499999761581421,0.6800000071525574,0.6269999742507935,0.6460000276565552,0.5878424644470215,23532000
2011-07-29,0.6119999885559082,0.6480000019073486,0.602666974067688,0.6305000185966492,0.5737378001213074,33750000
2011-08-01,0.6568329930305481,0.666333019733429,0.6036670207977295,0.6290000081062317,0.57237309217453,41922000
2011-08-02,0.6148329973220825,0.6269999742507935,0.5708330273628235,0.5731670260429382,0.5215666890144348,44364000
2011-08-03,0.5766670107841492,0.5960000157356262,0.5388330221176147,0.5913329720497131,0.5380969643592834,48840000
2011-08-04,0.5720000267028809,0.5733330249786377,0.4894999861717224,0.4943329989910126,0.4498296976089477,70020000
2011-08-05,0.5091670155525208,0.5256670117378235,0.4186669886112213,0.4583329856395721,0.4170705378055572,60150000
2011-08-08,0.4081670045852661,0.4406670033931732,0.3815000057220459,0.3866670131683349,0.351856529712677,42156000
2011-08-09,0.4091669917106628,0.4399999976158142,0.3700000047683716,0.4386669993400574,0.399175077676773,49818000
2011-08-10,0.4244999885559082,0.4541670083999634,0.3930000066757202,0.4123330116271972,0.3752118647098541,35904000
2011-08-11,0.4298329949378967,0.4911670088768005,0.4269999861717224,0.4736669957637787,0.4310241043567657,29616000
2011-08-12,0.4855000078678131,0.4998329877853393,0.4589999914169311,0.4690000116825104,0.4267772436141968,27114000
2011-08-15,0.4774999916553497,0.4976670145988464,0.4726670086383819,0.4966669976711273,0.4519534111022949,22326000
2011-08-16,0.4793330132961273,0.4938330054283142,0.449999988079071,0.4686670005321502,0.4264742434024811,25092000
2011-08-17,0.4643329977989197,0.4900000095367431,0.4460000097751617,0.4584999978542328,0.4172225296497345,17232000
2011-08-18,0.4203329980373382,0.4203329980373382,0.3700000047683716,0.3791669905185699,0.3450315594673157,38010000
2011-08-19,0.3703329861164093,0.403667002916336,0.3549999892711639,0.3569999933242798,0.3248602449893951,28344000
2011-08-22,0.3869999945163727,0.3878329992294311,0.3596670031547546,0.367000013589859,0.3339599370956421,21594000
2011-08-23,0.3799999952316284,0.4243330061435699,0.3700000047683716,0.4231669902801513,0.3850704133510589,51924000
2011-08-24,0.4231669902801513,0.4343329966068268,0.3973329961299896,0.4225000143051147,0.3844635486602783,51954000
2011-08-25,0.4158329963684082,0.4311670064926147,0.3866670131683349,0.3889999985694885,0.3539794683456421,33522000
2011-08-26,0.3903329968452453,0.4268330037593841,0.3716669976711273,0.4198330044746399,0.3820365965366363,38676000
2011-08-29,0.4408330023288727,0.4675000011920929,0.4375,0.4666669964790344,0.4246543049812317,29448000
2011-08-30,0.4556669890880584,0.4749999940395355,0.4463329911231994,0.4666669964790344,0.4246543049812317,25152000
2011-08-31,0.4806669950485229,0.4884999990463257,0.4468330144882202,0.4566670060157776,0.4155545532703399,29664000
2011-09-01,0.4573329985141754,0.4748330116271972,0.43333300948143,0.4338330030441284,0.3947762250900268,26106000
2011-09-02,0.4141669869422912,0.4166670143604278,0.3963330090045929,0.4040000140666961,0.3676290214061737,22992000
2011-09-06,0.3664999902248382,0.3968330025672912,0.364666998386383,0.3959999978542328,0.3603492081165313,29136000
2011-09-07,0.419167011976242,0.4483329951763153,0.419167011976242,0.4469999969005584,0.4067578613758087,43224000
2011-09-08,0.4359999895095825,0.4740000069141388,0.4329999983310699,0.4403330087661743,0.4006910920143127,32784000
2011-09-09,0.4251669943332672,0.4611670076847076,0.4173330068588257,0.4259999990463257,0.3876483738422394,39306000
2011-09-12,0.4148330092430115,0.464832991361618,0.4148330092430115,0.464832991361618,0.4229853451251983,34446000
2011-09-13,0.4731670022010803,0.4966669976711273,0.4618330001831054,0.4930000007152557,0.4486166536808014,43494000
2011-09-14,0.5006669759750366,0.5475000143051147,0.4941670000553131,0.5299999713897705,0.4822855293750763,86268000
2011-09-15,0.5466669797897339,0.5590000152587891,0.5329999923706055,0.5540000200271606,0.5041250586509705,61032000
2011-09-16,0.5533329844474792,0.5733330249786377,0.5485000014305115,0.5558329820632935,0.5057929754257202,62544000
2011-09-19,0.5303329825401306,0.5485000014305115,0.5098329782485962,0.5371670126914978,0.4888073801994324,54882000
2011-09-20,0.5458329916000366,0.5504999756813049,0.5161669850349426,0.5195000171661377,0.4727307856082916,72882000
2011-09-21,0.5298330187797546,0.541333019733429,0.4866670072078705,0.4869999885559082,0.4431566894054413,117186000
2011-09-22,0.449999988079071,0.4524999856948852,0.413332998752594,0.438167005777359,0.3987200260162353,61854000
2011-09-23,0.4280000030994415,0.4691669940948486,0.4216670095920563,0.4621669948101043,0.4205594062805176,52566000
2011-09-26,0.4788329899311065,0.4788329899311065,0.4296669960021972,0.4613330066204071,0.4198005199432373,98616000
2011-09-27,0.4861670136451721,0.5163329839706421,0.4781669974327087,0.4864999949932098,0.4427017271518707,75846000
2011-09-28,0.4950000047683716,0.4950000047683716,0.4435000121593475,0.4444999992847442,0.404482901096344,57690000
2011-09-29,0.461667001247406,0.4659999907016754,0.4016669988632202,0.4263330101966858,0.3879514038562774,82098000
2011-09-30,0.405333012342453,0.418500006198883,0.3833329975605011,0.3835000097751617,0.3489746749401092,47844000
2011-10-03,0.3758330047130584,0.3878329992294311,0.3400000035762787,0.3408330082893371,0.3101488053798675,52956000
2011-10-04,0.3300000131130218,0.3844999969005584,0.3260000050067901,0.3838329911231994,0.3492775857448578,89970000
2011-10-05,0.3848330080509186,0.4230000078678131,0.3689999878406524,0.4199999868869781,0.3821885287761688,78738000
2011-10-06,0.4173330068588257,0.4351670145988464,0.4025000035762787,0.4345000088214874,0.3953830897808075,78432000
2011-10-07,0.4458329975605011,0.4564999938011169,0.4266670048236847,0.441332995891571,0.4016011655330658,53652000
2011-10-10,0.460332989692688,0.4841670095920563,0.460332989692688,0.476500004529953,0.4336020052433014,30468000
2011-10-11,0.4688329994678497,0.481000006198883,0.4636670053005218,0.4733330011367798,0.430720180273056,30294000
2011-10-12,0.4913330078125,0.5016670227050781,0.4858329892158508,0.4858329892158508,0.4420948028564453,41778000
2011-10-13,0.4776670038700104,0.5203329920768738,0.4761669933795929,0.5163329839706421,0.4698489010334015,45486000
2011-10-14,0.5364999771118164,0.5373330116271973,0.5070000290870667,0.5346670150756836,0.4865323901176452,47322000
2011-10-17,0.5220000147819519,0.5239999890327454,0.4848330020904541,0.4906669855117798,0.4464935660362243,36648000
2011-10-18,0.4914999902248382,0.5266669988632202,0.4738329946994781,0.522333025932312,0.475308895111084,52332000
2011-10-19,0.521166980266571,0.521166980266571,0.484499990940094,0.4881669878959656,0.4442186653614044,44826000
2011-10-20,0.4746670126914978,0.4811669886112213,0.4363330006599426,0.4646669924259186,0.4228344261646271,53466000
2011-10-21,0.4833329916000366,0.5120000243186951,0.4830000102519989,0.4930000007152557,0.4486166536808014,28434000
2011-10-24,0.5041670203208923,0.5463330149650574,0.5015000104904175,0.5441669821739197,0.4951770901679992,81846000
2011-10-25,0.5323330163955688,0.5443329811096191,0.511667013168335,0.5148329734802246,0.4684839844703674,63798000
2011-10-26,0.5283330082893372,0.5389999747276306,0.489666998386383,0.5220000147819519,0.4750058650970459,38490000
2011-10-27,0.5636669993400574,0.5985000133514404,0.5558329820632935,0.5885000228881836,0.535519003868103,55464000
2011-10-28,0.5796669721603394,0.5931670069694519,0.5755000114440918,0.5931670069694519,0.5397660732269287,25170000
2011-10-31,0.5751670002937317,0.5751670002937317,0.5475000143051147,0.5479999780654907,0.4986651241779327,29562000
2011-11-01,0.5031669735908508,0.5151669979095459,0.485166996717453,0.4954999983310699,0.4508914649486542,40368000
2011-11-02,0.5133330225944519,0.5166670083999634,0.4906669855117798,0.503000020980835,0.4577163755893707,15834000
2011-11-03,0.5166670083999634,0.5509999990463257,0.4875000119209289,0.5481669902801514,0.4988170862197876,44694000
2011-11-04,0.5354999899864197,0.5731670260429382,0.5336670279502869,0.5673329830169678,0.5162575244903564,40914000
2011-11-07,0.5591670274734497,0.5695000290870667,0.5333330035209656,0.5648329854011536,0.5139825344085693,44898000
2011-11-08,0.5771669745445251,0.5824999809265137,0.5468329787254333,0.5738329887390137,0.5221723318099976,42258000
2011-11-09,0.5364999771118164,0.5364999771118164,0.4946669936180115,0.4959999918937683,0.4513464570045471,41424000
2011-11-10,0.5205000042915344,0.5214999914169312,0.4866670072078705,0.5091670155525208,0.4633281528949737,21204000
2011-11-11,0.5233330130577087,0.5673329830169678,0.5233330130577087,0.5611670017242432,0.510646641254425,34920000
2011-11-14,0.5529999732971191,0.5695000290870667,0.5311669707298279,0.5418329834938049,0.4930533468723297,29382000
2011-11-15,0.538332998752594,0.5733330249786377,0.5351669788360596,0.5638329982757568,0.5130726099014282,45540000
2011-11-16,0.550000011920929,0.5808330178260803,0.5429999828338623,0.5546669960021973,0.5047318935394287,36810000
2011-11-17,0.550000011920929,0.5533329844474792,0.4721669852733612,0.4916670024394989,0.4474036395549774,73242000
2011-11-18,0.5018330216407776,0.5018330216407776,0.4695000052452087,0.4769999980926513,0.4340569674968719,32286000
2011-11-21,0.456833004951477,0.4591670036315918,0.4300000071525574,0.4496670067310333,0.409184843301773,39312000
2011-11-22,0.4446670114994049,0.4583329856395721,0.4251669943332672,0.4334999918937683,0.3944732248783111,28380000
2011-11-23,0.4196670055389404,0.4203329980373382,0.3923330008983612,0.3926669955253601,0.3573163151741028,31662000
2011-11-25,0.3886669874191284,0.403667002916336,0.3763329982757568,0.3763329982757568,0.3424527049064636,22728000
2011-11-28,0.4198330044746399,0.4228329956531524,0.4026669859886169,0.4148330092430115,0.3774867355823517,23802000
2011-11-29,0.4186669886112213,0.4266670048236847,0.402332991361618,0.4054999947547912,0.3689939677715301,23424000
2011-11-30,0.4384999871253967,0.4763329923152923,0.4384999871253967,0.4748330116271972,0.4320852160453796,51342000
2011-12-01,0.475832998752594,0.4873329997062683,0.4588330090045929,0.4830000102519989,0.4395168721675873,24264000
2011-12-02,0.4976670145988464,0.5061669945716858,0.4785000085830688,0.4798330068588257,0.4366350471973419,28338000
2011-12-05,0.503000020980835,0.5091670155525208,0.485166996717453,0.4946669936180115,0.4501334726810455,29232000
2011-12-06,0.4925000071525574,0.4996669888496399,0.4791670143604278,0.4916670024394989,0.4474036395549774,16620000
2011-12-07,0.485166996717453,0.5131670236587524,0.4733330011367798,0.5090000033378601,0.4631762206554413,20436000
2011-12-08,0.4943329989910126,0.5130000114440918,0.4620000123977661,0.4656670093536377,0.423744261264801,26226000
2011-12-09,0.4558329880237579,0.488332986831665,0.441332995891571,0.4824999868869781,0.4390618801116943,35904000
2011-12-12,0.4528329968452453,0.4528329968452453,0.427166998386383,0.4438329935073852,0.4038759171962738,28650000
2011-12-13,0.45066699385643,0.4586670100688934,0.4058330059051513,0.4120000004768371,0.3749087154865265,41736000
2011-12-14,0.4099999964237213,0.4188329875469208,0.3855000138282776,0.3921670019626617,0.3568613529205322,31500000
2011-12-15,0.4138329923152923,0.4169999957084656,0.3855000138282776,0.391167014837265,0.3559512794017792,20004000
2011-12-16,0.4040000140666961,0.4161669909954071,0.395000010728836,0.4003329873085022,0.3642921447753906,18036000
2011-12-19,0.4045000076293945,0.4054999947547912,0.3650000095367431,0.3666670024394989,0.3336569964885711,36264000
2011-12-20,0.3885000050067901,0.4186669886112213,0.3885000050067901,0.4149999916553497,0.3776386678218841,36492000
2011-12-21,0.4144999980926513,0.4166670143604278,0.3858329951763153,0.4028330147266388,0.3665670454502105,24912000
2011-12-22,0.4090000092983246,0.4460000097751617,0.4076670110225677,0.4424999952316284,0.402662992477417,28410000
2011-12-23,0.4438329935073852,0.4498330056667328,0.4334999918937683,0.4488329887390136,0.4084258079528808,15252000
2011-12-27,0.4424999952316284,0.4576669931411743,0.4416669905185699,0.4476670026779175,0.4073648452758789,19536000
2011-12-28,0.4429999887943268,0.4478330016136169,0.4250000119209289,0.425832986831665,0.3874963819980621,23736000
2011-12-29,0.4341669976711273,0.4398329854011535,0.4241670072078705,0.438167005777359,0.3987200260162353,13962000
2011-12-30,0.4383330047130584,0.4433329999446869,0.4320000112056732,0.4326669871807098,0.3937151432037353,15528000
2012-01-03,0.4600000083446502,0.4699999988079071,0.4449999928474426,0.4485000073909759,0.4081227779388428,20838000
2012-01-04,0.4461669921875,0.4513329863548279,0.4313330054283142,0.4481669962406158,0.4078197479248047,19632000
2012-01-05,0.4465000033378601,0.4691669940948486,0.4440000057220459,0.4675000011920929,0.4254122674465179,25092000
2012-01-06,0.4673329889774322,0.4733330011367798,0.4564999938011169,0.4716669917106628,0.4292041063308716,19224000
2012-01-09,0.4796670079231262,0.5016670227050781,0.4766669869422912,0.4978330135345459,0.4530145227909088,27516000
2012-01-10,0.5163329839706421,0.5226669907569885,0.507332980632782,0.5131670236587524,0.4669680297374725,20658000
2012-01-11,0.5034999847412109,0.5239999890327454,0.5024999976158142,0.5195000171661377,0.4727307856082916,16698000
2012-01-12,0.5288329720497131,0.5386670231819153,0.5133330225944519,0.5370000004768372,0.4886554479598999,20850000
2012-01-13,0.522333025932312,0.5226669907569885,0.4988330006599426,0.5019999742507935,0.4568063020706177,24198000
2012-01-17,0.5220000147819519,0.5248330235481262,0.5061669945716858,0.5084999799728394,0.4627211987972259,17028000
2012-01-18,0.5264999866485596,0.5878329873085022,0.5264999866485596,0.5833330154418945,0.5308172106742859,50442000
2012-01-19,0.6003329753875732,0.6216670274734497,0.5971670150756836,0.6191669702529907,0.5634251832962036,41148000
2012-01-20,0.6166669726371765,0.6313329935073853,0.6098330020904541,0.6281669735908508,0.5716148614883423,17694000
2012-01-23,0.6320000290870667,0.636667013168335,0.6078330278396606,0.6233329772949219,0.5672160983085632,22410000
2012-01-24,0.6131669878959656,0.6351670026779175,0.6098330020904541,0.6276670098304749,0.5711599588394165,11994000
2012-01-25,0.6338329911231995,0.6416670083999634,0.6081669926643372,0.6358330249786377,0.5785909295082092,29904000
2012-01-26,0.6441670060157776,0.6543329954147339,0.6073330044746399,0.6161670088768005,0.5606953501701355,22794000
2012-01-27,0.6085000038146973,0.6294999718666077,0.6051669716835022,0.6246669888496399,0.5684300065040588,9660000
2012-01-30,0.6103330254554749,0.6103330254554749,0.5833330154418945,0.6028329730033875,0.5485615134239197,15960000
2012-01-31,0.6188330054283142,0.6215000152587891,0.5931670069694519,0.6053329706192017,0.5508366227149963,17148000
2012-02-01,0.6256669759750366,0.6600000262260437,0.6226670145988464,0.6451669931411743,0.5870842337608337,39444000
2012-02-02,0.6549999713897705,0.6710000038146973,0.6463329792022705,0.6576669812202454,0.5984590649604797,22602000
2012-02-03,0.680167019367218,0.6951670050621033,0.6721670031547546,0.6855000257492065,0.6237863302230835,26310000
2012-02-06,0.6790000200271606,0.6796669960021973,0.652999997138977,0.6636670231819153,0.6039189696311951,16218000
2012-02-07,0.6533330082893372,0.6708329916000366,0.6433330178260803,0.6643329858779907,0.6045249700546265,18906000
2012-02-08,0.6685000061988831,0.7038329839706421,0.6685000061988831,0.6894999742507935,0.627426266670227,28428000
2012-02-09,0.7008330225944519,0.7008330225944519,0.6788330078125,0.6955000162124634,0.6328859925270081,20448000
2012-02-10,0.6735000014305115,0.6775000095367432,0.6451669931411743,0.6524999737739563,0.5937572121620178,28206000
2012-02-13,0.6725000143051147,0.675000011920929,0.6343330144882202,0.6593329906463623,0.5999749898910522,18954000
2012-02-14,0.6526669859886169,0.6688330173492432,0.6499999761581421,0.6688330173492432,0.608619749546051,20418000
2012-02-15,0.6830000281333923,0.7024999856948853,0.675000011920929,0.6778330206871033,0.6168096661567688,32016000
2012-02-16,0.6733329892158508,0.7316669821739197,0.6733329892158508,0.7279999852180481,0.6624603271484375,32184000
2012-02-17,0.7458329796791077,0.7459999918937683,0.7045000195503235,0.7110000252723694,0.6469906568527222,18594000
2012-02-21,0.7163329720497131,0.7166669964790344,0.6733329892158508,0.6825000047683716,0.6210565567016602,19566000
2012-02-22,0.6738330125808716,0.6911669969558716,0.6650000214576721,0.6721670031547546,0.611653745174408,12120000
2012-02-23,0.6733329892158508,0.6794999837875366,0.6466670036315918,0.6761670112609863,0.6152936220169067,14346000
2012-02-24,0.6800000071525574,0.6909999847412109,0.6673330068588257,0.6711670160293579,0.6107438802719116,8700000
2012-02-27,0.6579999923706055,0.6863330006599426,0.6448330283164978,0.6718329787254333,0.6113497018814087,16248000
2012-02-28,0.6763330101966858,0.714667022228241,0.6763330101966858,0.7058330178260803,0.6422889232635498,25620000
2012-02-29,0.7083330154418945,0.7095000147819519,0.6690000295639038,0.6731669902801514,0.6125637292861938,17994000
2012-03-01,0.6851670145988464,0.6930000185966492,0.6653329730033875,0.6738330125808716,0.6131699085235596,11220000
2012-03-02,0.6686670184135437,0.6843330264091492,0.6499999761581421,0.6531670093536377,0.5943642854690552,15672000
2012-03-05,0.6464999914169312,0.6468330025672913,0.5979999899864197,0.6043329834938049,0.5499265193939209,37602000
2012-03-06,0.5771669745445251,0.590499997138977,0.5665000081062317,0.5860000252723694,0.5332440733909607,25242000
2012-03-07,0.5961670279502869,0.6209999918937683,0.5914999842643738,0.6141669750213623,0.558875322341919,33216000
2012-03-08,0.6333330273628235,0.6456670165061951,0.621999979019165,0.6403329968452454,0.5826857686042786,18336000
2012-03-09,0.6396669745445251,0.6626669764518738,0.6391670107841492,0.6610000133514404,0.6014920473098755,25692000
2012-03-12,0.661666989326477,0.661666989326477,0.6355000138282776,0.6430000066757202,0.5851123929023743,16902000
2012-03-13,0.6546670198440552,0.6846669912338257,0.6546670198440552,0.6846669912338257,0.6230283975601196,29352000
2012-03-14,0.6916670203208923,0.7113329768180847,0.6741669774055481,0.6784999966621399,0.6174166202545166,32916000
2012-03-15,0.6903330087661743,0.7203329801559448,0.6863330006599426,0.7168329954147339,0.6522984504699707,32976000
2012-03-16,0.7174999713897705,0.7256669998168945,0.7093330025672913,0.7183330059051514,0.6536634564399719,17574000
2012-03-19,0.7149999737739563,0.7444999814033508,0.711667001247406,0.7356669902801514,0.6694368720054626,17856000
2012-03-20,0.7188330292701721,0.7273330092430115,0.7024999856948853,0.7213330268859863,0.6563933491706848,16914000
2012-03-21,0.727167010307312,0.7378330230712891,0.7149999737739563,0.7283329963684082,0.6627631187438965,10542000
2012-03-22,0.713333010673523,0.722000002861023,0.6983330249786377,0.7158330082893372,0.6513885855674744,12330000
2012-03-23,0.7196670174598694,0.7216669917106628,0.6938329935073853,0.7213330268859863,0.6563933491706848,17070000
2012-03-26,0.7398329973220825,0.7518330216407776,0.725832998752594,0.7518330216407776,0.6841475963592529,19938000
2012-03-27,0.7466670274734497,0.7674999833106995,0.7466670274734497,0.75,0.6824794411659241,11262000
2012-03-28,0.7491670250892639,0.7548329830169678,0.7076669931411743,0.7229999899864197,0.657910168170929,20256000
2012-03-29,0.7096670269966125,0.728833019733429,0.6958330273628235,0.7253329753875732,0.6600333452224731,13368000
2012-03-30,0.7484999895095825,0.7484999895095825,0.7166669964790344,0.7336670160293579,0.6676170229911804,17772000
2012-04-02,0.7283329963684082,0.7403330206871033,0.7018330097198486,0.7329999804496765,0.6670100688934326,16848000
2012-04-03,0.7300000190734863,0.7300000190734863,0.6903330087661743,0.699167013168335,0.6362229585647583,24684000
2012-04-04,0.6723330020904541,0.6743329763412476,0.6341670155525208,0.6514999866485596,0.5928471684455872,43110000
2012-04-05,0.6489999890327454,0.663332998752594,0.6445000171661377,0.6576669812202454,0.5984590649604797,13242000
2012-04-09,0.6276670098304749,0.6355000138282776,0.6175000071525574,0.6303330063819885,0.5735860466957092,20418000
2012-04-10,0.6269999742507935,0.6424999833106995,0.5914999842643738,0.5973330140113831,0.543556809425354,19278000
2012-04-11,0.6166669726371765,0.6383330225944519,0.6158329844474792,0.6251670122146606,0.5688850283622742,15714000
2012-04-12,0.6294999718666077,0.6675000190734863,0.6276670098304749,0.659500002861023,0.6001271605491638,29892000
2012-04-13,0.6513329744338989,0.6589999794960022,0.6238330006599426,0.6241670250892639,0.5679749846458435,13854000
2012-04-16,0.640500009059906,0.6436669826507568,0.6085000038146973,0.6251670122146606,0.5688850283622742,26910000
2012-04-17,0.6380000114440918,0.6625000238418579,0.6380000114440918,0.6541669964790344,0.5952742695808411,25710000
2012-04-18,0.6328330039978027,0.646166980266571,0.6184999942779541,0.6378329992294312,0.5804107785224915,18018000
2012-04-19,0.6301670074462891,0.661666989326477,0.6050000190734863,0.6169999837875366,0.5614531636238098,19344000
2012-04-20,0.6175000071525574,0.617667019367218,0.5721669793128967,0.574167013168335,0.5224764943122864,40272000
2012-04-23,0.5534999966621399,0.554332971572876,0.5356670022010803,0.5531669855117798,0.5033667683601379,27534000
2012-04-24,0.5603330135345459,0.5608329772949219,0.5336670279502869,0.5398330092430115,0.4912333786487579,19170000
2012-04-25,0.566332995891571,0.5796669721603394,0.5575000047683716,0.5758330225944519,0.5239925384521484,29502000
2012-04-26,0.5803329944610596,0.618166983127594,0.5803329944610596,0.6146669983863831,0.5593302845954895,28902000
2012-04-27,0.6136670112609863,0.6209999918937683,0.5964999794960022,0.6151670217514038,0.5597850680351257,29844000
2012-04-30,0.6136670112609863,0.6151670217514038,0.6050000190734863,0.6051669716835022,0.5506855249404907,15000000
2012-05-01,0.6050000190734863,0.6273329854011536,0.5998330116271973,0.6123329997062683,0.5572064518928528,19788000
2012-05-02,0.6000000238418579,0.625,0.5958330035209656,0.6208329796791077,0.5649411678314209,15480000
2012-05-03,0.6234999895095825,0.6248329877853394,0.5740000009536743,0.5763329863548279,0.5244473218917847,26280000
2012-05-04,0.5674999952316284,0.5766670107841492,0.5375000238418579,0.5391669869422913,0.490627259016037,31662000
2012-05-07,0.5311669707298279,0.5475000143051147,0.5311669707298279,0.5358330011367798,0.4875935614109039,21600000
2012-05-08,0.5256670117378235,0.5301669836044312,0.4931670129299164,0.5264999866485596,0.4791005551815033,33234000
2012-05-09,0.5023329854011536,0.5285000205039978,0.488332986831665,0.5220000147819519,0.4750058650970459,33318000
2012-05-10,0.5325000286102295,0.5325000286102295,0.5028330087661743,0.5153329968452454,0.4689391255378723,21144000
2012-05-11,0.512499988079071,0.5450000166893005,0.5106670260429382,0.5263329744338989,0.4789487421512604,23736000
2012-05-14,0.5105000138282776,0.5203329920768738,0.5033329725265503,0.5108330249786377,0.4648443162441253,18600000
2012-05-15,0.5088329911231995,0.5231670141220093,0.4914999902248382,0.4946669936180115,0.4501334726810455,18522000
2012-05-16,0.4991669952869415,0.5044999718666077,0.4699999988079071,0.4718329906463623,0.4293552339076996,32856000
2012-05-17,0.4746670126914978,0.476500004529953,0.4376670122146606,0.4376670122146606,0.3982651531696319,27282000
2012-05-18,0.4463329911231994,0.4478330016136169,0.4108330011367798,0.4135000109672546,0.3762738108634949,48906000
2012-05-21,0.4153330028057098,0.4466669857501983,0.413332998752594,0.4448330104351043,0.4047859311103821,43740000
2012-05-22,0.4456669986248016,0.4456669986248016,0.4269999861717224,0.4361670017242431,0.3969000577926636,29538000
2012-05-23,0.4206669926643371,0.4424999952316284,0.4099999964237213,0.441332995891571,0.4016011655330658,27300000
2012-05-24,0.44200000166893,0.4440000057220459,0.4149999916553497,0.4239999949932098,0.38582843542099,28086000
2012-05-25,0.4235000014305115,0.4440000057220459,0.4231669902801513,0.4393329918384552,0.3997810781002044,21594000
2012-05-29,0.4526669979095459,0.4713329970836639,0.4513329863548279,0.4651669859886169,0.4232893586158752,18396000
2012-05-30,0.452333003282547,0.4526669979095459,0.4353330135345459,0.4399999976158142,0.4003880620002746,22146000
2012-05-31,0.4373329877853393,0.4401670098304748,0.4123330116271972,0.4253329932689667,0.3870414793491363,21192000
2012-06-01,0.4040000140666961,0.4051670134067535,0.375,0.3754999935626983,0.3416948318481445,45294000
2012-06-04,0.3768329918384552,0.3885000050067901,0.3603329956531524,0.3703329861164093,0.3369929194450378,27960000
2012-06-05,0.3716669976711273,0.3989999890327453,0.3716669976711273,0.3953329920768738,0.3597422540187835,36054000
2012-06-06,0.4068329930305481,0.4371669888496399,0.4056670069694519,0.4353330135345459,0.3961412012577057,41736000
2012-06-07,0.4505000114440918,0.4558329880237579,0.4158329963684082,0.4176670014858246,0.3800656199455261,32898000
2012-06-08,0.409833014011383,0.4375,0.4083330035209656,0.4359999895095825,0.3967481851577759,22326000
2012-06-11,0.4538330137729645,0.4558329880237579,0.4096669852733612,0.4111669957637787,0.3741507828235626,29760000
2012-06-12,0.4171670079231262,0.4395000040531158,0.4158329963684082,0.4391669929027557,0.3996299803256988,36006000
2012-06-13,0.4329999983310699,0.4433329999446869,0.4193330109119415,0.4241670072078705,0.385980486869812,21486000
2012-06-14,0.4256669878959656,0.429500013589859,0.4073329865932464,0.4228329956531524,0.3847665190696716,21318000
2012-06-15,0.4239999949932098,0.4435000121593475,0.4231669902801513,0.4418329894542694,0.4020560085773468,16392000
2012-06-18,0.4336670041084289,0.4686670005321502,0.4336670041084289,0.4625000059604645,0.4208624064922333,31980000
2012-06-19,0.4736669957637787,0.4839999973773956,0.464832991361618,0.4766669869422912,0.433754026889801,23340000
2012-06-20,0.480333000421524,0.4981670081615448,0.4774999916553497,0.4928329885005951,0.4484646618366241,39066000
2012-06-21,0.4876669943332672,0.488332986831665,0.4300000071525574,0.4311670064926147,0.3923502266407013,48192000
2012-06-22,0.4383330047130584,0.4539999961853027,0.4366669952869415,0.4490000009536743,0.4085777699947357,21888000
2012-06-25,0.4376670122146606,0.4379999935626983,0.403667002916336,0.4056670069694519,0.3691459596157074,41736000
2012-06-26,0.4111669957637787,0.4169999957084656,0.3963330090045929,0.4093329906463623,0.3724818229675293,24744000
2012-06-27,0.4158329963684082,0.4300000071525574,0.411666989326477,0.4261670112609863,0.3878004252910614,23748000
2012-06-28,0.4123330116271972,0.4221670031547546,0.4008330106735229,0.4176670014858246,0.3800656199455261,30120000
2012-06-29,0.4490000009536743,0.4708330035209656,0.4463329911231994,0.4699999988079071,0.4276871681213379,48804000
2012-07-02,0.4791670143604278,0.4823330044746399,0.4598329961299896,0.4681670069694519,0.4260191321372986,17688000
2012-07-03,0.4733330011367798,0.4894999861717224,0.4690000116825104,0.4894999861717224,0.4454317092895508,18162000
2012-07-05,0.4788329899311065,0.4830000102519989,0.4620000123977661,0.4761669933795929,0.4332990050315857,17106000
2012-07-06,0.4631670117378235,0.464832991361618,0.4291670024394989,0.441332995891571,0.4016011655330658,30462000
2012-07-09,0.4363330006599426,0.4428330063819885,0.4193330109119415,0.4259999990463257,0.3876483738422394,25698000
2012-07-10,0.4163329899311065,0.4309999942779541,0.3883329927921295,0.3961670100688934,0.3605013191699981,48462000
2012-07-11,0.3996669948101043,0.402999997138977,0.3783330023288727,0.3838329911231994,0.3492775857448578,34476000
2012-07-12,0.375667005777359,0.3761669993400574,0.3561669886112213,0.3664999902248382,0.3335050344467163,49020000
2012-07-13,0.3691670000553131,0.37950000166893,0.367000013589859,0.3758330047130584,0.3419977724552154,30048000
2012-07-16,0.3706670105457306,0.3706670105457306,0.3551670014858246,0.363332986831665,0.3306231498718261,27762000
2012-07-17,0.3700000047683716,0.37083300948143,0.3403330147266388,0.3583329916000366,0.3260731697082519,49782000
2012-07-18,0.3538329899311065,0.4021669924259186,0.3526670038700104,0.3946669995784759,0.3591361939907074,82602000
2012-07-19,0.411666989326477,0.4288330078125,0.411666989326477,0.4198330044746399,0.3820365965366363,54054000
2012-07-20,0.4183329939842224,0.4206669926643371,0.3983330130577087,0.3988330066204071,0.3629271984100342,30600000
2012-07-23,0.3733330070972442,0.3935000002384186,0.3593330085277557,0.3869999945163727,0.3521595001220703,36108000
2012-07-24,0.3899999856948852,0.3930000066757202,0.3716669976711273,0.3833329975605011,0.3488225638866424,30174000
2012-07-25,0.3914999961853027,0.419167011976242,0.3913330137729645,0.403667002916336,0.367326021194458,43992000
2012-07-26,0.4288330078125,0.4408330023288727,0.4199999868869781,0.4320000112056732,0.3931081891059875,42372000
2012-07-27,0.4383330047130584,0.4658330082893371,0.4318329989910126,0.4620000123977661,0.4204073846340179,44328000
2012-07-30,0.4625000059604645,0.4728330075740814,0.44200000166893,0.4498330056667328,0.4093357920646667,21042000
2012-07-31,0.4643329977989197,0.476500004529953,0.4583329856395721,0.4605000019073486,0.4190424680709839,64002000
2012-08-01,0.4681670069694519,0.4735000133514404,0.449999988079071,0.4596669971942901,0.4182844460010528,20508000
2012-08-02,0.4460000097751617,0.4766669869422912,0.4406670033931732,0.4553329944610595,0.4143406450748443,21774000
2012-08-03,0.4766669869422912,0.4916670024394989,0.4666669964790344,0.4833329916000366,0.4398198127746582,25608000
2012-08-06,0.4925000071525574,0.4995000064373016,0.4881669878959656,0.4918330013751983,0.4475547075271606,15390000
2012-08-07,0.5013329982757568,0.5333330035209656,0.5013329982757568,0.5214999914169312,0.4745507836341858,31686000
2012-08-08,0.5166670083999634,0.5295000076293945,0.5139999985694885,0.5285000205039978,0.4809205830097198,15552000
2012-08-09,0.5256670117378235,0.5411670207977295,0.5249999761581421,0.5381669998168945,0.489717423915863,14832000
2012-08-10,0.536666989326477,0.546999990940094,0.5329999923706055,0.5451670289039612,0.4960871040821075,13224000
2012-08-13,0.5451670289039612,0.5451670289039612,0.5148329734802246,0.5346670150756836,0.4865323901176452,17268000
2012-08-14,0.5441669821739197,0.5453330278396606,0.5133330225944519,0.5199999809265137,0.4731857180595398,21054000
2012-08-15,0.5078330039978027,0.5361670255661011,0.5078330039978027,0.5288329720497131,0.4812235534191131,13752000
2012-08-16,0.5286669731140137,0.5566669702529907,0.5273330211639404,0.5563330054283142,0.5062478184700012,14346000
2012-08-17,0.5529999732971191,0.5529999732971191,0.5371670126914978,0.5451670289039612,0.4960871040821075,16194000
2012-08-20,0.5411670207977295,0.5418329834938049,0.5198330283164978,0.5308330059051514,0.4830436110496521,60024000
2012-08-21,0.5368329882621765,0.5531669855117798,0.5263329744338989,0.5320000052452087,0.4841055870056152,14460000
2012-08-22,0.5238329768180847,0.5283330082893372,0.5105000138282776,0.5208330154418945,0.4739438891410827,16560000
2012-08-23,0.5163329839706421,0.5181670188903809,0.5009999871253967,0.5103330016136169,0.4643891453742981,12726000
2012-08-24,0.5049999952316284,0.522333025932312,0.5,0.5186669826507568,0.4719727337360382,11352000
2012-08-27,0.5239999890327454,0.5245000123977661,0.5058330297470093,0.5139999985694885,0.4677260518074035,7974000
2012-08-28,0.5076670050621033,0.5189999938011169,0.5049999952316284,0.5126670002937317,0.4665129780769348,10518000
2012-08-29,0.5108330249786377,0.5198330283164978,0.5016670227050781,0.5136669874191284,0.4674231112003326,8772000
2012-08-30,0.5049999952316284,0.5049999952316284,0.4853329956531524,0.4881669878959656,0.4442186653614044,13566000
2012-08-31,0.4984999895095825,0.5134999752044678,0.4858329892158508,0.507332980632782,0.46165931224823,18720000
2012-09-04,0.5059999823570251,0.5071669816970825,0.4774999916553497,0.4956670105457306,0.4510435461997986,33096000
2012-09-05,0.4930000007152557,0.5026670098304749,0.4790000021457672,0.4846670031547546,0.4410338103771209,15120000
2012-09-06,0.4970000088214874,0.5386670231819153,0.4970000088214874,0.5363330245018005,0.4880484044551849,33888000
2012-09-07,0.5288329720497131,0.5323330163955688,0.5151669979095459,0.5263329744338989,0.4789487421512604,13488000
2012-09-10,0.5180000066757202,0.5198330283164978,0.4956670105457306,0.4988330006599426,0.4539244174957275,19014000
2012-09-11,0.5040000081062317,0.5139999985694885,0.4954999983310699,0.507332980632782,0.46165931224823,15582000
2012-09-12,0.511667013168335,0.5221670269966125,0.5028330087661743,0.5105000138282776,0.4645411372184753,18390000
2012-09-13,0.5076670050621033,0.5296670198440552,0.4970000088214874,0.5246670246124268,0.4774326384067535,30066000
2012-09-14,0.5336670279502869,0.5619999766349792,0.5323330163955688,0.5448330044746399,0.495783120393753,22680000
2012-09-17,0.5523329973220825,0.5523329973220825,0.522832989692688,0.5298330187797546,0.482133686542511,13680000
2012-09-18,0.525833010673523,0.5283330082893372,0.5170000195503235,0.5224999785423279,0.475460797548294,8472000
2012-09-19,0.5231670141220093,0.5235000252723694,0.5099999904632568,0.512499988079071,0.4663610458374023,11808000
2012-09-20,0.5059999823570251,0.5084999799728394,0.4900000095367431,0.4991669952869415,0.4542283713817596,18546000
2012-09-21,0.507332980632782,0.5163329839706421,0.499332994222641,0.4996669888496399,0.4546833336353302,10662000
2012-09-24,0.4866670072078705,0.4893330037593841,0.4716669917106628,0.477167010307312,0.4342089891433716,20208000
2012-09-25,0.4830000102519989,0.4880000054836273,0.4406670033931732,0.4406670033931732,0.4009949862957001,29880000
2012-09-26,0.4316670000553131,0.4359999895095825,0.4148330092430115,0.4329999983310699,0.3940182328224182,29124000
2012-09-27,0.4428330063819885,0.465499997138977,0.4351670145988464,0.4620000123977661,0.4204073846340179,22788000
2012-09-28,0.4564999938011169,0.4600000083446502,0.4478330016136169,0.4493330121040344,0.4088808298110962,18846000
2012-10-01,0.4569999873638153,0.4651669859886169,0.4423330128192901,0.445499986410141,0.4053928852081299,17454000
2012-10-02,0.4561670124530792,0.4566670060157776,0.4424999952316284,0.4535000026226043,0.412672609090805,12186000
2012-10-03,0.4586670100688934,0.4586670100688934,0.4429999887943268,0.4460000097751617,0.4058479070663452,11076000
2012-10-04,0.4501670002937317,0.457500010728836,0.4403330087661743,0.4563330113887787,0.4152506589889526,13104000
2012-10-05,0.4631670117378235,0.4763329923152923,0.4510000050067901,0.4544999897480011,0.4135826230049133,21108000
2012-10-08,0.4466669857501983,0.4478330016136169,0.4343329966068268,0.4393329918384552,0.3997810781002044,13800000
2012-10-09,0.4358330070972442,0.4358330070972442,0.414667010307312,0.4186669886112213,0.3809755742549896,26988000
2012-10-10,0.4154999852180481,0.418500006198883,0.4006670117378235,0.4013330042362213,0.3652020990848541,33456000
2012-10-11,0.4156669974327087,0.4166670143604278,0.4033330082893371,0.4038330018520355,0.3674769997596741,24282000
2012-10-12,0.402332991361618,0.4083330035209656,0.3966670036315918,0.3970000147819519,0.3612592220306396,20214000
2012-10-15,0.4026669859886169,0.4166670143604278,0.4026669859886169,0.4143329858779907,0.3770317137241363,23754000
2012-10-16,0.4174999892711639,0.4424999952316284,0.4174999892711639,0.4410000145435333,0.4012980163097381,25398000
2012-10-17,0.4296669960021972,0.4461669921875,0.4273329973220825,0.4379999935626983,0.3985680937767029,19134000
2012-10-18,0.4326669871807098,0.4379999935626983,0.4199999868869781,0.4269999861717224,0.3885583579540252,17580000
2012-10-19,0.4238330125808716,0.4241670072078705,0.3896670043468475,0.3903329968452453,0.3551923930644989,56556000
2012-10-22,0.3958329856395721,0.4006670117378235,0.3841669857501983,0.3896670043468475,0.3545863330364227,23040000
2012-10-23,0.3776670098304748,0.3961670100688934,0.3733330070972442,0.3933329880237579,0.3579223155975342,41184000
2012-10-24,0.4059999883174896,0.4059999883174896,0.3748329877853393,0.3751670122146606,0.3413918018341064,38772000
2012-10-25,0.3941670060157776,0.3941670060157776,0.378832995891571,0.3903329968452453,0.3551923930644989,27804000
2012-10-26,0.3899999856948852,0.4038330018520355,0.3866670131683349,0.3958329856395721,0.3601971566677093,28536000
2012-10-31,0.4000000059604645,0.4046669900417328,0.3916670083999634,0.3953329920768738,0.3597422540187835,17892000
2012-11-01,0.4000000059604645,0.4366669952869415,0.3964999914169311,0.4356670081615448,0.3964451253414154,59682000
2012-11-02,0.4371669888496399,0.4401670098304748,0.4111669957637787,0.4113329946994781,0.3743017911911011,29826000
2012-11-05,0.4108330011367798,0.4353330135345459,0.4074999988079071,0.4318329989910126,0.3929562270641327,21156000
2012-11-06,0.4359999895095825,0.4538330137729645,0.4318329989910126,0.4490000009536743,0.4085777699947357,36810000
2012-11-07,0.4301669895648956,0.4356670081615448,0.4059999883174896,0.4151670038700104,0.3777908086776733,49578000
2012-11-08,0.4216670095920563,0.4230000078678131,0.4000000059604645,0.4000000059604645,0.3639891445636749,29484000
2012-11-09,0.398499995470047,0.417833000421524,0.397832989692688,0.4028330147266388,0.3665670454502105,39966000
2012-11-12,0.4123330116271972,0.4131669998168945,0.3946669995784759,0.4031670093536377,0.3668709397315979,20754000
2012-11-13,0.3958329856395721,0.4043329954147339,0.3918330073356628,0.3944999873638153,0.3589842021465301,25692000
2012-11-14,0.402332991361618,0.4058330059051513,0.3725000023841858,0.3751670122146606,0.3413918018341064,41352000
2012-11-15,0.3770000040531158,0.380167007446289,0.3580000102519989,0.3598330020904541,0.3274382650852203,44232000
2012-11-16,0.3664999902248382,0.3664999902248382,0.341167002916336,0.3603329956531524,0.3278932273387909,43050000
2012-11-19,0.3759999871253967,0.3819999992847442,0.3693329989910126,0.3808329999446869,0.3465476334095001,43926000
2012-11-20,0.3759999871253967,0.3791669905185699,0.3659999966621399,0.3783330023288727,0.3442727327346802,28992000
2012-11-21,0.3799999952316284,0.3840000033378601,0.3753330111503601,0.380167007446289,0.3459417223930359,13506000
2012-11-23,0.387499988079071,0.405333012342453,0.3866670131683349,0.3996669948101043,0.3636861741542816,39354000
2012-11-26,0.3989999890327453,0.4083330035209656,0.3959999978542328,0.4063329994678497,0.3697519600391388,27870000
2012-11-27,0.4083330035209656,0.414000004529953,0.4003329873085022,0.4014999866485595,0.365354061126709,26604000
2012-11-28,0.3959999978542328,0.4166670143604278,0.3846670091152191,0.4154999852180481,0.3780936896800995,30288000
2012-11-29,0.4214999973773956,0.426499992609024,0.4110000133514404,0.4189999997615814,0.3812786042690277,28662000
2012-11-30,0.4186669886112213,0.4241670072078705,0.4129999876022339,0.4173330068588257,0.3797616958618164,17814000
2012-12-03,0.4251669943332672,0.4286670088768005,0.4099999964237213,0.4118329882621765,0.3747568428516388,20892000
2012-12-04,0.4136669933795929,0.4225000143051147,0.4054999947547912,0.4188329875469208,0.3811266124248504,11244000
2012-12-05,0.4153330028057098,0.4235000014305115,0.4090000092983246,0.4161669909954071,0.3787006437778473,11466000
2012-12-06,0.4181669950485229,0.4320000112056732,0.4166670143604278,0.4309999942779541,0.392198234796524,22764000
2012-12-07,0.4356670081615448,0.4376670122146606,0.4251669943332672,0.4338330030441284,0.3947762250900268,12366000
2012-12-10,0.4320000112056732,0.4456669986248016,0.4320000112056732,0.4418329894542694,0.4020560085773468,10578000
2012-12-11,0.4481669962406158,0.4715000092983246,0.4478330016136169,0.4684999883174896,0.426322191953659,43932000
2012-12-12,0.4776670038700104,0.4776670038700104,0.4596669971942901,0.4629999995231628,0.4213174283504486,21654000
2012-12-13,0.4601669907569885,0.4740000069141388,0.4444999992847442,0.449999988079071,0.4094877243041992,27486000
2012-12-14,0.4438329935073852,0.4505000114440918,0.4336670041084289,0.4406670033931732,0.4009949862957001,18882000
2012-12-17,0.442667007446289,0.4518330097198486,0.4346669912338257,0.4458329975605011,0.4056959152221679,17166000
2012-12-18,0.4569999873638153,0.4703330099582672,0.4456669986248016,0.4665000140666961,0.4245023429393768,29934000
2012-12-19,0.4684999883174896,0.4828329980373382,0.4684999883174896,0.4701670110225677,0.4278392195701599,24540000
2012-12-20,0.4695000052452087,0.4720000028610229,0.4569999873638153,0.4693329930305481,0.4270803034305572,15660000
2012-12-21,0.4466669857501983,0.4563330113887787,0.4300000071525574,0.4544999897480011,0.4135826230049133,23190000
2012-12-24,0.4620000123977661,0.4715000092983246,0.4449999928474426,0.4505000114440918,0.4099428355693817,9054000
2012-12-26,0.4519999921321869,0.461667001247406,0.4388329982757568,0.4403330087661743,0.4006910920143127,11136000
2012-12-27,0.4390000104904175,0.4396669864654541,0.4183329939842224,0.43333300948143,0.3943212926387787,24114000
2012-12-28,0.4233329892158508,0.4386669993400574,0.4214999973773956,0.425832986831665,0.3874963819980621,12612000
2012-12-31,0.4298329949378967,0.4511669874191284,0.4225000143051147,0.4481669962406158,0.4078197479248047,29208000
2013-01-02,0.4753330051898956,0.5055000185966492,0.4749999940395355,0.5051670074462891,0.4596881866455078,59640000
2013-01-03,0.5033329725265503,0.5078330039978027,0.4903329908847809,0.4961670041084289,0.4514984488487243,23976000
2013-01-04,0.4975000023841858,0.4996669888496399,0.4856669902801513,0.4945000112056732,0.4499815106391907,14664000
2013-01-07,0.4913330078125,0.4959999918937683,0.4793330132961273,0.4894999861717224,0.4454317092895508,14658000
2013-01-08,0.4856669902801513,0.4921669960021972,0.4716669917106628,0.4733330011367798,0.430720180273056,20568000
2013-01-09,0.4763329923152923,0.4878329932689667,0.4763329923152923,0.4873329997062683,0.4434597492218017,15072000
2013-01-10,0.5033329725265503,0.5098329782485962,0.4951669871807098,0.5070000290870667,0.4613561630249023,31482000
2013-01-11,0.5013329982757568,0.5166670083999634,0.5013329982757568,0.5158330202102661,0.4693939983844757,11706000
2013-01-14,0.5008329749107361,0.515999972820282,0.4984999895095825,0.5115000009536743,0.4654509127140045,11772000
2013-01-15,0.5053330063819885,0.505666971206665,0.4966669976711273,0.503832995891571,0.4584742188453674,11472000
2013-01-16,0.5061669945716858,0.5249999761581421,0.5021669864654541,0.5201669931411743,0.4733379185199737,16008000
2013-01-17,0.5323330163955688,0.5541669726371765,0.5286669731140137,0.5531669855117798,0.5033667683601379,35070000
2013-01-18,0.5408329963684082,0.5498329997062683,0.5350000262260437,0.5443329811096191,0.4953281581401825,25674000
2013-01-22,0.5441669821739197,0.5441669821739197,0.5295000076293945,0.5394999980926514,0.4909302592277527,14790000
2013-01-23,0.5458329916000366,0.5584999918937683,0.541333019733429,0.5571669936180115,0.5070067048072815,19140000
2013-01-24,0.5343329906463623,0.5566669702529907,0.5299999713897705,0.5423330068588257,0.4935083389282226,15810000
2013-01-25,0.5478330254554749,0.570667028427124,0.5478330254554749,0.5625,0.5118597149848938,17778000
2013-01-28,0.5683330297470093,0.5720000267028809,0.5608329772949219,0.566332995891571,0.5153474807739258,9876000
2013-01-29,0.5608329772949219,0.5618330240249634,0.5491669774055481,0.5558329820632935,0.5057929754257202,12882000
2013-01-30,0.5533329844474792,0.5674999952316284,0.5533329844474792,0.558667004108429,0.5083717107772827,14028000
2013-01-31,0.5576670169830322,0.5668330192565918,0.5491669774055481,0.5536670088768005,0.5038219690322876,17040000
2013-02-01,0.5673329830169678,0.5855000019073486,0.5634999871253967,0.5831670165061951,0.530666172504425,23550000
2013-02-04,0.5699999928474426,0.5879999995231628,0.5565000176429749,0.5578330159187317,0.5076128840446472,17340000
2013-02-05,0.5683330297470093,0.588333010673523,0.5649999976158142,0.5841670036315918,0.5315759778022766,13062000
2013-02-06,0.5751670002937317,0.5899999737739563,0.5728330016136169,0.5873330235481262,0.5344571471214294,8304000
2013-02-07,0.5926669836044312,0.5926669836044312,0.5633329749107361,0.5796669721603394,0.5274812579154968,14106000
2013-02-08,0.5833330154418945,0.6035000085830688,0.5833330154418945,0.602167010307312,0.5479556322097778,20130000
2013-02-11,0.6031669974327087,0.6088330149650574,0.5943329930305481,0.6048330068588257,0.550381600856781,7806000
2013-02-12,0.6048330068588257,0.6118329763412476,0.5983330011367798,0.6086670160293579,0.5538704991340637,12744000
2013-02-13,0.6154999732971191,0.6216670274734497,0.602167010307312,0.6134999990463257,0.5582683086395264,9024000
2013-02-14,0.6043329834938049,0.631833016872406,0.6033329963684082,0.6309999823570251,0.5741929411888123,8382000
2013-02-15,0.6341670155525208,0.6368330121040344,0.6121670007705688,0.6188330054283142,0.5631211400032043,15144000
2013-02-19,0.621167004108429,0.6424999833106995,0.6194999814033508,0.6411669850349426,0.5834445357322693,14514000
2013-02-20,0.6416670083999634,0.6449999809265137,0.5981670022010803,0.5981670022010803,0.5443155169487,25884000
2013-02-21,0.5816670060157776,0.5901669859886169,0.5538330078125,0.565500020980835,0.5145897269248962,27420000
2013-02-22,0.5814999938011169,0.6031669974327087,0.5770000219345093,0.600832998752594,0.5467416644096375,29910000
2013-02-25,0.6150000095367432,0.6188330054283142,0.5665000081062317,0.5665000081062317,0.5154996514320374,27048000
2013-02-26,0.5691670179367065,0.584833025932312,0.5648329854011536,0.5806670188903809,0.5283913016319275,17646000
2013-02-27,0.5835000276565552,0.6158329844474792,0.5803329944610596,0.6066669821739197,0.5520504713058472,12156000
2013-02-28,0.6019999980926514,0.6225000023841858,0.6019999980926514,0.6221669912338257,0.5661548376083374,18894000
2013-03-01,0.5926669836044312,0.6083329916000366,0.5761669874191284,0.6001669764518738,0.5461356043815613,21294000
2013-03-04,0.6031669974327087,0.6053329706192017,0.5835000276565552,0.5976669788360596,0.5438608527183533,10890000
2013-03-05,0.6136670112609863,0.6359999775886536,0.6134999990463257,0.6316670179367065,0.5747998952865601,24552000
2013-03-06,0.6449999809265137,0.6453329920768738,0.6286669969558716,0.6345000267028809,0.5773777961730957,22008000
2013-03-07,0.6411669850349426,0.6524999737739563,0.636667013168335,0.6426669955253601,0.5848096013069153,15654000
2013-03-08,0.6583330035209656,0.6583330035209656,0.6274999976158142,0.6441670060157776,0.5861743092536926,29580000
2013-03-11,0.6408330202102661,0.6493330001831055,0.6291670203208923,0.6471670269966125,0.5889043807983398,9966000
2013-03-12,0.6381670236587524,0.6575000286102295,0.6381670236587524,0.6568329930305481,0.5977000594139099,10350000
2013-03-13,0.6549999713897705,0.6664999723434448,0.6441670060157776,0.6626669764518738,0.6030088663101196,12882000
2013-03-14,0.6698330044746399,0.6813330054283142,0.6668329834938049,0.6718329787254333,0.6113497018814087,10014000
2013-03-15,0.6718329787254333,0.6718329787254333,0.6330000162124634,0.6391670107841492,0.5816246271133423,22080000
2013-03-18,0.6126670241355896,0.6305000185966492,0.6046670079231262,0.613332986831665,0.5581163167953491,22266000
2013-03-19,0.6231669783592224,0.6255000233650208,0.590499997138977,0.6061670184135437,0.5515955090522766,18228000
2013-03-20,0.6200000047683716,0.6333330273628235,0.6179999709129333,0.6299999952316284,0.5732830762863159,21108000
2013-03-21,0.6281669735908508,0.6281669735908508,0.5981670022010803,0.6001669764518738,0.5461356043815613,20580000
2013-03-22,0.6100000143051147,0.6291670203208923,0.6081669926643372,0.6190000176429749,0.5632731318473816,14652000
2013-03-25,0.6320000290870667,0.6414999961853027,0.6060000061988831,0.6158329844474792,0.560391366481781,13764000
2013-03-26,0.6208329796791077,0.6338329911231995,0.6208329796791077,0.6328330039978027,0.5758607983589172,9618000
2013-03-27,0.6225000023841858,0.637499988079071,0.6103330254554749,0.6355000138282776,0.5782876014709473,9366000
2013-03-28,0.6456670165061951,0.6499999761581421,0.6274999976158142,0.6470000147819519,0.5887523889541626,11640000
2013-04-01,0.637499988079071,0.6433330178260803,0.6046670079231262,0.6104999780654907,0.5555384755134583,14892000
2013-04-02,0.628000020980835,0.628000020980835,0.5863329768180847,0.5929999947547913,0.5396140217781067,23736000
2013-04-03,0.6166669726371765,0.6166669726371765,0.5511670112609863,0.5573329925537109,0.5071578025817871,25308000
2013-04-04,0.5580000281333923,0.5799999833106995,0.5461670160293579,0.5786669850349426,0.5265712738037109,17364000
2013-04-05,0.550832986831665,0.5731670260429382,0.5391669869422913,0.5703330039978027,0.5189875364303589,27174000
2013-04-08,0.5641670227050781,0.5913329720497131,0.5569999814033508,0.5913329720497131,0.5380969643592834,14004000
2013-04-09,0.5858330130577087,0.6200000047683716,0.5808330178260803,0.6075000166893005,0.5528085827827454,19890000
2013-04-10,0.613332986831665,0.6488329768180847,0.6129999756813049,0.6464999914169312,0.5882973670959473,29310000
2013-04-11,0.6396669745445251,0.6520000100135803,0.6278330087661743,0.6401669979095459,0.5825346112251282,13578000
2013-04-12,0.6248329877853394,0.6365000009536743,0.6091669797897339,0.630666971206665,0.5738897919654846,11412000
2013-04-15,0.6140000224113464,0.6255000233650208,0.5823330283164978,0.5856670141220093,0.5329409837722778,22998000
2013-04-16,0.6001669764518738,0.6225000023841858,0.5943329930305481,0.6208329796791077,0.5649411678314209,15036000
2013-04-17,0.5966669917106628,0.5966669917106628,0.5521669983863831,0.5596669912338257,0.5092817544937134,26514000
2013-04-18,0.5743330121040344,0.5881670117378235,0.5416669845581055,0.5444999933242798,0.4954801201820373,19272000
2013-04-19,0.5503330230712891,0.5613330006599426,0.5326669812202454,0.5575000047683716,0.5073097944259644,22866000
2013-04-22,0.5616670250892639,0.5808330178260803,0.539667010307312,0.5745000243186951,0.5227792859077454,22254000
2013-04-23,0.5833330154418945,0.6143329739570618,0.5833330154418945,0.6115000247955322,0.5564482808113098,29820000
2013-04-24,0.6004999876022339,0.6393330097198486,0.6004999876022339,0.6334999799728394,0.5764678120613098,17994000
2013-04-25,0.6401669979095459,0.6639999747276306,0.6383330225944519,0.6520000100135803,0.5933023691177368,18084000
2013-04-26,0.6340000033378601,0.6411669850349426,0.6269999742507935,0.6341670155525208,0.5770747661590576,9282000
2013-04-29,0.6333330273628235,0.6608330011367798,0.6333330273628235,0.6558330059051514,0.5967902541160583,10020000
2013-04-30,0.6623330116271973,0.6753330230712891,0.6466670036315918,0.6753330230712891,0.6145346164703369,9654000
2013-05-01,0.6786670088768005,0.6786670088768005,0.6541669964790344,0.6563330292701721,0.5972453355789185,9882000
2013-05-02,0.6716669797897339,0.6865000128746033,0.6585000157356262,0.6834999918937683,0.621966540813446,12612000
2013-05-03,0.7074999809265137,0.7166669964790344,0.7008330225944519,0.7033330202102661,0.6400138735771179,21360000
2013-05-06,0.7170000076293945,0.7260000109672546,0.7081670165061951,0.7174999713897705,0.6529056429862976,17496000
2013-05-07,0.7279999852180481,0.7279999852180481,0.7048329710960388,0.7164999842643738,0.6519955992698669,10182000
2013-05-08,0.7166669964790344,0.7458329796791077,0.7160000205039978,0.7446669936180115,0.6776266098022461,10608000
2013-05-09,0.7448329925537109,0.7664999961853027,0.7419999837875366,0.7565000057220459,0.68839430809021,15090000
2013-05-10,0.7636669874191284,0.7773330211639404,0.7618330121040344,0.777167022228241,0.7072007656097412,12012000
2013-05-13,0.7791669964790344,0.7791669964790344,0.7505000233650208,0.753832995891571,0.6859675049781799,14652000
2013-05-14,0.7599999904632568,0.7699999809265137,0.7515000104904175,0.7653329968452454,0.6964322328567505,11418000
2013-05-15,0.7653329968452454,0.7954999804496765,0.7583330273628235,0.7856670022010803,0.7149355411529541,8250000
2013-05-16,0.7921670079231262,0.7983329892158508,0.7678329944610596,0.7706670165061951,0.7012860774993896,8520000
2013-05-17,0.788332998752594,0.800832986831665,0.7776669859886169,0.7996670007705688,0.7276752591133118,9216000
2013-05-20,0.8041669726371765,0.8091670274734497,0.7904999852180481,0.7951670289039612,0.7235801815986633,16860000
2013-05-21,0.8036670088768005,0.8036670088768005,0.7860000133514404,0.7935000061988831,0.7220634818077087,9300000
2013-05-22,0.8003330230712891,0.8188329935073853,0.7455000281333923,0.7571669816970825,0.6890013813972473,25668000
2013-05-23,0.734499990940094,0.7603330016136169,0.7141669988632202,0.7563329935073853,0.688242495059967,18678000
2013-05-24,0.7416669726371765,0.7561669945716858,0.7333329916000366,0.7561669945716858,0.6880915760993958,6270000
2013-05-28,0.7961670160293579,0.7961670160293579,0.7708330154418945,0.7763329744338989,0.7064419984817505,11004000
2013-05-29,0.7548329830169678,0.793166995048523,0.7548329830169678,0.7858330011367798,0.7150866389274597,5958000
2013-05-30,0.7908329963684082,0.8309999704360962,0.7908329963684082,0.8220000267028809,0.7479975819587708,11388000
2013-05-31,0.8026670217514038,0.8268330097198486,0.7919999957084656,0.7979999780654907,0.7261583209037781,9222000
2013-06-03,0.7948330044746399,0.8184999823570251,0.7713329792022705,0.800000011920929,0.7279782891273499,14388000
2013-06-04,0.8066669702529907,0.8358330130577087,0.7990000247955322,0.8106669783592224,0.7376848459243774,24846000
2013-06-05,0.805666983127594,0.805666983127594,0.7701669931411743,0.7730000019073486,0.7034088969230652,13428000
2013-06-06,0.7718330025672913,0.7886670231819153,0.7465000152587891,0.7670000195503235,0.6979493498802185,11610000
2013-06-07,0.781499981880188,0.8050000071525574,0.765500009059906,0.8036670088768005,0.7313151359558105,11730000
2013-06-10,0.8165000081062317,0.8209999799728394,0.7973330020904541,0.816332995891571,0.7428408861160278,10980000
2013-06-11,0.7991669774055481,0.7994999885559082,0.7613329887390137,0.7641670107841492,0.695371150970459,16632000
2013-06-12,0.7829999923706055,0.7878329753875732,0.7335000038146973,0.7361670136451721,0.669891893863678,17346000
2013-06-13,0.7319999933242798,0.7838330268859863,0.7285000085830688,0.7806670069694519,0.7103857398033142,14190000
2013-06-14,0.7973330020904541,0.7998329997062683,0.7676669955253601,0.7721670269966125,0.7026510238647461,8658000
2013-06-17,0.7928329706192017,0.8201670050621033,0.7928329706192017,0.8053330183029175,0.7328311204910278,12372000
2013-06-18,0.8228330016136169,0.8476669788360596,0.8084999918937683,0.8445000052452087,0.7684720754623413,15378000
2013-06-19,0.8458330035209656,0.8560000061988831,0.8144999742507935,0.8169999718666077,0.7434476017951965,16416000
2013-06-20,0.7864999771118164,0.7864999771118164,0.7329999804496765,0.7408329844474792,0.6741378903388977,19248000
2013-06-21,0.742667019367218,0.7633330225944519,0.7193329930305481,0.7465000152587891,0.6792945861816406,19020000
2013-06-24,0.7174999713897705,0.7311670184135437,0.6833329796791077,0.7001670002937317,0.6371330618858337,22710000
2013-06-25,0.718999981880188,0.7558330297470093,0.7171670198440552,0.7519999742507935,0.6842995285987854,13842000
2013-06-26,0.7738329768180847,0.7761669754981995,0.7483329772949219,0.761667013168335,0.6930962800979614,11466000
2013-06-27,0.7833330035209656,0.791333019733429,0.7701669931411743,0.7716670036315918,0.7021958231925964,11340000
2013-06-28,0.7736669778823853,0.7923330068588257,0.7524999976158142,0.7820000052452087,0.7115986943244934,11352000
2013-07-01,0.7878329753875732,0.8013330101966858,0.7738329768180847,0.7761669754981995,0.7062907814979553,8286000
2013-07-02,0.7761669754981995,0.8016669750213623,0.7626670002937317,0.7781670093536377,0.7081105709075928,12954000
2013-07-03,0.7549999952316284,0.800000011920929,0.7549999952316284,0.7904999852180481,0.7193335294723511,6444000
2013-07-05,0.8050000071525574,0.8246669769287109,0.7941669821739197,0.8213329911231995,0.7473906874656677,11562000
2013-07-08,0.8418329954147339,0.8418329954147339,0.7645000219345093,0.7724999785423279,0.7029539942741394,29700000
2013-07-09,0.7933329939842224,0.8031669855117798,0.7876669764518738,0.7963330149650574,0.7246413230895996,10788000
2013-07-10,0.7943329811096191,0.8278329968452454,0.7938330173492432,0.8236669898033142,0.7495144605636597,14016000
2013-07-11,0.8585000038146973,0.8769999742507935,0.8489999771118164,0.8761669993400574,0.7972881197929382,13638000
2013-07-12,0.8833330273628235,0.8948330283164978,0.8761669993400574,0.8911669850349426,0.8109377026557922,8298000
2013-07-15,0.8983330130577087,0.8983330130577087,0.8846669793128967,0.890999972820282,0.8107857704162598,8160000
2013-07-16,0.8856670260429382,0.9113330245018004,0.8843330144882202,0.8983330130577087,0.8174585700035095,11532000
2013-07-17,0.9110000133514404,0.9113330245018004,0.8933330178260803,0.9006670117378235,0.819582462310791,13026000
2013-07-18,0.9076669812202454,0.9076669812202454,0.8688330054283142,0.8783329725265503,0.7992590069770813,14046000
2013-07-19,0.8640000224113464,0.8730000257492065,0.8476669788360596,0.8730000257492065,0.7944062948226929,12150000
2013-07-22,0.8791670203208923,0.8791670203208923,0.8554999828338623,0.8666669726371765,0.788643479347229,6804000
2013-07-23,0.8669999837875366,0.8934999704360962,0.8531669974327087,0.8571670055389404,0.7799987196922302,13200000
2013-07-24,0.8666669726371765,0.8666669726371765,0.8069999814033508,0.8101670145988464,0.7372298836708069,20934000
2013-07-25,0.7998329997062683,0.8251670002937317,0.7944999933242798,0.8246669769287109,0.7504246234893799,9228000
2013-07-26,0.8230000138282776,0.8230000138282776,0.7891669869422913,0.8023329973220825,0.7301011681556702,10296000
2013-07-29,0.8013330101966858,0.8071669936180115,0.7825000286102295,0.7891669869422913,0.7181203961372375,7278000
2013-07-30,0.7971670031547546,0.8208330273628235,0.7966669797897339,0.815500020980835,0.7420828938484192,7872000
2013-07-31,0.8233330249786377,0.8428329825401306,0.8176670074462891,0.8271669745445251,0.7526993751525879,7854000
2013-08-01,0.8546670079231262,0.8736670017242432,0.8488330245018005,0.871999979019165,0.7934963703155518,11010000
2013-08-02,0.8636670112609863,0.8636670112609863,0.8391669988632202,0.8554999828338623,0.7784817218780518,5070000
2013-08-05,0.8456670045852661,0.8553329706192017,0.843500018119812,0.8514999747276306,0.7748417258262634,3534000
2013-08-06,0.852666974067688,0.852666974067688,0.8245000243186951,0.8341670036315918,0.7590691447257996,4620000
2013-08-07,0.820667028427124,0.8240000009536743,0.7985000014305115,0.8081669807434082,0.7354100942611694,6234000
2013-08-08,0.8211669921875,0.8220000267028809,0.7961670160293579,0.8106669783592224,0.7376848459243774,4242000
2013-08-09,0.8083329796791077,0.8123329877853394,0.7926669716835022,0.7986670136451721,0.7267651557922363,4308000
2013-08-12,0.7868329882621765,0.8144999742507935,0.786666989326477,0.8075000047683716,0.7348031401634216,3732000
2013-08-13,0.8149999976158142,0.8378329873085022,0.7985000014305115,0.8345000147819519,0.7593722343444824,8910000
2013-08-14,0.8165000081062317,0.8183330297470093,0.7928329706192017,0.7973330020904541,0.7255512475967407,12360000
2013-08-15,0.7716670036315918,0.7716670036315918,0.7416669726371765,0.742667019367218,0.6758068203926086,10518000
2013-08-16,0.7425000071525574,0.7714999914169312,0.7381669878959656,0.75,0.6824794411659241,7278000
2013-08-19,0.7398329973220825,0.7590000033378601,0.7341669797897339,0.7348330020904541,0.6686782240867615,6270000
2013-08-20,0.7365000247955322,0.7570000290870667,0.7360000014305115,0.7494999766349792,0.6820245385169983,6636000
2013-08-21,0.7423329949378967,0.7519999742507935,0.7250000238418579,0.7329999804496765,0.6670100688934326,8808000
2013-08-22,0.7409999966621399,0.762499988079071,0.7409999966621399,0.7578330039978027,0.6896074414253235,8454000
2013-08-23,0.765999972820282,0.7684999704360962,0.7455000281333923,0.7583330273628235,0.6900623440742493,9096000
2013-08-26,0.7551670074462891,0.7681670188903809,0.7494999766349792,0.7531669735908508,0.685361385345459,4092000
2013-08-27,0.7250000238418579,0.7278329730033875,0.6938329935073853,0.6970000267028809,0.6342509984970093,16050000
2013-08-28,0.7026669979095459,0.7310000061988831,0.7026669979095459,0.7200000286102295,0.6551806926727295,6834000
2013-08-29,0.7245000004768372,0.7524999976158142,0.7201669812202454,0.7475000023841858,0.6802046895027161,5964000
2013-08-30,0.7459999918937683,0.7490000128746033,0.7195000052452087,0.7269999980926514,0.6615502834320068,7362000
2013-09-03,0.7605000138282776,0.7733330130577087,0.7341669797897339,0.7448329925537109,0.6777777075767517,7626000
2013-09-04,0.7590000033378601,0.8069999814033508,0.7524999976158142,0.8019999861717224,0.7297980785369873,17016000
2013-09-05,0.8084999918937683,0.8253329992294312,0.8063330054283142,0.8208330273628235,0.7469358444213867,5136000
2013-09-06,0.8289999961853027,0.8305000066757202,0.7900000214576721,0.8108329772949219,0.7378360033035278,10566000
2013-09-09,0.8141670227050781,0.8468329906463623,0.8123329877853394,0.8433330059051514,0.7674100399017334,5964000
2013-09-10,0.8623329997062683,0.8916670083999634,0.8619999885559082,0.8901669979095459,0.8100277781486511,10008000
2013-09-11,0.8790000081062317,0.8891670107841492,0.8591669797897339,0.8824999928474426,0.8030509352684021,4254000
2013-09-12,0.8873329758644104,0.8889999985694885,0.863332986831665,0.8671669960021973,0.7890982627868652,3576000
2013-09-13,0.8646669983863831,0.8790000081062317,0.8536670207977295,0.8786669969558716,0.7995631694793701,2934000
2013-09-16,0.9101669788360596,0.9114999771118164,0.8863329887390137,0.8891670107841492,0.8091177940368652,6642000
2013-09-17,0.8941670060157776,0.911666989326477,0.8941670060157776,0.9071670174598694,0.8254974484443665,5118000
2013-09-18,0.9058330059051514,0.9328330159187316,0.8945000171661377,0.9304999709129332,0.8467295169830322,6474000
2013-09-19,0.9350000023841858,0.9458330273628236,0.912500023841858,0.9208329916000366,0.8379329442977905,5850000
2013-09-20,0.9191669821739196,0.936667025089264,0.9020000100135804,0.906000018119812,0.8244354128837585,4320000
2013-09-23,0.9091669917106628,0.921999990940094,0.883167028427124,0.894333004951477,0.8138186931610107,12870000
2013-09-24,0.9049999713897704,0.9229999780654908,0.8941670060157776,0.9123330116271972,0.8301981687545776,5820000
2013-09-25,0.9176669716835022,0.9291669726371764,0.8970000147819519,0.914667010307312,0.8323221206665039,4452000
2013-09-26,0.9268329739570618,0.930167019367218,0.9023330211639404,0.913332998752594,0.8311082720756531,6276000
2013-09-27,0.8998330235481262,0.904332995414734,0.8849999904632568,0.8923329710960388,0.811998724937439,3846000
2013-09-30,0.867667019367218,0.900833010673523,0.8535000085830688,0.8939999938011169,0.8135157227516174,8412000
2013-10-01,0.8998330235481262,0.924166977405548,0.8934999704360962,0.9171670079231262,0.8345969915390015,5850000
2013-10-02,0.8955000042915344,0.915499985218048,0.8955000042915344,0.915499985218048,0.8330800533294678,2394000
2013-10-03,0.9096670150756836,0.9296669960021972,0.8796669840812683,0.908167004585266,0.8264074325561523,4836000
2013-10-04,0.908167004585266,0.935832977294922,0.908167004585266,0.92849999666214,0.8449097871780396,4698000
2013-10-07,0.906832993030548,0.9333329796791076,0.8966670036315918,0.914667010307312,0.8323221206665039,3126000
2013-10-08,0.9164999723434448,0.9221670031547546,0.8606669902801514,0.871167004108429,0.7927383184432983,6852000
2013-10-09,0.8716670274734497,0.8790000081062317,0.831833004951477,0.8600000143051147,0.7825765609741211,7686000
2013-10-10,0.8856670260429382,0.9226670265197754,0.8830000162124634,0.9185000061988832,0.8358100056648254,10824000
2013-10-11,0.9083330035209656,0.9333329796791076,0.899167001247406,0.9269999861717224,0.8435447216033936,6798000
2013-10-14,0.9014999866485596,0.9484999775886536,0.8999999761581421,0.9451670050621032,0.8600763082504272,5442000
2013-10-15,0.9463329911231996,0.9509999752044678,0.9166669845581056,0.9210000038146972,0.8380849361419678,6456000
2013-10-16,0.9269999861717224,0.9495000243186952,0.9225000143051147,0.9471669793128968,0.8618961572647095,4344000
2013-10-17,0.9325000047683716,0.9691669940948486,0.918166995048523,0.9671670198440552,0.8800956606864929,5004000
2013-10-18,0.9778329730033876,0.9778329730033876,0.950833022594452,0.9736670255661012,0.8860107064247131,6288000
2013-10-21,0.9816669821739196,0.986666977405548,0.9716669917106628,0.9851670265197754,0.8964753746986389,4620000
2013-10-22,0.9911670088768004,0.9911670088768004,0.9618330001831056,0.9786670207977296,0.8905603885650635,6168000
2013-10-23,0.9350000023841858,0.9350000023841858,0.8686670064926147,0.8820000290870667,0.8025960326194763,13896000
2013-10-24,0.897333025932312,0.912999987602234,0.897333025932312,0.9035000205039978,0.8221604228019714,5088000
2013-10-25,0.9118329882621764,0.9166669845581056,0.9035000205039978,0.9135000109672546,0.8312601447105408,7236000
2013-10-28,0.913332998752594,0.935832977294922,0.9073330163955688,0.9323329925537108,0.8483977317810059,3276000
2013-10-29,0.9416670203208924,0.9746670126914978,0.9416670203208924,0.9733330011367798,0.8857065439224243,6594000
2013-10-30,0.9785000085830688,0.984833002090454,0.9473329782485962,0.9589999914169312,0.8726639747619629,4176000
2013-10-31,0.9614999890327454,0.992667019367218,0.9601669907569884,0.9753329753875732,0.8875266313552856,6642000
2013-11-01,0.9831669926643372,0.987500011920929,0.9549999833106996,0.964667022228241,0.8778208494186401,4572000
2013-11-04,0.9768329858779908,0.9768329858779908,0.9571670293807985,0.9628329873085022,0.8761518597602844,2082000
2013-11-05,0.941332995891571,0.9656670093536376,0.9304999709129332,0.9541670083999634,0.8682661056518555,3276000
2013-11-06,0.968167006969452,0.9701669812202454,0.9478330016136168,0.9648330211639404,0.8779716491699219,2826000
2013-11-07,0.962000012397766,0.962000012397766,0.9051669836044312,0.9093329906463624,0.82746821641922,7236000
2013-11-08,0.9053329825401306,0.940500020980835,0.8999999761581421,0.9394999742507936,0.8549192547798157,5514000
2013-11-11,0.9304999709129332,0.9416670203208924,0.921999990940094,0.9388329982757568,0.8543124198913574,2082000
2013-11-12,0.9300000071525574,0.9571670293807985,0.9300000071525574,0.9545000195503236,0.868569016456604,4428000
2013-11-13,0.9433330297470092,0.98233300447464,0.9369999766349792,0.9815000295639038,0.8931381702423096,2928000
2013-11-14,0.9808329939842224,0.9808329939842224,0.961667001247406,0.9678329825401306,0.8807017207145691,2946000
2013-11-15,0.9726669788360596,0.9900000095367432,0.9558330178260804,0.986167013645172,0.8973852396011353,3630000
2013-11-18,0.9900000095367432,0.9906669855117798,0.9536669850349426,0.959500014781952,0.8731189966201782,7848000
2013-11-19,0.9648330211639404,0.9661669731140136,0.9235000014305116,0.9259999990463256,0.8426348567008972,6336000
2013-11-20,0.9294999837875366,0.9365000128746032,0.9051669836044312,0.9121670126914978,0.8300470113754272,5040000
2013-11-21,0.9218329787254332,0.9626669883728028,0.9213330149650574,0.9608330130577089,0.8743318915367126,4164000
2013-11-22,0.9573330283164978,0.9661669731140136,0.9481670260429382,0.962499976158142,0.8758488297462463,2322000
2013-11-25,0.9676669836044312,0.9676669836044312,0.941332995891571,0.9591670036315918,0.8728159070014954,3900000
2013-11-26,0.9743329882621764,0.9900000095367432,0.9618330001831056,0.9838330149650574,0.8952612280845642,5604000
2013-11-27,0.9738330245018004,0.996999979019165,0.9670000076293944,0.9966670274734496,0.9069399237632751,4746000
2013-11-29,1.0,1.0093330144882202,0.9936670064926147,0.9965000152587892,0.906787931919098,2976000
2013-12-02,1.0053329467773438,1.006999969482422,0.9871670007705688,0.9911670088768004,0.9019349813461304,5214000
2013-12-03,0.984499990940094,1.0110000371932983,0.9825000166893004,1.0013329982757568,0.9111857414245604,5022000
2013-12-04,0.9971669912338256,1.0083329677581787,0.9683330059051514,0.9886670112609864,0.8996602892875671,2712000
2013-12-05,0.9900000095367432,1.006999969482422,0.9879999756813048,0.9951670169830322,0.9055748581886292,3810000
2013-12-06,1.040166974067688,1.040166974067688,1.0183329582214355,1.0295000076293943,0.936816930770874,4728000
2013-12-09,1.0463329553604126,1.0490000247955322,1.0321669578552246,1.037500023841858,0.9440967440605164,3150000
2013-12-10,1.034000039100647,1.0421669483184814,1.0178329944610596,1.0286669731140137,0.9360588192939758,1938000
2013-12-11,1.0325000286102295,1.0360000133514404,0.9941669702529908,0.998332977294922,0.9084557890892028,3504000
2013-12-12,0.9953330159187316,1.001667022705078,0.9695000052452089,0.9731670022010804,0.885555624961853,4140000
2013-12-13,0.9833329916000366,0.9890000224113464,0.961667001247406,0.9679999947547911,0.8808536529541016,4620000
2013-12-16,0.9890000224113464,1.0246670246124268,0.9890000224113464,1.006999969482422,0.916342556476593,3594000
2013-12-17,1.006999969482422,1.0455000400543213,1.006999969482422,1.0383330583572388,0.9448548555374146,5094000
2013-12-18,1.0405000448226929,1.0618330240249634,0.9923329949378968,1.059000015258789,0.9636611342430116,6684000
2013-12-19,1.057332992553711,1.057332992553711,1.0261670351028442,1.0399999618530271,0.9463714361190796,3366000
2013-12-20,1.0399999618530271,1.075166940689087,1.0399999618530271,1.066499948501587,0.970486044883728,7314000
2013-12-23,1.0859999656677246,1.0971670150756836,1.0773329734802246,1.093000054359436,0.994600236415863,4920000
2013-12-24,1.1013330221176147,1.1130000352859497,1.0950000286102295,1.1059999465942385,1.0064300298690796,2052000
2013-12-26,1.1116670370101929,1.121000051498413,1.1053329706192017,1.1161669492721558,1.0156816244125366,4362000
2013-12-27,1.1195000410079956,1.1265000104904177,1.1108330488204956,1.1131670475006104,1.0129512548446655,2088000
2013-12-30,1.1078330278396606,1.1286669969558716,1.1078330278396606,1.1216670274734497,1.020686388015747,2718000
2013-12-31,1.1291669607162476,1.151332974433899,1.1291669607162476,1.150333046913147,1.0467714071273804,4722000
2014-01-02,1.1286669969558716,1.1286669969558716,1.0873329639434814,1.098667025566101,0.9997571706771852,7344000
2014-01-03,1.1035000085830688,1.1035000085830688,1.0785000324249268,1.0946669578552246,0.9961172342300416,4176000
2014-01-06,1.100499987602234,1.100499987602234,1.0691670179367063,1.0740000009536743,0.9773108959197998,3546000
2014-01-07,1.0836670398712158,1.1028330326080322,1.0798330307006836,1.0989999771118164,1.0000598430633545,2796000
2014-01-08,1.1239999532699585,1.149999976158142,1.1166670322418213,1.1475000381469729,1.0441938638687134,4404000
2014-01-09,1.159000039100647,1.159000039100647,1.1101670265197754,1.1231670379638672,1.0220518112182615,2556000
2014-01-10,1.123332977294922,1.1416670083999634,1.1211669445037842,1.1368329524993896,1.034487247467041,2616000
2014-01-13,1.13100004196167,1.1419999599456787,1.087499976158142,1.0963330268859863,0.9976332187652588,5268000
2014-01-14,1.1013330221176147,1.1741670370101929,1.0971670150756836,1.171666979789734,1.0661852359771729,8208000
2014-01-15,1.18483304977417,1.2113330364227295,1.1816669702529907,1.2013330459594729,1.0931802988052368,5568000
2014-01-16,1.1983330249786377,1.2016669511795044,1.1749999523162842,1.1813329458236694,1.0749809741973877,6768000
2014-01-17,1.1670000553131104,1.185333013534546,1.153499960899353,1.1610000133514404,1.0564783811569214,4092000
2014-01-21,1.1759999990463257,1.1841670274734497,1.154332995414734,1.1838330030441284,1.0772557258605957,5472000
2014-01-22,1.1838330030441284,1.225000023841858,1.1755000352859497,1.2243330478668213,1.1141096353530884,3648000
2014-01-23,1.189666986465454,1.2018330097198486,1.1619999408721924,1.1826670169830322,1.0761948823928833,6252000
2014-01-24,1.1613329648971558,1.1668330430984497,1.0980000495910645,1.099666953086853,1.0006669759750366,8844000
2014-01-27,1.113332986831665,1.113832950592041,1.058500051498413,1.0786670446395874,0.9815577268600464,8034000
2014-01-28,1.070667028427124,1.0973329544067385,1.057332992553711,1.091832995414734,0.9935382604599,4476000
2014-01-29,1.0709999799728394,1.1073329448699951,1.0709999799728394,1.0765000581741333,0.9795856475830078,6654000
2014-01-30,1.1023329496383667,1.1278330087661743,1.0958329439163208,1.1183329820632937,1.0176525115966797,5076000
2014-01-31,1.084833025932312,1.1169999837875366,1.0720000267028809,1.10099995136261,1.001880168914795,3480000
2014-02-03,1.0985000133514404,1.0985000133514404,1.0221669673919678,1.031499981880188,0.9386367797851562,7428000
2014-02-04,1.0323330163955688,1.0403330326080322,1.0161670446395874,1.033167004585266,0.9401538968086244,6804000
2014-02-05,1.027500033378601,1.0511670112609863,1.0023330450057983,1.0373330116271973,0.9439446330070496,4200000
2014-02-06,1.0544999837875366,1.0933330059051514,1.0536669492721558,1.0866669416427612,0.9888373017311096,7758000
2014-02-07,1.1015000343322754,1.1423330307006836,1.0893330574035645,1.1391669511795044,1.0366109609603882,7098000
2014-02-10,1.1323330402374268,1.1614999771118164,1.1318329572677612,1.1566669940948486,1.052535891532898,4908000
2014-02-11,1.1623330116271973,1.2096669673919678,1.159000039100647,1.2008329629898071,1.092725396156311,6120000
2014-02-12,1.2200000286102295,1.2403329610824585,1.2136670351028442,1.23466694355011,1.1235134601593018,8586000
2014-02-13,1.2130000591278076,1.2790000438690186,1.2093329429626465,1.2790000438690186,1.1638551950454712,5844000
2014-02-14,1.278833031654358,1.3049999475479126,1.2625000476837158,1.3001669645309448,1.183116793632507,7818000
2014-02-18,1.317667007446289,1.317667007446289,1.2833329439163208,1.3106670379638672,1.192671537399292,5424000
2014-02-19,1.3051669597625732,1.3265000581741333,1.296833038330078,1.3076670169830322,1.1899415254592896,4584000
2014-02-20,1.310333013534546,1.3416670560836792,1.303500056266785,1.3385000228881836,1.2179986238479614,5178000
2014-02-21,1.3438329696655271,1.351667046546936,1.3061670064926147,1.318166971206665,1.199496150016785,5064000
2014-02-24,1.337499976158142,1.3583329916000366,1.3285000324249268,1.3333330154418943,1.2132964134216309,4512000
2014-02-25,1.328166961669922,1.3386670351028442,1.2918330430984497,1.3138329982757568,1.1955523490905762,6354000
2014-02-26,1.3226670026779177,1.3678330183029177,1.3226670026779177,1.3393330574035645,1.2187563180923462,5082000
2014-02-27,1.3333330154418943,1.346500039100647,1.310333013534546,1.337499976158142,1.21708881855011,3162000
2014-02-28,1.3481669425964355,1.3508330583572388,1.3070000410079956,1.3333330154418943,1.2132964134216309,4836000
2014-03-03,1.2934999465942385,1.3200000524520874,1.2725000381469729,1.3114999532699585,1.1934293508529663,8346000
2014-03-04,1.3518329858779907,1.3848329782485962,1.3513330221176147,1.3795000314712524,1.25530743598938,7014000
2014-03-05,1.3795000314712524,1.399999976158142,1.3718329668045044,1.3881670236587524,1.26319420337677,3366000
2014-03-06,1.399999976158142,1.4213329553604126,1.3851670026779177,1.4198329448699951,1.2920095920562744,3126000
2014-03-07,1.4331669807434082,1.4368330240249634,1.3996670246124268,1.4131669998168943,1.285943627357483,3978000
2014-03-10,1.4016669988632202,1.422333002090454,1.3849999904632568,1.4041670560836792,1.2777539491653442,1980000
2014-03-11,1.418166995048523,1.4275000095367432,1.3701670169830322,1.3818329572677612,1.2574304342269895,2088000
2014-03-12,1.3601670265197754,1.4166669845581057,1.3535000085830688,1.4166669845581057,1.289128661155701,2508000
2014-03-13,1.4316669702529907,1.4381669759750366,1.3229999542236328,1.3458329439163208,1.2246711254119873,5796000
2014-03-14,1.3333330154418943,1.3583329916000366,1.3218330144882202,1.3244999647140503,1.2052587270736694,3678000
2014-03-17,1.3523329496383667,1.3851670026779177,1.3493330478668213,1.371999979019165,1.2484827041625977,4002000
2014-03-18,1.3878329992294312,1.4326670169830322,1.3713330030441284,1.430500030517578,1.3017163276672363,8142000
2014-03-19,1.432832956314087,1.4570000171661377,1.400333046913147,1.4273329973220823,1.298834204673767,6624000
2014-03-20,1.4046670198440552,1.5084999799728394,1.4046670198440552,1.5076669454574585,1.3719358444213867,6588000
2014-03-21,1.5255000591278076,1.5271669626235962,1.4559999704360962,1.468000054359436,1.3358397483825684,7470000
2014-03-24,1.4896670579910278,1.4896670579910278,1.4136669635772705,1.4498330354690552,1.319308876991272,9888000
2014-03-25,1.4609999656677246,1.505167007446289,1.456833004951477,1.4798330068588257,1.3466079235076904,6858000
2014-03-26,1.5099999904632568,1.5333329439163208,1.4326670169830322,1.434999942779541,1.3058112859725952,8124000
2014-03-27,1.42283296585083,1.4478329420089722,1.3893330097198486,1.399500012397766,1.273506760597229,5778000
2014-03-28,1.4149999618530271,1.4616669416427612,1.4083329439163208,1.4296669960021973,1.3009580373764038,4116000
2014-03-31,1.4631669521331787,1.5095000267028809,1.4550000429153442,1.4984999895095823,1.3635942935943604,9546000
2014-04-01,1.5308330059051514,1.56850004196167,1.5148329734802246,1.56850004196167,1.4272922277450562,8106000
2014-04-02,1.5833330154418943,1.5833330154418943,1.536167025566101,1.5586669445037842,1.418344259262085,7266000
2014-04-03,1.5666669607162476,1.6118329763412476,1.5446670055389404,1.5679999589920044,1.4268372058868408,6804000
2014-04-04,1.6108330488204956,1.6108330488204956,1.4303330183029177,1.4361670017242432,1.306873083114624,15960000
2014-04-07,1.411666989326477,1.4591670036315918,1.370332956314087,1.3964999914169312,1.2707769870758057,9858000
2014-04-08,1.4083329439163208,1.453832983970642,1.4006669521331787,1.4488329887390137,1.3183984756469729,5208000
2014-04-09,1.4786670207977295,1.5001670122146606,1.4500000476837158,1.4954999685287476,1.3608641624450684,7512000
2014-04-10,1.5006669759750366,1.5019999742507937,1.3533329963684082,1.3576669692993164,1.2354398965835571,11070000
2014-04-11,1.3166669607162476,1.3686670064926147,1.2823330163955688,1.2928329706192017,1.1764428615570068,9384000
2014-04-14,1.3228329420089722,1.3454999923706057,1.28849995136261,1.3231669664382937,1.2040457725524902,5760000
2014-04-15,1.337499976158142,1.3619999885559082,1.2799999713897705,1.350499987602234,1.2289183139801023,6870000
2014-04-16,1.37766695022583,1.37766695022583,1.286666989326477,1.3426669836044312,1.2217901945114136,5334000
2014-04-17,1.3396669626235962,1.4376670122146606,1.3396669626235962,1.4201669692993164,1.2923134565353394,10782000
2014-04-21,1.4256670475006104,1.4586670398712158,1.4018330574035645,1.4576669931411743,1.32643723487854,6312000
2014-04-22,1.4666670560836792,1.5099999904632568,1.4579999446868896,1.4993330240249634,1.364352464675903,5940000
2014-04-23,1.503999948501587,1.5141669511795044,1.4804999828338623,1.4931670427322388,1.3587414026260376,2610000
2014-04-24,1.5323330163955688,1.5323330163955688,1.459833025932312,1.516332983970642,1.3798216581344604,6888000
2014-04-25,1.4780000448226929,1.4780000448226929,1.36033296585083,1.3696670532226562,1.2463600635528564,12810000
2014-04-28,1.3791669607162476,1.404332995414734,1.2918330430984497,1.3446669578552246,1.223610281944275,7662000
2014-04-29,1.3636670112609863,1.3854999542236328,1.338832974433899,1.3691669702529907,1.2459050416946411,3888000
2014-04-30,1.3545000553131104,1.3968329429626465,1.3538329601287842,1.3968329429626465,1.2710801362991333,4680000
2014-05-01,1.39900004863739,1.435333013534546,1.3758330345153809,1.3830000162124634,1.2584922313690186,4398000
2014-05-02,1.369832992553711,1.4123330116271973,1.369832992553711,1.391332983970642,1.2660751342773438,4212000
2014-05-05,1.3763329982757568,1.4088330268859863,1.3571670055389404,1.3980000019073486,1.2721418142318726,2844000
2014-05-06,1.4041670560836792,1.421666979789734,1.3808330297470093,1.3813329935073853,1.2569752931594849,2064000
2014-05-07,1.394333004951477,1.3993330001831057,1.3488329648971558,1.383999943733215,1.2594022750854492,3090000
2014-05-08,1.371500015258789,1.470667004585266,1.3711669445037842,1.4123330116271973,1.2851845026016235,7788000
2014-05-09,1.4079999923706057,1.411167025566101,1.3701670169830322,1.400833010673523,1.2747199535369873,2988000
2014-05-12,1.4093329906463623,1.481166958808899,1.4093329906463623,1.476667046546936,1.3437269926071167,9942000
2014-05-13,1.4880000352859497,1.4893330335617063,1.442167043685913,1.444000005722046,1.3140006065368652,4584000
2014-05-14,1.4329999685287476,1.4428329467773438,1.4049999713897705,1.4071669578552246,1.280483961105347,3846000
2014-05-15,1.3949999809265137,1.406499981880188,1.3255000114440918,1.3578330278396606,1.2355912923812866,8310000
2014-05-16,1.3554999828338623,1.4045000076293943,1.3515000343322754,1.3980000019073486,1.2721418142318726,3402000
2014-05-19,1.3928329944610596,1.454332947731018,1.3928329944610596,1.4428329467773438,1.3129390478134155,4440000
2014-05-20,1.4441670179367063,1.456833004951477,1.399999976158142,1.4225000143051147,1.2944364547729492,3666000
2014-05-21,1.4366669654846191,1.4553329944610596,1.4220000505447388,1.4429999589920044,1.3130908012390137,4350000
2014-05-22,1.45283305644989,1.4800000190734863,1.4473329782485962,1.4641669988632202,1.3323519229888916,4740000
2014-05-23,1.462833046913147,1.5061670541763306,1.4578330516815186,1.503499984741211,1.368144154548645,7674000
2014-05-27,1.545667052268982,1.5609999895095823,1.5219999551773071,1.5609999895095823,1.4204676151275637,6498000
2014-05-28,1.5748330354690552,1.5798330307006836,1.5429999828338623,1.565999984741211,1.4250173568725586,4740000
2014-05-29,1.5696669816970823,1.593999981880188,1.5668330192565918,1.5756670236587524,1.4338141679763794,3030000
2014-05-30,1.574167013168335,1.5881669521331787,1.5638329982757568,1.5821670293807983,1.439728856086731,2382000
2014-06-02,1.60966694355011,1.6208330392837524,1.5674999952316284,1.6078330278396606,1.4630842208862305,3918000
2014-06-03,1.609166979789734,1.6588330268859863,1.6008330583572388,1.6531670093536377,1.504336953163147,6246000
2014-06-04,1.653499960899353,1.6825000047683716,1.6365000009536743,1.6756670475006104,1.5248115062713623,4044000
2014-06-05,1.685832977294922,1.7141669988632202,1.6558330059051514,1.6988329887390137,1.5458918809890747,6264000
2014-06-06,1.710832953453064,1.7354999780654907,1.7046669721603394,1.724166989326477,1.568945050239563,6654000
2014-06-09,1.7330000400543213,1.7654999494552612,1.7283329963684082,1.7365000247955322,1.5801678895950315,6924000
2014-06-10,1.7398329973220823,1.7553329467773438,1.7141669988632202,1.7538330554962158,1.595940113067627,4128000
2014-06-11,1.737833023071289,1.7976670265197754,1.737833023071289,1.779332995414734,1.6191445589065552,4884000
2014-06-12,1.778833031654358,1.7948329448699951,1.7403329610824585,1.7608330249786377,1.602310299873352,6840000
2014-06-13,1.8109999895095823,1.829167008399964,1.7813329696655271,1.8108329772949217,1.6478084325790403,6210000
2014-06-16,1.816166996955872,1.8546669483184808,1.8023329973220823,1.8446669578552248,1.6785968542099,7470000
2014-06-17,1.8508330583572388,1.8933329582214355,1.838667035102844,1.886167049407959,1.7163606882095337,6432000
2014-06-18,1.891167044639588,1.89283299446106,1.816333055496216,1.8634999990463257,1.6957343816757202,9090000
2014-06-19,1.880332946777344,1.883167028427124,1.8316669464111328,1.8686670064926147,1.700436234474182,7944000
2014-06-20,1.8721669912338257,1.8849999904632568,1.8578330278396609,1.8849999904632568,1.715298771858215,4170000
2014-06-23,1.8926670551300049,1.8926670551300049,1.8585000038146973,1.8641669750213623,1.6963412761688232,6738000
2014-06-24,1.8536670207977293,1.9041670560836792,1.807500004768372,1.8226670026779173,1.6585773229599,9162000
2014-06-25,1.8083330392837524,1.848832964897156,1.7843329906463623,1.8423329591751096,1.6764729022979736,6300000
2014-06-26,1.8308329582214355,1.8453329801559448,1.7764999866485596,1.8188329935073853,1.6550885438919067,5352000
2014-06-27,1.8051669597625728,1.8274999856948853,1.796167016029358,1.8274999856948853,1.662975192070007,2694000
2014-06-30,1.829167008399964,1.8899999856948853,1.829167008399964,1.8846670389175413,1.7149956226348877,4662000
2014-07-01,1.898332953453064,1.9881670475006104,1.898332953453064,1.9623329639434808,1.7856696844100952,9978000
2014-07-02,1.978832960128784,1.985833048820496,1.9585000276565552,1.977167010307312,1.7991687059402466,5664000
2014-07-03,1.9816670417785645,2.0246670246124268,1.9816670417785645,2.0169999599456787,1.8354148864746087,3942000
2014-07-07,2.0169999599456787,2.022666931152344,1.9643330574035645,1.9748330116271973,1.7970443964004517,8154000
2014-07-08,1.963500022888184,1.9761669635772705,1.887166976928711,1.945000052452088,1.7698971033096311,10506000
2014-07-09,1.9605000019073489,1.9850000143051147,1.914999961853028,1.978832960128784,1.800684094429016,6528000
2014-07-10,1.892333030700684,1.9744999408721924,1.871999979019165,1.9503329992294312,1.7747498750686646,6774000
2014-07-11,1.9606670141220093,1.968999981880188,1.9268330335617063,1.954167008399964,1.7782390117645264,3882000
2014-07-14,1.9904999732971191,2.002000093460083,1.965000033378601,1.9804999828338623,1.802201271057129,7164000
2014-07-15,1.9986670017242432,1.9988329410552976,1.909667015075684,1.9648330211639404,1.7879445552825928,6828000
2014-07-16,2.010499954223633,2.0358328819274902,1.995332956314087,2.0328330993652344,1.8498228788375848,5760000
2014-07-17,1.9845000505447388,1.9845000505447388,1.865167021751404,1.8758330345153809,1.7069573402404783,12642000
2014-07-18,1.899999976158142,1.95466697216034,1.8869999647140503,1.9493329524993896,1.773839831352234,5280000
2014-07-21,1.949167013168335,1.9761669635772705,1.9316669702529907,1.9653329849243164,1.7883996963500977,3408000
2014-07-22,2.000166893005371,2.015166997909546,1.975000023841858,2.0028328895568848,1.82252299785614,4308000
2014-07-23,1.982499957084656,1.982499957084656,1.861999988555908,1.8645000457763672,1.6966444253921509,12192000
2014-07-24,1.8645000457763672,1.8666670322418213,1.8111670017242432,1.817332983016968,1.6537237167358398,9876000
2014-07-25,1.7816669940948486,1.7816669940948486,1.6913330554962158,1.7079999446868896,1.554233431816101,10626000
2014-07-28,1.713333010673523,1.7136670351028442,1.63966703414917,1.7024999856948853,1.5492284297943115,8148000
2014-07-29,1.7135000228881836,1.7426669597625732,1.692167043685913,1.6946669816970823,1.5421006679534912,5832000
2014-07-30,1.7238329648971558,1.7583329677581787,1.71150004863739,1.7446670532226562,1.587599277496338,5922000
2014-07-31,1.6911669969558716,1.6993329524993896,1.6143330335617063,1.6263329982757568,1.4799189567565918,9606000
2014-08-01,1.6166670322418213,1.6816669702529907,1.6100000143051147,1.6506669521331787,1.5020620822906494,9360000
2014-08-04,1.6644999980926514,1.6866669654846191,1.625,1.6713329553604126,1.5208675861358645,4602000
2014-08-05,1.6468329429626465,1.6746670007705688,1.600000023841858,1.621500015258789,1.4755209684371948,6888000
2014-08-06,1.597000002861023,1.668166995048523,1.5936670303344729,1.6360000371932983,1.488715648651123,8052000
2014-08-07,1.670667052268982,1.6766669750213623,1.5583330392837524,1.5718330144882202,1.430325627326965,7098000
2014-08-08,1.587499976158142,1.628999948501587,1.5779999494552612,1.624500036239624,1.4782508611679075,6456000
2014-08-11,1.6481670141220093,1.6998330354690552,1.6481670141220093,1.6734999418258667,1.5228395462036133,7698000
2014-08-12,1.6638330221176147,1.687167048454285,1.6241669654846191,1.6671669483184814,1.5170763731002808,5640000
2014-08-13,1.6821670532226562,1.7151670455932615,1.6773329973220823,1.7151670455932615,1.5607551336288452,5910000
2014-08-14,1.7166670560836792,1.7345000505447388,1.7089999914169312,1.7243330478668213,1.569096565246582,4776000
2014-08-15,1.7595000267028809,1.7976670265197754,1.718999981880188,1.776332974433899,1.6164146661758425,7260000
2014-08-18,1.7984999418258667,1.8025000095367432,1.7623330354690552,1.799833059310913,1.6377991437911987,6054000
2014-08-19,1.8058329820632928,1.847499966621399,1.8058329820632928,1.838333010673523,1.6728332042694092,4548000
2014-08-20,1.838333010673523,1.89300000667572,1.831833004951477,1.88349997997284,1.713934063911438,4878000
2014-08-21,1.8898329734802248,1.91083300113678,1.8731670379638672,1.9084999561309808,1.7366832494735718,4374000
2014-08-22,1.9161670207977293,1.93483304977417,1.887666940689087,1.9126670360565183,1.7404749393463137,6348000
2014-08-25,1.950500011444092,1.950500011444092,1.880332946777344,1.8895000219345093,1.719393610954285,6822000
2014-08-26,1.8851670026779173,1.9114999771118164,1.8851670026779173,1.891167044639588,1.7209103107452393,3456000
2014-08-27,1.890166997909546,1.9071669578552248,1.8654999732971191,1.90149998664856,1.730313062667847,3738000
2014-08-28,1.88349997997284,1.942167043685913,1.8643330335617063,1.942167043685913,1.7673189640045166,3102000
2014-08-29,1.9524999856948853,1.9816670417785645,1.939167022705078,1.963667035102844,1.7868833541870115,5214000
2014-09-02,1.976500034332276,1.976500034332276,1.9118330478668213,1.937167048454285,1.7627694606781006,4158000
2014-09-03,1.9718329906463623,1.9781670570373533,1.939167022705078,1.954167008399964,1.7782390117645264,3906000
2014-09-04,1.9651670455932613,2.0148329734802246,1.95550000667572,1.9691669940948489,1.7918883562088013,6786000
2014-09-05,1.9665000438690183,2.018666982650757,1.9643330574035645,2.018666982650757,1.8369319438934328,8496000
2014-09-08,2.018666982650757,2.064832925796509,2.009999990463257,2.0311670303344727,1.84830641746521,5826000
2014-09-09,2.031332969665528,2.0374999046325684,1.9691669940948489,1.9773329496383667,1.799319624900818,4278000
2014-09-10,1.976667046546936,1.9876669645309448,1.936833024024964,1.9753329753875728,1.7974990606307983,7584000
2014-09-11,1.9574999809265137,1.9913330078125,1.9291670322418213,1.9903329610824585,1.811148881912232,4134000
2014-09-12,1.9756669998168943,1.9756669998168943,1.899999976158142,1.9133330583572388,1.7410808801651,5574000
2014-09-15,1.9216669797897337,1.928333044052124,1.8415000438690183,1.843500018119812,1.677534818649292,7626000
2014-09-16,1.83650004863739,1.9470000267028809,1.8320000171661377,1.939167022705078,1.7645893096923828,6174000
2014-09-17,1.946499943733216,2.016666889190674,1.946499943733216,1.9850000143051147,1.806296229362488,8154000
2014-09-18,2.013499975204468,2.0703330039978027,1.9928330183029173,2.0703330039978027,1.883946657180786,6774000
2014-09-19,2.087500095367432,2.0931670665740967,1.9850000143051147,1.9963330030441284,1.8166087865829468,6696000
2014-09-22,1.978332996368408,1.9866670370101929,1.9123330116271973,1.923333048820496,1.7501808404922483,8310000
2014-09-23,1.89283299446106,1.953832983970642,1.879166960716248,1.9083329439163208,1.7365312576293943,5520000
2014-09-24,1.9221669435501096,1.980167031288147,1.9171669483184808,1.9768329858779907,1.798864245414734,4500000
2014-09-25,1.9723329544067385,1.9723329544067385,1.8511669635772705,1.869832992553711,1.7014973163604736,8892000
2014-09-26,1.8980000019073489,1.9511669874191284,1.8960000276565552,1.93483304977417,1.7606455087661743,5322000
2014-09-29,1.87483298778534,1.96150004863739,1.86566698551178,1.9429999589920044,1.7680774927139282,4182000
2014-09-30,1.9461669921875,1.9483330249786377,1.875,1.8945000171661377,1.7239437103271484,5490000
2014-10-01,1.8858330249786377,1.8858330249786377,1.7424999475479126,1.7563329935073853,1.5982152223587036,13020000
2014-10-02,1.748332977294922,1.748332977294922,1.6318329572677612,1.727167010307312,1.571675181388855,17538000
2014-10-03,1.7790000438690186,1.7916669845581057,1.7300000190734863,1.7533329725265503,1.5954853296279907,10464000
2014-10-06,1.774500012397766,1.7755000591278076,1.6773329973220823,1.7109999656677246,1.5569634437561035,7080000
2014-10-07,1.6941670179367063,1.7044999599456787,1.6148329973220823,1.6148329973220823,1.469454288482666,6960000
2014-10-08,1.619832992553711,1.7300000190734863,1.5708329677581787,1.7213330268859863,1.566366195678711,11916000
2014-10-09,1.7166670560836792,1.7166670560836792,1.5789999961853027,1.5835000276565552,1.4409421682357788,11388000
2014-10-10,1.454332947731018,1.454332947731018,1.2136670351028442,1.2553329467773438,1.1423190832138062,57942000
2014-10-13,1.2601670026779177,1.3026670217514038,1.1741670370101929,1.1741670370101929,1.0684601068496704,18840000
2014-10-14,1.2366670370101929,1.3049999475479126,1.2071670293807983,1.2404999732971191,1.1288212537765503,30090000
2014-10-15,1.1740000247955322,1.2833329439163208,1.1446670293807983,1.2568329572677612,1.1436840295791626,41124000
2014-10-16,1.2024999856948853,1.3421670198440552,1.1916669607162476,1.311332941055298,1.1932770013809204,31764000
2014-10-17,1.3875000476837158,1.4093329906463623,1.335832953453064,1.3433330059051514,1.2223963737487793,43908000
2014-10-20,1.3359999656677246,1.4101669788360596,1.317167043685913,1.4068330526351929,1.2801798582077026,16344000
2014-10-21,1.4596669673919678,1.565000057220459,1.4423329830169678,1.55983304977417,1.419405460357666,22548000
2014-10-22,1.5896669626235962,1.6066670417785645,1.4919999837875366,1.4950000047683716,1.360409379005432,32538000
2014-10-23,1.54783296585083,1.5839999914169312,1.53849995136261,1.5596669912338257,1.4192547798156738,17814000
2014-10-24,1.5583330392837524,1.616832971572876,1.5583330392837524,1.6100000143051147,1.4650561809539795,15600000
2014-10-27,1.5835000276565552,1.6365000009536743,1.562832951545715,1.6265000104904177,1.4800708293914795,24660000
2014-10-28,1.6460000276565552,1.6990000009536743,1.6353329420089722,1.6973329782485962,1.5445269346237185,18132000
2014-10-29,1.690000057220459,1.7200000286102295,1.64900004863739,1.7074999809265137,1.5537785291671753,24510000
2014-10-30,1.6936670541763306,1.6936670541763306,1.5806670188903809,1.6498329639434814,1.5013030767440796,17796000
2014-10-31,1.7791670560836792,1.863832950592041,1.7791670560836792,1.8416670560836792,1.675866961479187,30552000
2014-11-03,1.8731670379638672,1.9043329954147337,1.8415000438690183,1.8758330345153809,1.7069573402404783,12402000
2014-11-04,1.8589999675750728,1.890166997909546,1.8135000467300413,1.860167026519776,1.6927014589309692,8046000
2014-11-05,1.899999976158142,1.9191670417785645,1.8485000133514404,1.914999961853028,1.742597579956055,13212000
2014-11-06,1.885332942008972,1.896167039871216,1.8274999856948853,1.866166949272156,1.698161244392395,11454000
2014-11-07,1.866166949272156,1.878000020980835,1.7661670446395874,1.8113329410552976,1.648263454437256,16014000
2014-11-10,1.82783305644989,1.860666990280152,1.802167057991028,1.8523329496383667,1.6855725049972534,3756000
2014-11-11,1.86566698551178,1.86566698551178,1.821333050727844,1.8361669778823853,1.6708619594573977,4548000
2014-11-12,1.8116669654846191,1.840000033378601,1.803333044052124,1.8328330516815183,1.66782808303833,3774000
2014-11-13,1.847167015075684,1.8910000324249268,1.816666960716248,1.8359999656677248,1.6707100868225098,7716000
2014-11-14,1.8191670179367063,1.8860000371932983,1.7948329448699951,1.8811670541763303,1.71181058883667,9924000
2014-11-17,1.8583329916000368,1.870499968528748,1.8093329668045044,1.8568329811096191,1.689667582511902,10320000
2014-11-18,1.8650000095367432,1.9796669483184808,1.8650000095367432,1.96416699886322,1.787338376045227,10830000
2014-11-19,1.9686670303344729,1.9748330116271973,1.897166967391968,1.926332950592041,1.7529104948043823,8220000
2014-11-20,1.883999943733216,1.9833329916000368,1.8739999532699585,1.9800000190734863,1.8017460107803345,8310000
2014-11-21,2.0456669330596924,2.059999942779541,1.997833013534546,2.039499998092652,1.8558895587921145,12906000
2014-11-24,2.053999900817871,2.106333017349243,2.041666984558105,2.102499961853028,1.913217186927796,9054000
2014-11-25,2.1166670322418213,2.124833106994629,2.08899998664856,2.1016669273376465,1.9124598503112795,6144000
2014-11-26,2.112499952316284,2.238832950592041,2.112499952316284,2.23716688156128,2.035760402679444,10092000
2014-11-28,2.256166934967041,2.2771670818328857,2.213000059127808,2.25,2.047438859939575,6168000
2014-12-01,2.232332944869995,2.26200008392334,2.142667055130005,2.171499967575073,1.976005911827088,13002000
2014-12-02,2.189832925796509,2.2133328914642334,2.127332925796509,2.2128329277038574,2.013617992401123,8928000
2014-12-03,2.2331669330596924,2.3591670989990234,2.2331669330596924,2.350332975387573,2.1387388706207275,10110000
2014-12-04,2.382167100906372,2.4033329486846924,2.316667079925537,2.3605000972747803,2.147990465164185,11634000
2014-12-05,2.378000020980835,2.433000087738037,2.3646669387817383,2.433000087738037,2.213963508605957,6846000
2014-12-08,2.4288330078125,2.444667100906372,2.282500028610229,2.328166961669922,2.118568420410156,15150000
2014-12-09,2.2114999294281006,2.3420000076293945,2.2063329219818115,2.3218328952789307,2.112804889678955,12642000
2014-12-10,2.3239998817443848,2.33316707611084,2.179332971572876,2.191833019256592,1.994508147239685,11838000
2014-12-11,2.22933292388916,2.304832935333252,2.2074999809265137,2.2230000495910645,2.022869348526001,9138000
2014-12-12,2.166666984558105,2.2084999084472656,2.1070001125335693,2.11299991607666,1.9227724075317385,10422000
2014-12-15,2.1508328914642334,2.204667091369629,2.0333330631256104,2.052999973297119,1.868174195289612,16956000
2014-12-16,2.0276670455932617,2.1445000171661377,2.002166986465454,2.0179998874664307,1.83632493019104,16812000
2014-12-17,2.023667097091675,2.1578330993652344,1.97333300113678,2.14816689491272,1.95477294921875,15510000
2014-12-18,2.249332904815674,2.266666889190674,2.201667070388794,2.266666889190674,2.062605381011963,21252000
2014-12-19,2.290333032608032,2.296499967575073,2.2136669158935547,2.249000072479248,2.0465288162231445,15420000
2014-12-22,2.2806670665740967,2.355833053588867,2.2715001106262207,2.3488330841064453,2.13737416267395,10992000
2014-12-23,2.400000095367432,2.4046669006347656,2.3289999961853027,2.3355000019073486,2.125316619873047,16380000
2014-12-24,2.344000101089477,2.37166690826416,2.3333330154418945,2.3436670303344727,2.132748603820801,3030000
2014-12-26,2.36899995803833,2.378000020980835,2.3411669731140137,2.352833032608032,2.141089677810669,3072000
2014-12-29,2.3396670818328857,2.3473329544067383,2.302333116531372,2.3318328857421875,2.121978998184204,5970000
2014-12-30,2.284167051315308,2.319999933242798,2.284167051315308,2.291666984558105,2.08542799949646,5286000
2014-12-31,2.298166990280152,2.3473329544067383,2.245666980743408,2.246999979019165,2.044781446456909,8412000
2015-01-02,2.2871670722961426,2.322000026702881,2.182332992553711,2.2471671104431152,2.044933557510376,15978000
2015-01-05,2.185499906539917,2.2249999046325684,2.114833116531372,2.119999885559082,1.929210305213928,12648000
2015-01-06,2.117500066757202,2.125,1.9571670293807983,1.9756669998168943,1.7978664636611938,13386000
2015-01-07,2.0103330612182617,2.063667058944702,1.976999998092652,2.0355000495910645,1.8523149490356443,8574000
2015-01-08,2.1166670322418213,2.2618329524993896,2.0999999046325684,2.2186670303344727,2.01899790763855,13884000
2015-01-09,2.245832920074463,2.252500057220459,2.137500047683716,2.2241671085357666,2.024003505706787,11070000
2015-01-12,2.193666934967041,2.193666934967041,2.055666923522949,2.0905001163482666,1.902365684509277,10962000
2015-01-13,2.13700008392334,2.213500022888184,1.9963330030441284,2.0281670093536377,1.84564220905304,12708000
2015-01-14,1.962000012397766,2.056166887283325,1.933500051498413,1.995666980743408,1.8160669803619385,9324000
2015-01-15,2.0343329906463623,2.0748329162597656,1.941666960716248,1.9470000267028809,1.7717798948287964,6774000
2015-01-16,1.9290000200271609,2.0209999084472656,1.9033329486846924,2.013499975204468,1.8322951793670648,8616000
2015-01-20,2.0299999713897705,2.0989999771118164,1.9971669912338257,2.07716703414917,1.890232801437378,9438000
2015-01-21,2.060167074203491,2.171499967575073,2.0356669425964355,2.1453330516815186,1.9522634744644165,9642000
2015-01-22,2.1516671180725098,2.19083309173584,2.0183329582214355,2.185667037963867,1.988968014717102,12336000
2015-01-23,2.1611669063568115,2.200000047683716,2.129333019256592,2.1665000915527344,1.9715259075164795,9594000
2015-01-26,2.1641669273376465,2.192667007446289,2.10349988937378,2.189167022705078,1.9921528100967407,6576000
2015-01-27,2.0999999046325684,2.125,2.0203330516815186,2.063333034515381,1.877643346786499,15486000
2015-01-28,2.1333329677581787,2.198167085647583,2.0298330783843994,2.032500028610229,1.849585056304932,13218000
2015-01-29,2.002000093460083,2.060667037963867,1.9241670370101929,2.038332939147949,1.85489284992218,15474000
2015-01-30,1.984333038330078,2.048332929611206,1.9083329439163208,1.9129999876022337,1.7408394813537598,10230000
2015-02-02,1.932000041007996,1.9433330297470093,1.805999994277954,1.930500030517578,1.7567646503448486,14562000
2015-02-03,1.9594999551773071,2.037832975387573,1.9453330039978027,2.034667015075684,1.8515568971633911,10800000
2015-02-04,2.0203330516815186,2.1010000705718994,2.003833055496216,2.059000015258789,1.873700261116028,8946000
2015-02-05,2.069166898727417,2.117500066757202,2.052333116531372,2.115333080291748,1.9249635934829712,6324000
2015-02-06,2.128499984741211,2.178499937057495,2.06516695022583,2.0833330154418945,1.8958433866500848,11220000
2015-02-09,2.04783296585083,2.0738329887390137,2.0,2.015166997909546,1.8338119983673096,6336000
2015-02-10,2.08899998664856,2.2208330631256104,2.075500011444092,2.219332933425904,2.019604444503784,10446000
2015-02-11,2.2163329124450684,2.266666889190674,2.1538329124450684,2.2416670322418213,2.0399279594421387,9228000
2015-02-12,2.283166885375977,2.3499999046325684,2.266166925430298,2.3498330116271973,2.1383590698242188,8820000
2015-02-13,2.388999938964844,2.4189999103546143,2.3359999656677246,2.399832963943481,2.1838600635528564,8976000
2015-02-17,2.4006669521331787,2.429500102996826,2.373667001724243,2.423832893371582,2.205700159072876,5856000
2015-02-18,2.416666984558105,2.4216670989990234,2.373332977294922,2.400000095367432,2.184011459350586,5652000
2015-02-19,2.3838329315185547,2.443000078201294,2.376832962036133,2.421999931335449,2.2040319442749023,5124000
2015-02-20,2.4038329124450684,2.4679999351501465,2.3823330402374268,2.4651670455932617,2.243314266204834,6198000
2015-02-23,2.4631669521331787,2.4648330211639404,2.390500068664551,2.416167020797729,2.198723793029785,5010000
2015-02-24,2.407500028610229,2.517333030700684,2.368666887283325,2.513999938964844,2.287752866744995,8376000
2015-02-25,2.5133330821990967,2.518167018890381,2.4523329734802246,2.4718329906463623,2.249380588531494,5766000
2015-02-26,2.505167007446289,2.545833110809326,2.483333110809326,2.5220000743865967,2.295032024383545,6090000
2015-02-27,2.5274999141693115,2.5446670055389404,2.4806671142578125,2.503833055496216,2.2785003185272217,4236000
2015-03-02,2.558666944503784,2.7131669521331787,2.558666944503784,2.711833000183105,2.467781543731689,10602000
2015-03-03,2.686167001724243,2.686167001724243,2.549999952316284,2.555166959762573,2.3252146244049072,11424000
2015-03-04,2.534667015075684,2.554332971572876,2.4593329429626465,2.5510001182556152,2.321422815322876,7704000
2015-03-05,2.5886669158935547,2.597167015075684,2.5208330154418945,2.553333044052124,2.3235459327697754,5172000
2015-03-06,2.5218329429626465,2.5426669120788574,2.4528329372406006,2.476332902908325,2.2534751892089844,6402000
2015-03-09,2.470000028610229,2.513999938964844,2.4626669883728027,2.497999906539917,2.2731921672821045,3822000
2015-03-10,2.442832946777344,2.462332963943481,2.3480000495910645,2.3570001125335693,2.14488172531128,10950000
2015-03-11,2.387666940689087,2.448499917984009,2.373167037963867,2.376832962036133,2.1629297733306885,5814000
2015-03-12,2.305500030517578,2.374166965484619,2.2950000762939453,2.373832941055298,2.1601994037628174,5214000
2015-03-13,2.389167070388794,2.434000015258789,2.3421669006347656,2.42283296585083,2.204789638519287,5982000
2015-03-16,2.44016695022583,2.533667087554932,2.44016695022583,2.5295000076293945,2.3018579483032227,6324000
2015-03-17,2.481832981109619,2.489500045776367,2.429500102996826,2.4756669998168945,2.252869367599488,6150000
2015-03-18,2.475832939147949,2.567500114440918,2.378499984741211,2.5299999713897705,2.3023123741149902,8148000
2015-03-19,2.5299999713897705,2.567332983016968,2.509666919708252,2.548500061035156,2.3191473484039307,4704000
2015-03-20,2.607332944869995,2.680833101272583,2.5906670093536377,2.6603329181671143,2.4209163188934326,6618000
2015-03-23,2.66016697883606,2.6681671142578125,2.585833072662353,2.585833072662353,2.3531205654144287,6318000
2015-03-24,2.574167013168335,2.6050000190734863,2.516833066940308,2.519666910171509,2.2929086685180664,6552000
2015-03-25,2.5291669368743896,2.5291669368743896,2.166666984558105,2.174499988555908,1.978805661201477,21066000
2015-03-26,2.058332920074463,2.125,1.9424999952316284,2.0848329067230225,1.8972082138061523,24066000
2015-03-27,2.072499990463257,2.2828330993652344,2.068000078201294,2.25600004196167,2.052971124649048,16368000
2015-03-30,2.299999952316284,2.362333059310913,2.263000011444092,2.3499999046325684,2.138511896133423,16764000
2015-03-31,2.307167053222656,2.3233330249786377,2.254667043685913,2.267333030700684,2.063284158706665,6942000
2015-04-01,2.246500015258789,2.253166913986206,2.166666984558105,2.2246670722961426,2.024458646774292,12366000
2015-04-02,2.229666948318481,2.2708330154418945,2.199666976928711,2.2023329734802246,2.004133939743042,10686000
2015-04-06,2.1363329887390137,2.249166965484619,2.108833074569702,2.233833074569702,2.032799482345581,8514000
2015-04-07,2.250333070755005,2.2966670989990234,2.2251670360565186,2.239500045776367,2.0379559993743896,5790000
2015-04-08,2.2265000343322754,2.299833059310913,2.220000028610229,2.2798330783843994,2.074660062789917,3948000
2015-04-09,2.2413330078125,2.374332904815674,2.2413330078125,2.368333101272583,2.155194997787476,7356000
2015-04-10,2.381999969482422,2.3948330879211426,2.3566670417785645,2.3948330879211426,2.1793100833892822,4248000
2015-04-13,2.3948330879211426,2.433000087738037,2.3426671028137207,2.3483328819274902,2.1369948387146,7758000
2015-04-14,2.368000030517578,2.368000030517578,2.254832983016968,2.2798330783843994,2.074660062789917,8010000
2015-04-15,2.336333036422729,2.415167093276977,2.302833080291748,2.3949999809265137,2.179462194442749,8970000
2015-04-16,2.3333330154418945,2.378999948501587,2.319499969482422,2.364833116531372,2.152009963989258,3702000
2015-04-17,2.312833070755005,2.312833070755005,2.228332996368408,2.263499975204468,2.0597968101501465,9108000
2015-04-20,2.299499988555908,2.3464999198913574,2.2915000915527344,2.318833112716675,2.110150098800659,4416000
2015-04-21,2.3963329792022705,2.416666984558105,2.3421669006347656,2.369499921798706,2.156256914138794,6054000
2015-04-22,2.399167060852051,2.4719998836517334,2.358333110809326,2.4676671028137207,2.245589256286621,9702000
2015-04-23,2.3324999809265137,2.38083291053772,2.2871670722961426,2.3518331050872803,2.1401801109313965,11388000
2015-04-24,2.3416669368743896,2.345999956130981,2.194333076477051,2.236833095550537,2.035529375076294,18216000
2015-04-27,2.242500066757202,2.325000047683716,2.2346670627593994,2.260166883468628,2.056762933731079,8376000
2015-04-28,2.241832971572876,2.2751669883728027,2.166666984558105,2.263000011444092,2.0593409538269043,4686000
2015-04-29,2.240499973297119,2.246166944503784,2.155833005905152,2.2249999046325684,2.0247609615325928,7008000
2015-04-30,2.2058329582214355,2.236000061035156,2.125999927520752,2.174166917800904,1.9785022735595703,6360000
2015-05-01,2.1958329677581787,2.360666990280152,2.1958329677581787,2.3436670303344727,2.132748603820801,17382000
2015-05-04,2.353167057037353,2.380332946777344,2.309999942779541,2.328332901000977,2.1187944412231445,7014000
2015-05-05,2.307167053222656,2.307167053222656,2.17466688156128,2.181166887283325,1.9848723411560056,11862000
2015-05-06,2.201667070388794,2.22849988937378,2.124666929244995,2.1730000972747803,1.9774409532547,9012000
2015-05-07,2.193000078201294,2.25600004196167,2.193000078201294,2.246166944503784,2.044022798538208,7686000
2015-05-08,2.3001670837402344,2.338500022888184,2.2868330478668213,2.310499906539917,2.1025664806365967,10140000
2015-05-11,2.304832935333252,2.3381669521331787,2.282000064849853,2.311167001724243,2.1031737327575684,7164000
2015-05-12,2.2881669998168945,2.291167020797729,2.2184998989105225,2.25583291053772,2.052819013595581,6732000
2015-05-13,2.2780001163482666,2.3413329124450684,2.274167060852051,2.2926669120788574,2.086338996887207,5100000
2015-05-14,2.3413329124450684,2.4028329849243164,2.314500093460083,2.377332925796509,2.1633846759796143,10308000
2015-05-15,2.400000095367432,2.416666984558105,2.35349988937378,2.388999938964844,2.174001455307007,4164000
2015-05-18,2.379667043685913,2.460833072662353,2.379667043685913,2.453000068664551,2.232241630554199,6348000
2015-05-19,2.4801669120788574,2.506833076477051,2.4035000801086426,2.430666923522949,2.211918592453003,6744000
2015-05-20,2.454667091369629,2.5,2.41599988937378,2.44333291053772,2.223445415496826,2923500
2015-05-21,2.436666965484619,2.493333101272583,2.4040000438690186,2.4800000190734863,2.2568113803863525,2389500
2015-05-22,2.487333059310913,2.523333072662353,2.4806671142578125,2.497999906539917,2.2731921672821045,2566500
2015-05-26,2.4733328819274902,2.4913330078125,2.4046669006347656,2.444000005722046,2.2240519523620605,4063500
2015-05-27,2.461999893188477,2.752000093460083,2.456666946411133,2.72933292388916,2.483705997467041,13917000
2015-05-28,2.73533296585083,2.7806670665740967,2.682667016983032,2.736666917800904,2.49038028717041,6607500
2015-05-29,2.75333309173584,2.8006670475006104,2.7300000190734863,2.760667085647583,2.512221097946167,5224500
2015-06-01,2.807332992553711,2.830667018890381,2.731333017349243,2.773333072662353,2.523746967315674,6366000
2015-06-02,2.749332904815674,2.749332904815674,2.666666984558105,2.675333023071289,2.434566259384156,5436000
2015-06-03,2.725332975387573,2.727333068847656,2.619999885559082,2.621999979019165,2.386033058166504,4191000
2015-06-04,2.5893330574035645,2.619333028793335,2.5306670665740967,2.553333044052124,2.3235459327697754,8517000
2015-06-05,2.5466670989990234,2.5733330249786377,2.4806671142578125,2.557332992553711,2.32718563079834,6295500
2015-06-08,2.557332992553711,2.560667037963867,2.3919999599456787,2.416666984558105,2.199178457260132,10593000
2015-06-09,2.40733289718628,2.42466688156128,2.3333330154418945,2.4040000438690186,2.187651872634888,10443000
2015-06-10,2.4560000896453857,2.5213329792022705,2.433332920074463,2.49399995803833,2.269552230834961,8491500
2015-06-11,2.5280001163482666,2.5333330631256104,2.486000061035156,2.492666959762573,2.268339395523072,5124000
2015-06-12,2.46066689491272,2.4666669368743896,2.4146668910980225,2.42466688156128,2.206459045410156,3468000
2015-06-15,2.376667022705078,2.4146668910980225,2.309999942779541,2.4066669940948486,2.1900787353515625,3541500
2015-06-16,2.384000062942505,2.447999954223633,2.376667022705078,2.431999921798706,2.213131904602051,3762000
2015-06-17,2.450000047683716,2.4653329849243164,2.407999992370605,2.437333106994629,2.217985153198242,4078500
2015-06-18,2.458667039871216,2.5733330249786377,2.458667039871216,2.540667057037353,2.312019824981689,7689000
2015-06-19,2.547333002090454,2.567332983016968,2.475332975387573,2.5179998874664307,2.2913920879364014,4377000
2015-06-22,2.563333034515381,2.585333108901977,2.5273330211639404,2.5653328895568848,2.334465503692627,4977000
2015-06-23,2.576667070388794,2.594000101089477,2.497999906539917,2.5213329792022705,2.2944257259368896,5640000
2015-06-24,2.512666940689087,2.531332969665528,2.44333291053772,2.446666955947876,2.2264792919158936,4566000
2015-06-25,2.4886670112609863,2.4886670112609863,2.419332981109619,2.441333055496216,2.2216250896453857,3018000
2015-06-26,2.381333112716675,2.381333112716675,2.227999925613404,2.2633330821990967,2.059644937515259,10182000
2015-06-29,2.166666984558105,2.2173330783843994,2.064666986465454,2.069999933242798,1.883710026741028,11571000
2015-06-30,2.127332925796509,2.1419999599456787,2.063999891281128,2.0946669578552246,1.9061570167541504,11799000
2015-07-01,2.1726670265197754,2.191333055496216,2.0926671028137207,2.109999895095825,1.920110464096069,10522500
2015-07-02,2.123332977294922,2.1559998989105225,2.107332944869995,2.135999917984009,1.9437706470489504,3387000
2015-07-06,2.093333005905152,2.135999917984009,2.0153329372406006,2.0506670475006104,1.866117000579834,8164500
2015-07-07,2.047333002090454,2.047333002090454,1.8393330574035645,2.023333072662353,1.8412435054779053,8449500
2015-07-08,1.941333055496216,1.9833329916000368,1.843333005905152,1.875332951545716,1.7065623998641968,7170000
2015-07-09,1.9666670560836792,1.9739999771118164,1.7860000133514404,1.7860000133514404,1.6252686977386477,11626500
2015-07-10,1.8666670322418213,1.9073330163955688,1.846667051315308,1.8873330354690552,1.717482328414917,10768500
2015-07-13,1.9433330297470093,1.9453330039978027,1.8926670551300049,1.932667016983032,1.7587363719940186,7369500
2015-07-14,1.953333020210266,2.0086669921875,1.953333020210266,1.999333024024964,1.8194029331207275,5853000
2015-07-15,2.0113329887390137,2.0113329887390137,1.932000041007996,1.958667039871216,1.7823965549468994,8317500
2015-07-16,2.006666898727417,2.006666898727417,1.9160000085830688,1.9713330268859863,1.793923020362854,9607500
2015-07-17,1.9520000219345093,1.963333010673523,1.9093329906463623,1.95466697216034,1.7787562608718872,5380500
2015-07-20,1.9753329753875728,1.9900000095367432,1.9133330583572388,1.914667010307312,1.742356300354004,4542000
2015-07-21,1.9019999504089355,1.9700000286102293,1.9019999504089355,1.919999957084656,1.7472094297409058,6831000
2015-07-22,1.7940000295639038,1.7940000295639038,1.713333010673523,1.777999997138977,1.6179888248443604,14968500
2015-07-23,1.808666944503784,1.9166669845581048,1.808666944503784,1.8559999465942385,1.688969373703003,8224500
2015-07-24,1.8946670293807983,1.8946670293807983,1.7366670370101929,1.74399995803833,1.5870486497879028,7174500
2015-07-27,1.718000054359436,1.7393330335617063,1.6466670036315918,1.702666997909546,1.5494353771209717,9583500
2015-07-28,1.730666995048523,1.8426669836044312,1.6906670331954956,1.808666944503784,1.645896077156067,12343500
2015-07-29,1.808666944503784,1.8279999494552608,1.7566670179367063,1.8179999589920044,1.6543887853622437,9057000
2015-07-30,1.802667021751404,1.8566670417785645,1.77400004863739,1.838667035102844,1.6731959581375122,5058000
2015-07-31,1.8420000076293943,1.846667051315308,1.7640000581741333,1.77400004863739,1.6143490076065063,5568000
2015-08-03,1.7619999647140503,1.7786669731140137,1.7273329496383667,1.7566670179367063,1.5985755920410156,3805500
2015-08-04,1.7400000095367432,1.7506669759750366,1.6640000343322754,1.6979999542236328,1.545188546180725,6415500
2015-08-05,1.718000054359436,1.7979999780654907,1.718000054359436,1.7613329887390137,1.6028220653533936,7600500
2015-08-06,1.7666670083999634,1.7666670083999634,1.6273330450057983,1.6693329811096191,1.519101619720459,7930500
2015-08-07,1.6666669845581057,1.7013330459594729,1.6466670036315918,1.696666955947876,1.5439754724502563,6246000
2015-08-10,1.7333329916000366,1.8306670188903809,1.7333329916000366,1.8240000009536743,1.6598492860794067,8170500
2015-08-11,1.787999987602234,1.787999987602234,1.675333023071289,1.7000000476837158,1.5470085144042969,7215000
2015-08-12,1.6493330001831057,1.7533329725265503,1.598667025566101,1.7286670207977295,1.573095679283142,9519000
2015-08-13,1.7286670207977295,1.7519999742507937,1.6759999990463257,1.6759999990463257,1.525168538093567,7285500
2015-08-14,1.6619999408721924,1.6720000505447388,1.6153329610824585,1.6466670036315918,1.498475193977356,5598000
2015-08-17,1.621999979019165,1.6959999799728394,1.600000023841858,1.6959999799728394,1.543368577957153,4459500
2015-08-18,1.692667007446289,1.692667007446289,1.5833330154418943,1.591333031654358,1.4481210708618164,8851500
2015-08-19,1.5959999561309814,1.6019999980926514,1.51533305644989,1.546666979789734,1.4074747562408447,7707000
2015-08-20,1.5066670179367063,1.5066670179367063,1.373332977294922,1.374667048454285,1.250954031944275,13956000
2015-08-21,1.3226670026779177,1.381999969482422,1.2606669664382937,1.2773330211639404,1.162379264831543,12129000
2015-08-24,1.0213329792022705,1.340000033378601,1.003999948501587,1.179332971572876,1.073198914527893,29239500
2015-08-25,1.3066669702529907,1.3240000009536743,1.140666961669922,1.140666961669922,1.038012981414795,14115000
2015-08-26,1.2519999742507937,1.314666986465454,1.1779999732971191,1.309999942779541,1.1921063661575315,21187500
2015-08-27,1.3799999952316284,1.462000012397766,1.3726669549942017,1.457332968711853,1.326180338859558,24174000
2015-08-28,1.4259999990463257,1.4906669855117798,1.4259999990463257,1.48533296585083,1.3516606092453003,10723500
2015-08-31,1.446666955947876,1.5140000581741333,1.425333023071289,1.46733295917511,1.335280179977417,9834000
2015-09-01,1.3466670513153076,1.425333023071289,1.2913329601287842,1.315999984741211,1.1975665092468262,13606500
2015-09-02,1.3813329935073853,1.408666968345642,1.335332989692688,1.408666968345642,1.2818937301635742,5200500
2015-09-03,1.4359999895095823,1.4966670274734497,1.4286669492721558,1.4413330554962158,1.3116204738616943,7801500
2015-09-04,1.3713330030441284,1.4193329811096191,1.3480000495910645,1.3646670579910278,1.2418534755706787,7768500
2015-09-08,1.4600000381469729,1.5486669540405271,1.4566669464111328,1.5433330535888672,1.4044406414031982,11443500
2015-09-09,1.5886670351028442,1.6206669807434082,1.4520000219345093,1.462000012397766,1.3304270505905151,17734500
2015-09-10,1.4600000381469729,1.5219999551773071,1.4173330068588257,1.4826669692993164,1.3492339849472046,8355000
2015-09-11,1.437999963760376,1.4866670370101929,1.4213329553604126,1.4819999933242798,1.3486272096633911,6459000
2015-09-14,1.5019999742507937,1.5173330307006836,1.4773329496383667,1.4966670274734497,1.3619744777679443,5242500
2015-09-15,1.5099999904632568,1.5626670122146606,1.5099999904632568,1.5479999780654907,1.4086875915527344,5133000
2015-09-16,1.546666979789734,1.5653330087661743,1.5113329887390137,1.5606670379638672,1.4202148914337158,6328500
2015-09-17,1.5606670379638672,1.5973329544067385,1.512666940689087,1.5186669826507568,1.381994128227234,10005000
2015-09-18,1.4559999704360962,1.5013329982757568,1.4246670007705688,1.442667007446289,1.3128341436386108,9004500
2015-09-21,1.4666670560836792,1.48466694355011,1.4093329906463623,1.4279999732971191,1.2994868755340576,7872000
2015-09-22,1.3519999980926514,1.3706669807434082,1.3173329830169678,1.3346669673919678,1.214553713798523,10623000
2015-09-23,1.3386670351028442,1.3580000400543213,1.3006670475006104,1.3040000200271606,1.1866463422775269,5457000
2015-09-24,1.2699999809265137,1.3240000009536743,1.1959999799728394,1.2986669540405271,1.181793212890625,11694000
2015-09-25,1.352666974067688,1.378000020980835,1.281999945640564,1.3186670541763306,1.1999932527542114,14334000
2015-09-28,1.2906670570373535,1.3173329830169678,1.2086670398712158,1.2086670398712158,1.0998930931091309,19645500
2015-09-29,1.224666953086853,1.2686669826507568,1.1893329620361328,1.23533296585083,1.1241588592529297,8577000
2015-09-30,1.2913329601287842,1.3799999952316284,1.2906670570373535,1.373332977294922,1.2497398853302002,11164500
2015-10-01,1.3706669807434082,1.3706669807434082,1.2566670179367063,1.3279999494552612,1.2084861993789673,11292000
2015-10-02,1.28266704082489,1.4133330583572388,1.2713329792022705,1.4133330583572388,1.2861400842666626,11044500
2015-10-05,1.4520000219345093,1.5140000581741333,1.4359999895095823,1.4919999837875366,1.3577275276184082,11214000
2015-10-06,1.5073330402374268,1.5199999809265137,1.4266669750213623,1.5073330402374268,1.371680736541748,10017000
2015-10-07,1.542667031288147,1.5953329801559448,1.4900000095367432,1.5753329992294312,1.4335609674453735,13086000
2015-10-08,1.5579999685287476,1.6053329706192017,1.5213329792022705,1.6046669483184814,1.460254788398743,10491000
2015-10-09,1.5959999561309814,1.6119999885559082,1.5386669635772705,1.562000036239624,1.4214277267456057,9637500
2015-10-12,1.562000036239624,1.5766669511795044,1.5440000295639038,1.5686670541763306,1.427495002746582,3466500
2015-10-13,1.5313329696655271,1.559999942779541,1.504667043685913,1.5053329467773438,1.3698604106903076,5832000
2015-10-14,1.5333329439163208,1.7146669626235962,1.5186669826507568,1.675333023071289,1.5245612859725952,12873000
2015-10-15,1.7126669883728027,1.7586669921875,1.6779999732971191,1.7253329753875732,1.5700613260269165,7219500
2015-10-16,1.7333329916000366,1.7386670112609863,1.690000057220459,1.7319999933242798,1.576128363609314,3847500
2015-10-19,1.707332968711853,1.76466703414917,1.692667007446289,1.7313330173492432,1.5755220651626587,3388500
2015-10-20,1.7213330268859863,1.7433329820632937,1.6979999542236328,1.7233330011367798,1.568241834640503,3612000
2015-10-21,1.7799999713897705,1.8320000171661377,1.7319999933242798,1.7326669692993164,1.576735258102417,7911000
2015-10-22,1.807332992553711,1.9220000505447388,1.807332992553711,1.908666968345642,1.736896514892578,9553500
2015-10-23,1.9686670303344729,1.9986670017242432,1.9046670198440552,1.9833329916000368,1.8048427104949951,12801000
2015-10-26,1.9566669464111328,1.9593329429626465,1.846667051315308,1.864667057991028,1.6968563795089722,7888500
2015-10-27,1.8266669511795044,1.864667057991028,1.8126670122146609,1.825999975204468,1.66166889667511,5899500
2015-10-28,1.860666990280152,1.9220000505447388,1.8420000076293943,1.920667052268982,1.7478163242340088,7332000
2015-10-29,1.8053330183029173,1.8113329410552976,1.7366670370101929,1.7519999742507937,1.594328761100769,7363500
2015-10-30,1.7633329629898071,1.8133330345153809,1.7633329629898071,1.796666979789734,1.6349759101867676,4933500
2015-11-02,1.8140000104904173,1.850000023841858,1.8046669960021973,1.8420000076293943,1.6762293577194214,4515000
2015-11-03,1.8366669416427608,1.8919999599456787,1.829332947731018,1.869333028793335,1.701102375984192,3586500
2015-11-04,1.875332951545716,1.899999976158142,1.846667051315308,1.8893330097198489,1.7193024158477783,4272000
2015-11-05,1.8673330545425413,1.8673330545425413,1.7586669921875,1.7713329792022705,1.611922025680542,6928500
2015-11-06,1.7993329763412476,1.909999966621399,1.7993329763412476,1.9046670198440552,1.7332563400268557,7741500
2015-11-09,1.8906669616699217,1.8906669616699217,1.8226670026779173,1.8506669998168943,1.684116005897522,4533000
2015-11-10,1.7920000553131104,1.7999999523162842,1.7333329916000366,1.75,1.5925086736679075,6873000
2015-11-11,1.7619999647140503,1.812000036239624,1.75,1.753999948501587,1.5961484909057615,6765000
2015-11-12,1.73533296585083,1.7586669921875,1.6873329877853394,1.6893329620361328,1.5373014211654663,5874000
2015-11-13,1.6846669912338257,1.7039999961853027,1.6213330030441284,1.6419999599456787,1.4942281246185305,8245500
2015-11-16,1.6393330097198486,1.7053329944610596,1.6380000114440918,1.703333020210266,1.5500411987304688,4926000
2015-11-17,1.7053329944610596,1.7760000228881836,1.7020000219345093,1.7366670370101929,1.5803756713867188,5721000
2015-11-18,1.7386670112609863,1.792667031288147,1.7053329944610596,1.787999987602234,1.6270889043807983,7293000
2015-11-19,1.797333002090454,1.8473329544067385,1.7699999809265137,1.8006670475006104,1.6386158466339111,4227000
2015-11-20,1.8233330249786377,1.846667051315308,1.8020000457763672,1.8193329572677608,1.6556016206741333,4059000
2015-11-23,1.8226670026779173,1.8226670026779173,1.7433329820632937,1.7466670274734497,1.589475393295288,4002000
2015-11-24,1.7333329916000366,1.824666976928711,1.694000005722046,1.8140000104904173,1.6507489681243896,6042000
2015-11-25,1.8226670026779173,1.846667051315308,1.7960000038146973,1.8186670541763303,1.6549962759017944,2290500
2015-11-27,1.835332989692688,1.8639999628067017,1.8279999494552608,1.859333038330078,1.6920021772384644,1800000
2015-11-30,1.866000056266785,1.9193329811096191,1.8553329706192017,1.9160000085830688,1.7435693740844729,4113000
2015-12-01,1.9273329973220823,1.99399995803833,1.9273329973220823,1.99066698551178,1.8115168809890747,8346000
2015-12-02,2.001332998275757,2.0299999713897705,1.952666997909546,1.9626669883728027,1.786036252975464,9337500
2015-12-03,2.031332969665528,2.049999952316284,1.897333025932312,1.9259999990463257,1.7526696920394895,6945000
2015-12-04,1.941333055496216,2.0446670055389404,1.909999966621399,2.0326669216156006,1.84973692893982,6492000
2015-12-07,2.0213329792022705,2.0213329792022705,1.9666670560836792,1.974666953086853,1.7969567775726318,3729000
2015-12-08,1.8933329582214355,1.94599997997284,1.870666980743408,1.9266669750213623,1.7532763481140137,6631500
2015-12-09,1.9106669425964355,1.935333013534546,1.8253329992294312,1.850000023841858,1.6835092306137085,6715500
2015-12-10,1.8513330221176147,1.925333023071289,1.850000023841858,1.8819999694824217,1.7126295566558838,5155500
2015-12-11,1.8273329734802248,1.8426669836044312,1.762666940689087,1.7713329792022705,1.611922025680542,7531500
2015-12-14,1.7686669826507568,1.7906670570373535,1.684000015258789,1.737333059310913,1.5809816122055054,8115000
2015-12-15,1.77400004863739,1.838667035102844,1.7633329629898071,1.817332983016968,1.6537820100784302,5202000
2015-12-16,1.835332989692688,1.870666980743408,1.7719999551773071,1.859333038330078,1.6920021772384644,5487000
2015-12-17,1.8899999856948853,1.9106669425964355,1.7773330211639404,1.7773330211639404,1.617381930351257,5890500
2015-12-18,1.7400000095367432,1.7666670083999634,1.7066669464111328,1.7146669626235962,1.5603554248809814,5401500
2015-12-21,1.7580000162124634,1.8106670379638672,1.7446670532226562,1.809999942779541,1.6471089124679563,3751500
2015-12-22,1.8320000171661377,1.835332989692688,1.773332953453064,1.816666960716248,1.6531760692596436,2517000
2015-12-23,1.8320000171661377,1.8580000400543213,1.809999942779541,1.8559999465942385,1.688969373703003,3277500
2015-12-24,1.8473329544067385,1.8940000534057613,1.843333005905152,1.875332951545716,1.7065623998641968,1558500
2015-12-28,1.853332996368408,1.853332996368408,1.7960000038146973,1.853332996368408,1.6865423917770386,3654000
2015-12-29,1.8899999856948853,1.9420000314712524,1.8673330545425413,1.920667052268982,1.7478163242340088,5613000
2015-12-30,1.909999966621399,1.928666949272156,1.859333038330078,1.861333012580872,1.6938222646713257,3543000
2015-12-31,1.8373329639434808,1.8459999561309808,1.7846670150756836,1.7846670150756836,1.6240558624267578,2239500
2016-01-04,1.6826670169830322,1.7253329753875732,1.6486669778823853,1.7239999771118164,1.5688486099243164,6852000
2016-01-05,1.74399995803833,1.745332956314087,1.6660000085830688,1.670667052268982,1.5203150510787964,7008000
2016-01-06,1.5893330574035645,1.5920000076293943,1.4913330078125,1.5360000133514404,1.3977677822113037,8817000
2016-01-07,1.4193329811096191,1.4826669692993164,1.368000030517578,1.3786669969558716,1.2545934915542605,8475000
2016-01-08,1.4079999923706057,1.420667052268982,1.3066669702529907,1.3106670379638672,1.192713737487793,9717000
2016-01-11,1.3333330154418943,1.3666670322418213,1.2766669988632202,1.3306670188903809,1.2109135389328003,9301500
2016-01-12,1.378000020980835,1.401332974433899,1.307332992553711,1.3639999628067017,1.2412465810775757,8331000
2016-01-13,1.3666670322418213,1.3946670293807983,1.230666995048523,1.23466694355011,1.1235530376434326,6531000
2016-01-14,1.2506669759750366,1.3306670188903809,1.1979999542236328,1.3106670379638672,1.192713737487793,8373000
2016-01-15,1.1526670455932615,1.1813329458236694,1.0806670188903809,1.133999943733215,1.0319454669952393,12220500
2016-01-19,1.1933330297470093,1.212000012397766,1.1073329448699951,1.1380000114440918,1.035585641860962,9246000
2016-01-20,1.0933330059051514,1.1953330039978027,1.0640000104904177,1.159999966621399,1.0556055307388306,11091000
2016-01-21,1.1920000314712524,1.25600004196167,1.156000018119812,1.2079999446868896,1.0992857217788696,13318500
2016-01-22,1.2760000228881836,1.3040000200271606,1.254667043685913,1.2786669731140137,1.1635931730270386,12348000
2016-01-25,1.26466703414917,1.2773330211639404,1.215999960899353,1.2239999771118164,1.113845944404602,7657500
2016-01-26,1.2433329820632937,1.2886669635772705,1.2213330268859863,1.2599999904632568,1.1466063261032104,7986000
2016-01-27,1.2380000352859497,1.2860000133514404,1.1959999799728394,1.2153329849243164,1.1059589385986328,9180000
2016-01-28,1.245332956314087,1.2506669759750366,1.1779999732971191,1.2046669721603394,1.0962530374526978,6303000
2016-01-29,1.224666953086853,1.3700000047683716,1.224666953086853,1.3673330545425415,1.244280219078064,11986500
2016-02-01,1.3386670351028442,1.408666968345642,1.3266669511795044,1.3880000114440918,1.2630867958068848,8037000
2016-02-02,1.3426669836044312,1.3426669836044312,1.2366670370101929,1.2506669759750366,1.138113260269165,8760000
2016-02-03,1.2940000295639038,1.2999999523162842,1.1826670169830322,1.2606669664382937,1.1472132205963137,9664500
2016-02-04,1.2666670083999634,1.3480000495910645,1.2573330402374268,1.3226670026779177,1.203633189201355,13746000
2016-02-05,1.3106670379638672,1.3106670379638672,1.1713329553604126,1.188667058944702,1.081692814826965,16936500
2016-02-08,1.1293330192565918,1.1333329677581787,1.0433330535888672,1.0966670513153076,0.99797260761261,10143000
2016-02-09,1.055999994277954,1.1380000114440918,1.047333002090454,1.0753329992294312,0.9785583019256592,6549000
2016-02-10,1.113332986831665,1.1353329420089722,1.0506670475006104,1.0520000457763672,0.9573252201080322,13690500
2016-02-11,1.0,1.047333002090454,0.9886670112609864,1.027999997138977,0.935485303401947,18111000
2016-02-12,1.0800000429153442,1.1006669998168943,1.019333004951477,1.0959999561309814,0.9973653554916382,14359500
2016-02-16,1.1446670293807983,1.230666995048523,1.1293330192565918,1.212000012397766,1.1029263734817505,19578000
2016-02-17,1.237333059310913,1.3066669702529907,1.2313330173492432,1.2986669540405271,1.181793212890625,18730500
2016-02-18,1.3300000429153442,1.3306670188903809,1.275333046913147,1.277999997138977,1.1629862785339355,11878500
2016-02-19,1.2746670246124268,1.3193329572677612,1.2699999809265137,1.2953330278396606,1.1787594556808472,7744500
2016-02-22,1.3420000076293943,1.3793330192565918,1.3380000591278076,1.3566670417785645,1.234574317932129,8479500
2016-02-23,1.3266669511795044,1.3480000495910645,1.2853330373764038,1.2906670570373535,1.1745134592056274,5545500
2016-02-24,1.2466670274734497,1.3533329963684082,1.2233330011367798,1.3446669578552246,1.2236534357070925,14658000
2016-02-25,1.3639999628067017,1.3980000019073486,1.312000036239624,1.3966670036315918,1.2709739208221436,9294000
2016-02-26,1.4279999732971191,1.4359999895095823,1.4006669521331787,1.4179999828338623,1.2903871536254885,11154000
2016-02-29,1.440000057220459,1.4839999675750732,1.4106669425964355,1.4106669425964355,1.2837141752243042,15354000
2016-03-01,1.463333010673523,1.529332995414734,1.440000057220459,1.527999997138977,1.3904873132705688,12424500
2016-03-02,1.5306669473648071,1.5546669960021973,1.5113329887390137,1.5540000200271606,1.4141474962234497,8562000
2016-03-03,1.553333044052124,1.5666669607162476,1.5246670246124268,1.557332992553711,1.4171810150146484,9262500
2016-03-04,1.591333031654358,1.6453330516815186,1.5553330183029177,1.6066670417785645,1.462075114250183,17245500
2016-03-07,1.5693329572677612,1.6460000276565552,1.557332992553711,1.624667048454285,1.4784551858901978,13198500
2016-03-08,1.585332989692688,1.590000033378601,1.5093330144882202,1.5140000581741333,1.377747654914856,13114500
2016-03-09,1.5353330373764038,1.5633330345153809,1.51466703414917,1.551332950592041,1.411720871925354,10950000
2016-03-10,1.5759999752044678,1.6166670322418213,1.5080000162124634,1.5720000267028809,1.430527687072754,10504500
2016-03-11,1.618000030517578,1.6660000085830688,1.6139999628067017,1.6653330326080322,1.5154613256454468,10131000
2016-03-14,1.6540000438690186,1.6679999828338623,1.628000020980835,1.6460000276565552,1.497868299484253,10215000
2016-03-15,1.6293330192565918,1.636667013168335,1.5959999561309814,1.636667013168335,1.4893752336502075,10891500
2016-03-16,1.6239999532699585,1.688667058944702,1.6073329448699951,1.6820000410079956,1.5306282043457031,12388500
2016-03-17,1.6740000247955322,1.7286670207977295,1.659999966621399,1.7186670303344729,1.5639952421188354,10372500
2016-03-18,1.7293330430984497,1.7906670570373535,1.713333010673523,1.7873330116271973,1.6264818906784058,9391500
2016-03-21,1.7666670083999634,1.797333002090454,1.7446670532226562,1.7960000038146973,1.634368896484375,6912000
2016-03-22,1.775333046913147,1.808666944503784,1.7519999742507937,1.7913329601287842,1.630122184753418,6469500
2016-03-23,1.781999945640564,1.7833329439163208,1.7166670560836792,1.7193330526351929,1.5646016597747805,7260000
2016-03-24,1.6806670427322388,1.7166670560836792,1.658666968345642,1.7153329849243164,1.5609617233276367,10165500
2016-03-28,1.7433329820632937,1.7433329820632937,1.690000057220459,1.713333010673523,1.5591412782669067,8259000
2016-03-29,1.6959999799728394,1.787999987602234,1.6660000085830688,1.7786669731140137,1.6185956001281738,8484000
2016-03-30,1.812000036239624,1.863332986831665,1.807999968528748,1.8320000171661377,1.6671292781829834,8788500
2016-03-31,1.8153330087661743,1.8273329734802248,1.797333002090454,1.8006670475006104,1.6386158466339111,6111000
2016-04-01,1.7746670246124268,1.8373329639434808,1.7419999837875366,1.8359999656677248,1.6707690954208374,8401500
2016-04-04,1.8359999656677248,1.838000059127808,1.7766669988632202,1.7853330373764038,1.6246618032455444,6859500
2016-04-05,1.7419999837875366,1.7933330535888672,1.726667046546936,1.7533329725265503,1.5955414772033691,4804500
2016-04-06,1.7513329982757568,1.8113329410552976,1.7066669464111328,1.8066669702529907,1.6440757513046265,7842000
2016-04-07,1.7786669731140137,1.786666989326477,1.7046669721603394,1.722000002861023,1.5670288801193235,4113000
2016-04-08,1.7726670503616333,1.796666979789734,1.730666995048523,1.7480000257492063,1.590688705444336,5931000
2016-04-11,1.7760000228881836,1.824666976928711,1.745332956314087,1.745332956314087,1.5882617235183716,4776000
2016-04-12,1.7519999742507937,1.7706669569015503,1.6720000505447388,1.7400000095367432,1.5834088325500488,6948000
2016-04-13,1.7746670246124268,1.861333012580872,1.7699999809265137,1.858667016029358,1.691396713256836,8346000
2016-04-14,1.808666944503784,1.8220000267028809,1.7580000162124634,1.8133330345153809,1.6501420736312866,7392000
2016-04-15,1.817332983016968,1.817332983016968,1.7633329629898071,1.76466703414917,1.6058555841445925,4174500
2016-04-18,1.7333329916000366,1.781999945640564,1.7333329916000366,1.7673330307006836,1.6082818508148191,5779500
2016-04-19,1.775333046913147,1.784000039100647,1.6806670427322388,1.7000000476837158,1.5470085144042969,7656000
2016-04-20,1.690000057220459,1.77400004863739,1.6866669654846191,1.75,1.5925086736679075,6774000
2016-04-21,1.7513329982757568,1.7513329982757568,1.6953330039978027,1.7193330526351929,1.5646016597747805,3598500
2016-04-22,1.7233330011367798,1.7746670246124268,1.687999963760376,1.7286670207977295,1.573095679283142,4846500
2016-04-25,1.7093329429626465,1.7406669855117798,1.685333013534546,1.6973329782485962,1.544581174850464,3564000
2016-04-26,1.7359999418258667,1.8126670122146609,1.72599995136261,1.76533305644989,1.606462001800537,5229000
2016-04-27,1.7146669626235962,1.828667044639588,1.7086670398712158,1.8220000267028809,1.6580289602279663,7045500
2016-04-28,1.784000039100647,1.820667028427124,1.6640000343322754,1.675333023071289,1.5245612859725952,8776500
2016-04-29,1.6606669425964355,1.6606669425964355,1.50600004196167,1.546666979789734,1.4074747562408447,10438500
2016-05-02,1.5526670217514038,1.585332989692688,1.5213329792022705,1.5786670446395874,1.4365944862365725,4453500
2016-05-03,1.536666989326477,1.5546669960021973,1.503999948501587,1.5260000228881836,1.388667345046997,4360500
2016-05-04,1.4866670370101929,1.523332953453064,1.457332968711853,1.4713330268859863,1.3389204740524292,4780500
2016-05-05,1.5140000581741333,1.5273330211639404,1.4686670303344729,1.4826669692993164,1.3492339849472046,5563500
2016-05-06,1.4686670303344729,1.4893330335617063,1.4286669492721558,1.4886670112609863,1.354694366455078,3399000
2016-05-09,1.4946670532226562,1.523332953453064,1.4713330268859863,1.4819999933242798,1.3486272096633911,3502500
2016-05-10,1.49733304977417,1.5386669635772705,1.470667004585266,1.5373330116271973,1.3989803791046145,4980000
2016-05-11,1.527999997138977,1.5673329830169678,1.5206669569015503,1.523332953453064,1.3862406015396118,7488000
2016-05-12,1.5406670570373535,1.5433330535888672,1.4066669940948486,1.442667007446289,1.3128341436386108,8350500
2016-05-13,1.4479999542236328,1.49399995803833,1.4459999799728394,1.4600000381469729,1.3286075592041016,6027000
2016-05-16,1.4693330526351929,1.5593329668045044,1.468000054359436,1.527999997138977,1.3904873132705688,8338500
2016-05-17,1.5266669988632202,1.5486669540405271,1.4866670370101929,1.4980000257492063,1.3631874322891235,4624500
2016-05-18,1.4693330526351929,1.609333038330078,1.4693330526351929,1.570667028427124,1.4293150901794434,10564500
2016-05-19,1.5520000457763672,1.5826669931411743,1.5019999742507937,1.5399999618530271,1.4014075994491575,5457000
2016-05-20,1.616000056266785,1.6873329877853394,1.6013330221176147,1.6833330392837524,1.531841516494751,9211500
2016-05-23,1.7313330173492432,1.76533305644989,1.7106670141220093,1.7200000286102295,1.5652086734771729,6511500
2016-05-24,1.7599999904632568,1.8493330478668213,1.75,1.8446669578552248,1.678655982017517,9954000
2016-05-25,1.8733329772949217,1.8899999856948853,1.8333330154418943,1.8773330450057983,1.7083823680877686,10669500
2016-05-26,1.8986669778823853,1.9079999923706048,1.870000004768372,1.8960000276565552,1.725369572639465,4302000
2016-05-27,1.8960000276565552,1.940000057220459,1.8960000276565552,1.9306670427322388,1.756916880607605,3603000
2016-05-31,1.946666955947876,1.968000054359436,1.924000024795532,1.962000012397766,1.785429835319519,4935000
2016-06-01,1.9626669883728027,2.000667095184326,1.935333013534546,1.996000051498413,1.8163700103759768,4663500
2016-06-02,1.974666953086853,1.994667053222656,1.957332968711853,1.994667053222656,1.815156936645508,3682500
2016-06-03,2.0439999103546143,2.053999900817871,1.976667046546936,2.0133330821990967,1.832143187522888,4863000
2016-06-06,2.0253329277038574,2.048666954040528,1.9866670370101929,1.9980000257492063,1.8181899785995483,4572000
2016-06-07,2.0239999294281006,2.067332983016968,2.0239999294281006,2.0566670894622803,1.87157678604126,5604000
2016-06-08,2.0546669960021973,2.069333076477051,2.034667015075684,2.051332950592041,1.8667232990264893,4368000
2016-06-09,2.00600004196167,2.062666893005371,1.9886670112609863,2.059333086013794,1.8740030527114868,5599500
2016-06-10,1.99399995803833,1.99399995803833,1.935333013534546,1.955999970436096,1.7799699306488037,5686500
2016-06-13,1.920667052268982,1.99399995803833,1.915333032608032,1.929332971572876,1.7557027339935305,5010000
2016-06-14,1.9006669521331787,1.9393329620361328,1.8713330030441284,1.924000024795532,1.7508494853973389,6199500
2016-06-15,1.9539999961853027,1.9686670303344729,1.9160000085830688,1.9246670007705688,1.751456379890442,3606000
2016-06-16,1.8553329706192017,1.9273329973220823,1.824666976928711,1.922667026519776,1.7496365308761597,7249500
2016-06-17,1.9126670360565183,1.9266669750213623,1.8339999914169312,1.874667048454285,1.7059564590454102,3912000
2016-06-20,1.9653329849243164,2.0073330402374268,1.9346669912338257,1.937999963760376,1.76358962059021,5973000
2016-06-21,1.9673329591751096,1.9700000286102293,1.9346669912338257,1.9579999446868896,1.781789779663086,2568000
2016-06-22,1.955999970436096,2.0133330821990967,1.944000005722046,1.9493329524993896,1.773902416229248,3489000
2016-06-23,2.0306670665740967,2.102667093276977,2.013999938964844,2.101332902908325,1.9122234582901,5671500
2016-06-24,1.816666960716248,1.9246670007705688,1.730666995048523,1.7466670274734497,1.589475393295288,11479500
2016-06-27,1.6846669912338257,1.6846669912338257,1.5066670179367063,1.5386669635772705,1.400194525718689,11446500
2016-06-28,1.6119999885559082,1.6713329553604126,1.6006669998168943,1.6619999408721924,1.5124282836914062,14646000
2016-06-29,1.7233330011367798,1.7799999713897705,1.7020000219345093,1.7619999647140503,1.6034291982650757,9870000
2016-06-30,1.7726670503616333,1.8580000400543213,1.7553329467773438,1.8580000400543213,1.6907891035079956,5794500
2016-07-01,1.8046669960021973,1.824666976928711,1.7893329858779907,1.7979999780654907,1.6361892223358154,4080000
2016-07-05,1.7606669664382937,1.7613329887390137,1.6740000247955322,1.707332968711853,1.55368173122406,4137000
2016-07-06,1.6726670265197754,1.722000002861023,1.6206669807434082,1.7146669626235962,1.5603554248809814,6273000
2016-07-07,1.72599995136261,1.8140000104904173,1.72599995136261,1.7773330211639404,1.617381930351257,6213000
2016-07-08,1.829332947731018,1.928666949272156,1.8273329734802248,1.9266669750213623,1.7532763481140137,9957000
2016-07-11,1.968000054359436,2.01466703414917,1.964666962623596,1.9900000095367432,1.8109101057052608,9292500
2016-07-12,2.041332960128784,2.0886669158935547,2.0366671085357666,2.0713329315185547,1.884923219680786,6894000
2016-07-13,2.093333005905152,2.1146669387817383,2.0653328895568848,2.076667070388794,1.8897770643234253,5205000
2016-07-14,2.134000062942505,2.140000104904175,2.0820000171661377,2.121999979019165,1.9310309886932373,6063000
2016-07-15,2.124666929244995,2.129333019256592,2.093333005905152,2.117332935333252,1.926783561706543,4302000
2016-07-18,2.181333065032959,2.2233328819274902,2.179332971572876,2.2126669883728027,2.013537645339966,5875500
2016-07-19,2.198667049407959,2.2060000896453857,2.1686670780181885,2.186666965484619,1.989877700805664,3187500
2016-07-20,2.211333036422729,2.310667037963867,2.2060000896453857,2.2920000553131104,2.085730791091919,6294000
2016-07-21,2.2946670055389404,2.303999900817871,2.2160000801086426,2.24399995803833,2.0420515537261963,5059500
2016-07-22,2.22933292388916,2.2806670665740967,2.180666923522949,2.2793331146240234,2.074204444885254,5407500
2016-07-25,2.2853329181671143,2.330667018890381,2.2853329181671143,2.315999984741211,2.1075713634490967,4806000
2016-07-26,2.382667064666748,2.618666887283325,2.382667064666748,2.5986669063568115,2.364799737930298,15642000
2016-07-27,2.6566669940948486,2.6606669425964355,2.5353329181671143,2.582667112350464,2.3502402305603027,8205000
2016-07-28,2.5333330631256104,2.595999956130981,2.504667043685913,2.5420000553131104,2.313232421875,5161500
2016-07-29,2.5446670055389404,2.562000036239624,2.4746670722961426,2.50333309173584,2.278045177459717,5205000
2016-08-01,2.5366671085357666,2.5446670055389404,2.4886670112609863,2.516666889190674,2.2901790142059326,3016500
2016-08-02,2.501332998275757,2.501332998275757,2.355333089828491,2.3959999084472656,2.1803715229034424,7983000
2016-08-03,2.3540000915527344,2.4126670360565186,2.3540000915527344,2.4126670360565186,2.195539712905884,4182000
2016-08-04,2.430666923522949,2.477333068847656,2.413332939147949,2.475332975387573,2.2525649070739746,5209500
2016-08-05,2.5220000743865967,2.575999975204468,2.509999990463257,2.569999933242798,2.338712453842163,5161500
2016-08-08,2.594000101089477,2.614000082015991,2.547333002090454,2.559333086013794,2.329005718231201,3063000
2016-08-09,2.5753331184387207,2.648667097091675,2.574666976928711,2.625333070755005,2.389066457748413,3786000
2016-08-10,2.6353330612182617,2.6373329162597656,2.5360000133514404,2.564666986465454,2.333860158920288,5244000
2016-08-11,2.5833330154418945,2.609999895095825,2.5566670894622803,2.601332902908325,2.3672261238098145,2359500
2016-08-12,2.5999999046325684,2.6526670455932617,2.5999999046325684,2.634666919708252,2.397559642791748,4086000
2016-08-15,2.6593329906463623,2.762666940689087,2.6566669940948486,2.74399995803833,2.497053384780884,4903500
2016-08-16,2.740000009536743,2.740000009536743,2.675333023071289,2.685333013534546,2.443666219711304,2446500
2016-08-17,2.694000005722046,2.694000005722046,2.640000104904175,2.684000015258789,2.442454099655152,3484500
2016-08-18,2.6706669330596924,2.743333101272583,2.6706669330596924,2.743333101272583,2.496446371078491,3172500
2016-08-19,2.75266695022583,2.8333330154418945,2.744667053222656,2.814666986465454,2.561361312866211,4912500
2016-08-22,2.805999994277954,2.8406670093536377,2.7826669216156006,2.818000078201294,2.564393997192383,3501000
2016-08-23,2.857332944869995,2.8973329067230225,2.854666948318481,2.863332986831665,2.605647087097168,4677000
2016-08-24,2.863332986831665,2.878667116165161,2.763999938964844,2.7893331050872803,2.538306951522827,4705500
2016-08-25,2.8213329315185547,2.859333038330078,2.7613329887390137,2.8233330249786377,2.569247245788574,3475500
2016-08-26,2.8413329124450684,2.923332929611206,2.799999952316284,2.8626670837402344,2.605041265487671,3075000
2016-08-29,2.879333019256592,2.927333116531372,2.879333019256592,2.8919999599456787,2.6317338943481445,5029500
2016-08-30,2.8973329067230225,2.94333291053772,2.843333005905152,2.8666670322418213,2.608680963516236,4834500
2016-08-31,2.871999979019165,2.881333112716675,2.822666883468628,2.868666887283325,2.6105010509490967,2962500
2016-09-01,2.874000072479248,2.944000005722046,2.828666925430298,2.944000005722046,2.679054975509644,5970000
2016-09-02,2.977999925613404,2.977999925613404,2.888667106628418,2.927999973297119,2.664494752883911,4899000
2016-09-06,2.9766669273376465,2.9766669273376465,2.861332893371582,2.9033329486846924,2.6420469284057617,2661000
2016-09-07,2.9113330841064453,2.924000024795532,2.8253331184387207,2.8393330574035645,2.583807468414306,4519500
2016-09-08,2.813333034515381,2.8473329544067383,2.7753329277038574,2.826667070388794,2.5722808837890625,4620000
2016-09-09,2.7633330821990967,2.7633330821990967,2.501332998275757,2.5153329372406006,2.2889657020568848,7638000
2016-09-12,2.46066689491272,2.673332929611206,2.433332920074463,2.66599988937378,2.4260730743408203,7582500
2016-09-13,2.620666980743408,2.692667007446289,2.552000045776367,2.5886669158935547,2.3556995391845703,4434000
2016-09-14,2.596667051315308,2.680666923522949,2.564666986465454,2.6626670360565186,2.4230406284332275,5754000
2016-09-15,2.6760001182556152,2.861999988555908,2.6626670360565186,2.846667051315308,2.5904812812805176,11305500
2016-09-16,2.9200000762939453,2.925333023071289,2.7826669216156006,2.8480000495910645,2.591694593429565,5265000
2016-09-19,2.913332939147949,2.9846670627593994,2.830667018890381,2.861999988555908,2.60443377494812,5494500
2016-09-20,2.9013330936431885,2.913332939147949,2.798666954040528,2.825999975204468,2.571673631668091,3736500
2016-09-21,2.8626670837402344,2.947999954223633,2.8253331184387207,2.936666965484619,2.672381639480591,3955500
2016-09-22,2.986666917800904,3.0253329277038574,2.941999912261963,2.970666885375977,2.703322172164917,4545000
2016-09-23,2.9646670818328857,2.9646670818328857,2.863332986831665,2.875999927520752,2.617173671722412,2404500
2016-09-26,2.826667070388794,2.8413329124450684,2.75600004196167,2.7866671085357666,2.5358810424804688,2850000
2016-09-27,2.7799999713897705,2.937333106994629,2.766666889190674,2.936666965484619,2.672381639480591,4380000
2016-09-28,2.954667091369629,3.0,2.900000095367432,2.9560000896453857,2.689974069595337,4860000
2016-09-29,2.9560000896453857,3.118000030517578,2.859999895095825,3.064666986465454,2.788861989974976,12943500
2016-09-30,3.131999969482422,3.2660000324249268,3.125999927520752,3.2073330879211426,2.918688535690308,7447500
2016-10-03,3.2133328914642334,3.272666931152344,3.125333070755005,3.140666961669922,2.858022689819336,3537000
2016-10-04,3.191999912261963,3.2093329429626465,3.0833330154418945,3.1166670322418213,2.8361828327178955,4381500
2016-10-05,3.146667003631592,3.25333309173584,3.132667064666748,3.189332962036133,2.902308702468872,3516000
2016-10-06,3.192667007446289,3.249332904815674,3.122667074203491,3.244667053222656,2.9526631832122803,4366500
2016-10-07,3.2660000324249268,3.2853329181671143,3.141333103179932,3.2260000705718994,2.935675621032715,4740000
2016-10-10,3.2746670246124268,3.312666893005371,3.1760001182556152,3.177999973297119,2.891995906829834,4125000
2016-10-11,3.163332939147949,3.165333032608032,2.8940000534057617,2.97933292388916,2.711207628250122,11005500
2016-10-12,2.97933292388916,2.97933292388916,2.860666990280152,2.946000099182129,2.680874347686768,4563000
2016-10-13,2.865333080291748,2.870666980743408,2.698667049407959,2.8393330574035645,2.583807468414306,7308000
2016-10-14,2.94333291053772,3.006666898727417,2.898667097091675,2.908667087554932,2.646901130676269,8758500
2016-10-17,2.894666910171509,2.946666955947876,2.8566670417785645,2.859333038330078,2.6020069122314453,3201000
2016-10-18,2.992000102996826,2.99666690826416,2.938667058944702,2.96399998664856,2.6972544193267822,3852000
2016-10-19,2.884000062942505,2.934000015258789,2.8393330574035645,2.9200000762939453,2.657215118408203,4539000
2016-10-20,2.9146668910980225,3.01200008392334,2.851999998092652,2.9826669692993164,2.7142422199249268,4458000
2016-10-21,2.9059998989105225,2.969332933425904,2.873332977294922,2.958667039871216,2.6924021244049072,3619500
2016-10-24,3.0266671180725098,3.127332925796509,3.02066707611084,3.123332977294922,2.842248678207397,4044000
2016-10-25,3.1513330936431885,3.15733289718628,3.095999956130981,3.115999937057495,2.8355753421783447,4288500
2016-10-26,3.0566670894622803,3.1559998989105225,3.041332960128784,3.0980000495910645,2.8191957473754883,4497000
2016-10-27,3.190666913986206,3.2160000801086426,3.0446670055389404,3.0566670894622803,2.7815821170806885,4950000
2016-10-28,3.064666986465454,3.149333000183105,2.990000009536743,3.003999948501587,2.7336549758911133,5382000
2016-10-31,3.063999891281128,3.093333005905152,3.0353329181671143,3.051332950592041,2.776728391647339,2971500
2016-11-01,3.0773329734802246,3.122667074203491,2.864000082015991,2.9653329849243164,2.698467254638672,5791500
2016-11-02,2.9746670722961426,3.026000022888184,2.882667064666748,2.9059998989105225,2.644474506378174,6438000
2016-11-03,2.9200000762939453,2.969332933425904,2.8586668968200684,2.886667013168335,2.6268818378448486,5181000
2016-11-04,2.8340001106262207,2.9146668910980225,2.7753329277038574,2.8359999656677246,2.580774307250977,2907000
2016-11-07,2.99733304977417,3.084666967391968,2.96066689491272,3.0813329219818115,2.8040287494659424,3789000
2016-11-08,3.086667060852051,3.1553330421447754,3.0239999294281006,3.101332902908325,2.822227478027344,4149000
2016-11-09,2.886667013168335,3.0833330154418945,2.846667051315308,3.052000045776367,2.777334690093994,8143500
2016-11-10,3.121999979019165,3.1706669330596924,2.768666982650757,2.860666990280152,2.6032211780548096,11700000
2016-11-11,2.9560000896453857,3.198667049407959,2.953332901000977,3.183332920074463,2.8968489170074463,8976000
2016-11-14,3.200000047683716,3.23533296585083,3.104666948318481,3.130000114440918,2.848315715789795,3526500
2016-11-15,3.185333013534546,3.3333330154418945,3.1459999084472656,3.310667037963867,3.012723445892334,5700000
2016-11-16,3.2960000038146973,3.433332920074463,3.2860000133514404,3.425333023071289,3.117070198059082,6178500
2016-11-17,3.52066707611084,3.584666967391968,3.4033329486846924,3.5373330116271973,3.2189903259277344,4744500
2016-11-18,3.555999994277954,3.624666929244995,3.513999938964844,3.609999895095825,3.285118103027344,3157500
2016-11-21,3.640666961669922,3.696000099182129,3.6046669483184814,3.6579999923706055,3.3287978172302246,4183500
2016-11-22,3.7633330821990967,3.811332941055298,3.72933292388916,3.804666996002197,3.462265729904175,5646000
2016-11-23,3.791332960128784,3.838000059127808,3.747999906539917,3.819999933242798,3.476218938827514,3952500
2016-11-25,3.8559999465942383,3.8559999465942383,3.784667015075684,3.8359999656677246,3.490778923034668,1351500
2016-11-28,3.816667079925537,3.8526670932769775,3.7813329696655273,3.803999900817871,3.4616591930389404,2221500
2016-11-29,3.788000106811523,3.843333005905152,3.724667072296143,3.7820000648498535,3.4416391849517822,1993500
2016-11-30,3.787333011627197,3.801332950592041,3.709332942962648,3.71399998664856,3.3797590732574463,1819500
2016-12-01,3.700666904449463,3.708667039871216,3.104666948318481,3.1646668910980225,2.8798627853393555,10963500
2016-12-02,3.1519999504089355,3.3006670475006104,3.119999885559082,3.2873330116271973,2.9914891719818115,6096000
2016-12-05,3.369999885559082,3.436666965484619,3.303999900817871,3.40733289718628,3.10068941116333,6199500
2016-12-06,3.441999912261963,3.558666944503784,3.440666913986206,3.548666954040528,3.2293055057525635,4474500
2016-12-07,3.5333330631256104,3.793333053588867,3.504667043685913,3.7733330726623535,3.433751583099365,6499500
2016-12-08,3.7826669216156006,3.930000066757202,3.7826669216156006,3.869999885559082,3.521719455718994,7072500
2016-12-09,3.9800000190734863,3.986000061035156,3.742666959762573,3.821332931518554,3.4774317741394043,5371500
2016-12-12,3.7746670246124254,3.796667098999024,3.640666961669922,3.7346670627594,3.398565530776977,3918000
2016-12-13,3.786667108535767,3.937333106994629,3.754667043685913,3.860666990280152,3.513225793838501,6130500
2016-12-14,3.866667032241821,3.9260001182556152,3.811332941055298,3.8519999980926514,3.5053393840789795,5143500
2016-12-15,3.888000011444092,4.1046671867370605,3.877332925796509,4.054666996002197,3.689766645431519,7221000
2016-12-16,4.133333206176758,4.14533281326294,3.871999979019165,3.922667026519776,3.5696468353271484,4263000
2016-12-19,4.0,4.090000152587891,3.946666955947876,4.044666767120361,3.680667161941528,4107000
2016-12-20,3.996000051498413,3.996000051498413,3.919332981109619,3.9686670303344727,3.783893346786499,5374500
2016-12-21,4.000667095184326,4.017333030700684,3.952666997909546,3.9686670303344727,3.783893346786499,2376000
2016-12-22,4.111332893371582,4.128666877746582,3.982666969299317,4.03266716003418,3.844913959503174,3078000
2016-12-23,4.006667137145996,4.0960001945495605,3.994667053222656,4.092667102813721,3.902119874954224,1362000
2016-12-27,4.104000091552734,4.265999794006348,4.099999904632568,4.242000102996826,4.044499397277832,4866000
2016-12-28,4.325333118438721,4.328000068664551,3.989332914352417,3.995332956314087,3.809317588806152,8050500
2016-12-29,3.95533299446106,3.99666690826416,3.868000030517578,3.994667053222656,3.808683395385742,5998500
2016-12-30,4.079999923706055,4.097332954406738,3.7733330726623535,3.80666708946228,3.629435777664185,5214000
2017-01-03,3.908667087554932,3.977333068847656,3.7126669883728014,3.812666893005371,3.635156393051148,6211500
2017-01-04,3.864000082015991,3.8973329067230233,3.7906670570373535,3.8473329544067374,3.668208360671997,3565500
2017-01-05,3.857332944869995,3.910000085830689,3.72266697883606,3.7413330078125,3.56714391708374,3568500
2017-01-06,3.767333030700684,3.861332893371582,3.689332962036133,3.831332921981812,3.652953386306762,4870500
2017-01-09,3.866667032241821,4.000667095184326,3.865999937057495,3.954667091369629,3.770545482635498,5397000
2017-01-10,3.953332901000977,4.039332866668701,3.946000099182129,4.01466703414917,3.8277511596679688,3775500
2017-01-11,4.00266695022583,4.052667140960693,3.96399998664856,4.052667140960693,3.863982915878296,3205500
2017-01-12,4.026000022888184,4.026000022888184,3.768666982650757,3.947999954223633,3.764188051223755,5007000
2017-01-13,3.9600000381469727,4.056000232696533,3.948667049407959,4.022666931152344,3.835378646850586,4092000
2017-01-17,3.98533296585083,3.98533296585083,3.7906670570373535,3.829333066940308,3.651046514511109,4072500
2017-01-18,3.8406670093536377,3.99666690826416,3.839999914169312,3.989332914352417,3.8035969734191895,3651000
2017-01-19,3.931999921798706,4.066667079925537,3.925333023071289,3.9346671104431152,3.751476526260376,2694000
2017-01-20,4.039999961853027,4.156667232513428,4.033999919891357,4.0873332023620605,3.8970351219177246,4134000
2017-01-23,4.027332782745361,4.065999984741211,3.9140000343322754,4.006667137145996,3.820124864578247,4033500
2017-01-24,4.051332950592041,4.25933313369751,4.051332950592041,4.244667053222656,4.047043323516846,4725000
2017-01-25,4.409333229064941,4.459332942962647,4.313333034515381,4.431333065032959,4.2250189781188965,5010000
2017-01-26,4.447999954223633,4.458000183105469,4.295332908630371,4.354000091552734,4.1512861251831055,3685500
2017-01-27,4.423999786376953,4.52066707611084,4.415999889373779,4.519332885742188,4.308920860290527,3610500
2017-01-30,4.449333190917969,4.452667236328125,4.278666973114014,4.447332859039307,4.240274429321289,7095000
2017-01-31,4.372666835784912,4.384666919708252,4.193333148956299,4.27400016784668,4.075010776519775,6417000
2017-02-01,4.441332817077637,4.489333152770996,4.3460001945495605,4.477333068847656,4.268877029418945,5668500
2017-02-02,4.386666774749756,4.516666889190674,4.311333179473877,4.466000080108643,4.258072853088379,4839000
2017-02-03,4.527999877929688,4.564667224884033,4.49066686630249,4.543333053588867,4.331802845001221,2787000
2017-02-06,4.575333118438721,4.5980000495910645,4.48533296585083,4.590666770935059,4.376933574676514,4750500
2017-02-07,4.665999889373779,4.689332962036133,4.564000129699707,4.641333103179932,4.425240993499756,4060500
2017-02-08,4.693333148956299,4.7220001220703125,4.592667102813721,4.664000034332275,4.446853160858154,3667500
2017-02-09,4.688666820526123,4.688666820526123,4.522666931152344,4.541999816894531,4.330533027648926,5070000
2017-02-10,4.638000011444092,4.638000011444092,4.395999908447266,4.531332969665527,4.320362567901611,5946000
2017-02-13,4.5793328285217285,4.655333042144775,4.539332866668701,4.563333034515381,4.350873947143555,4624500
2017-02-14,4.547332763671875,4.559999942779541,4.440667152404785,4.51533317565918,4.305107116699219,3199500
2017-02-15,4.539332866668701,4.642000198364258,4.488667011260986,4.627999782562256,4.412528991699219,3541500
2017-02-16,4.643332958221436,4.672667026519775,4.561333179473877,4.64533281326294,4.429055690765381,2700000
2017-02-17,4.588666915893555,4.71999979019165,4.524666786193848,4.71999979019165,4.500246047973633,3577500
2017-02-21,4.812666893005371,4.924666881561279,4.787333011627197,4.922667026519775,4.693476676940918,4737000
2017-02-22,4.926000118255615,4.944666862487793,4.861999988555908,4.923333168029785,4.694113254547119,2751000
2017-02-23,4.874667167663574,4.888667106628418,4.585999965667725,4.678667068481445,4.460835933685303,7501500
2017-02-24,4.452000141143799,4.671999931335449,4.406000137329102,4.670667171478272,4.453208923339844,5176500
2017-02-27,4.679999828338623,4.810667037963867,4.642666816711426,4.805333137512207,4.581605434417725,3328500
2017-02-28,4.826666831970215,4.826666831970215,4.5879998207092285,4.619332790374756,4.404265403747559,4711500
2017-03-01,4.793333053588867,4.853332996368408,4.650000095367432,4.835999965667725,4.61084508895874,4848000
2017-03-02,4.874000072479248,4.901332855224609,4.671999931335449,4.685999870300293,4.467829704284668,4126500
2017-03-03,4.693333148956299,4.700666904449463,4.5920000076293945,4.677332878112793,4.459566116333008,3142500
2017-03-06,4.602666854858398,4.710000038146973,4.519999980926514,4.684667110443115,4.466558933258057,3381000
2017-03-07,4.658667087554932,4.808000087738037,4.618667125701904,4.71733283996582,4.497702121734619,4263000
2017-03-08,4.785333156585693,4.864666938781738,4.720666885375977,4.751999855041504,4.53075647354126,4267500
2017-03-09,4.739333152770996,4.800000190734863,4.660666942596436,4.774666786193848,4.552367210388184,2389500
2017-03-10,4.858666896820068,4.971333026885986,4.858666896820068,4.939332962036133,4.709367275238037,4827000
2017-03-13,4.9806671142578125,5.057332992553711,4.957333087921143,5.053999900817871,4.818694591522217,4614000
2017-03-14,5.004666805267334,5.010666847229004,4.880000114440918,5.007332801818848,4.774200916290283,4156500
2017-03-15,5.043333053588867,5.15399980545044,4.953332901000977,5.128666877746582,4.889885902404785,4375500
2017-03-16,5.196000099182129,5.196000099182129,5.078000068664551,5.108666896820068,4.870815753936768,2938500
2017-03-17,5.156667232513428,5.168000221252441,5.098667144775391,5.136666774749756,4.897514343261719,2268000
2017-03-20,5.164000034332275,5.307332992553711,5.133333206176758,5.251333236694336,5.006840705871582,3282000
2017-03-21,5.317333221435547,5.326000213623047,4.853332996368408,4.886000156402588,4.658517360687256,8511000
2017-03-22,4.892666816711426,5.055333137512207,4.844666957855225,5.041999816894531,4.807252883911133,4558500
2017-03-23,5.039999961853027,5.073999881744385,4.962666988372803,5.00333309173584,4.770387172698975,3840000
2017-03-24,5.211999893188477,5.294000148773193,5.052667140960693,5.108666896820068,4.870815753936768,5841000
2017-03-27,4.939332962036133,5.171332836151123,4.898666858673096,5.135333061218262,4.896240711212158,7363500
2017-03-28,5.165332794189453,5.242000102996826,5.090000152587891,5.186666965484619,4.945186138153076,4147500
2017-03-29,5.186666965484619,5.186666965484619,5.099999904632568,5.143332958221436,4.903868675231934,3456000
2017-03-30,5.134666919708252,5.25933313369751,5.134666919708252,5.231332778930664,4.9877705574035645,5355000
2017-03-31,5.24399995803833,5.300000190734863,5.1666669845581055,5.221333026885986,4.978236198425293,3334500
2017-04-03,5.251333236694336,5.2733330726623535,5.026000022888184,5.130667209625244,4.891793251037598,4821000
2017-04-04,5.035333156585693,5.150000095367432,5.000667095184326,5.052000045776367,4.8167877197265625,3976500
2017-04-05,5.108666896820068,5.193333148956299,4.933332920074463,4.942667007446289,4.712544918060303,5608500
2017-04-06,4.939332962036133,4.995333194732666,4.814667224884033,4.96133279800415,4.730342864990234,5905500
2017-04-07,4.9633331298828125,5.071332931518555,4.932000160217285,5.027332782745361,4.793270111083984,2850000
2017-04-10,5.031332969665527,5.041333198547363,4.874000072479248,4.910666942596436,4.682035446166992,3631500
2017-04-11,4.850666999816895,4.850666999816895,4.570666790008545,4.791333198547363,4.568258285522461,7803000
2017-04-12,4.760666847229004,4.76800012588501,4.510000228881836,4.53866720199585,4.3273539543151855,8232000
2017-04-13,4.469333171844482,4.65399980545044,4.447999954223633,4.451333045959473,4.24408769607544,4864500
2017-04-17,4.492667198181152,4.626667022705078,4.492667198181152,4.625332832336426,4.40998649597168,5293500
2017-04-18,4.561333179473877,4.691999912261963,4.53000020980835,4.680666923522949,4.462744235992432,3120000
2017-04-19,4.791999816894531,4.886666774749756,4.733333110809326,4.757332801818848,4.535840034484863,3657000
2017-04-20,4.861332893371582,5.006667137145996,4.792666912078857,4.98533296585083,4.753223896026611,5005500
2017-04-21,4.936666965484619,4.946000099182129,4.792666912078857,4.915332794189453,4.686482906341553,5757000
2017-04-24,5.129333019256592,5.173333168029785,5.061999797821045,5.126667022705078,4.887979507446289,7372500
2017-04-25,5.22599983215332,5.307332992553711,5.162000179290772,5.286666870117188,5.040529251098633,4311000
2017-04-26,5.26800012588501,5.283999919891357,5.094666957855225,5.150667190551758,4.910861015319824,5542500
2017-04-27,5.261332988739014,5.389999866485596,5.224667072296143,5.369999885559082,5.119983673095703,5331000
2017-04-28,5.328667163848877,5.328667163848877,5.050000190734863,5.0960001945495605,4.858741283416748,7579500
2017-05-01,5.153333187103272,5.25,5.055333137512207,5.244667053222656,5.000484466552734,5449500
2017-05-02,5.199999809265137,5.199999809265137,4.993332862854004,5.076000213623047,4.839670181274414,4305000
2017-05-03,5.013332843780518,5.15399980545044,4.998000144958496,5.131999969482422,4.893064498901367,2863500
2017-05-04,5.153333187103272,5.173333168029785,5.058667182922363,5.119332790374756,4.880985736846924,2571000
2017-05-05,5.159333229064941,5.179999828338623,5.03866720199585,5.173999786376953,4.933107376098633,2940000
2017-05-08,5.161333084106445,5.197332859039307,5.084667205810547,5.116666793823242,4.878444194793701,1861500
2017-05-09,5.116666793823242,5.310667037963867,5.116666793823242,5.271999835968018,5.026545524597168,4875000
2017-05-10,5.450666904449463,5.633333206176758,5.447999954223633,5.605999946594238,5.344995498657227,6981000
2017-05-11,5.565332889556885,5.739333152770996,5.450666904449463,5.66266679763794,5.399025917053223,3789000
2017-05-12,5.684667110443115,5.73466682434082,5.617332935333252,5.714000225067139,5.4479660987854,3030000
2017-05-15,5.75333309173584,5.98799991607666,5.736667156219482,5.97599983215332,5.69776725769043,3984000
2017-05-16,6.041999816894531,6.24399995803833,5.97599983215332,6.242667198181152,5.952020168304443,4143000
2017-05-17,5.99666690826416,6.057332992553711,5.423333168029785,5.423333168029785,5.170832633972168,14551500
2017-05-18,5.480000019073486,5.77666711807251,5.400000095367432,5.734000205993652,5.467036247253418,12283500
2017-05-19,5.893332958221436,5.97933292388916,5.873332977294922,5.922667026519775,5.646919250488281,6928500
2017-05-22,6.007999897003174,6.118667125701904,5.989999771118164,6.111999988555908,5.827435493469238,5236500
2017-05-23,6.125332832336426,6.133333206176758,5.888000011444092,6.041333198547363,5.760061264038086,4482000
2017-05-24,6.139999866485596,6.188666820526123,6.073332786560059,6.15399980545044,5.8674821853637695,3240000
2017-05-25,6.24066686630249,6.315999984741211,6.133333206176758,6.257332801818848,5.966002941131592,3831000
2017-05-26,6.25600004196167,6.336667060852051,6.116000175476074,6.332666873931885,6.037829399108887,4323000
2017-05-30,6.328667163848877,6.505332946777344,6.326000213623047,6.459332942962647,6.158598899841309,4041000
2017-05-31,6.5980000495910645,6.632667064666748,6.361332893371582,6.457333087921143,6.156691074371338,6340500
2017-06-01,6.486000061035156,6.519999980926514,6.357333183288574,6.47333288192749,6.1719465255737305,3088500
2017-06-02,6.585332870483398,6.696667194366455,6.448667049407959,6.665999889373779,6.355644226074219,5817000
2017-06-05,6.667333126068115,6.822667121887207,6.646667003631592,6.723999977111816,6.410943984985352,4200000
2017-06-06,6.633999824523926,6.920667171478272,6.614666938781738,6.7906670570373535,6.474506378173828,5025000
2017-06-07,6.868667125701904,7.015999794006348,6.829999923706055,6.949999809265137,6.626420974731445,6444000
2017-06-08,7.084667205810547,7.319333076477051,6.922667026519775,7.314000129699707,6.973474979400635,7707000
2017-06-09,7.466667175292969,7.53866720199585,5.962666988372803,6.392000198364258,6.094400882720947,32179500
2017-06-12,6.127999782562256,6.284667015075684,5.745333194732666,6.284667015075684,5.992064952850342,22534500
2017-06-13,6.5966668128967285,6.599999904632568,6.171332836151123,6.406000137329102,6.107748508453369,14511000
2017-06-14,6.482666969299316,6.527332782745361,5.99666690826416,6.199333190917969,5.910703659057617,11181000
2017-06-15,5.875999927520752,6.114666938781738,5.869999885559082,6.050000190734863,5.76832389831543,8821500
2017-06-16,6.068666934967041,6.196000099182129,5.926000118255615,5.980000019073486,5.701583385467529,8154000
2017-06-19,6.165332794189453,6.349999904632568,6.162000179290772,6.320666790008545,6.026388645172119,11425500
2017-06-20,6.393332958221436,6.443999767303467,6.102666854858398,6.1106672286987305,5.826166152954102,8809500
2017-06-21,6.193999767303467,6.326666831970215,6.116666793823242,6.318666934967041,6.024482727050781,6385500
2017-06-22,6.351333141326904,6.3566670417785645,6.183332920074463,6.27133321762085,5.97935152053833,7081500
2017-06-23,6.24733304977417,6.433332920074463,6.214666843414307,6.3293328285217285,6.034651279449463,5433000
2017-06-26,6.483333110809326,6.5406670570373535,6.066667079925537,6.171999931335449,5.884643077850342,11284500
2017-06-27,6.046667098999023,6.072000026702881,5.6666669845581055,5.673333168029785,5.409192562103272,13833000
2017-06-28,5.791333198547363,5.986667156219482,5.605332851409912,5.9633331298828125,5.685692310333252,9801000
2017-06-29,5.838666915893555,5.881332874298096,5.27666711807251,5.515999794006348,5.259184837341309,18418500
2017-06-30,5.570666790008545,5.654666900634766,5.3566670417785645,5.433332920074463,5.180366516113281,8343000
2017-07-03,5.531332969665527,5.584000110626221,5.199999809265137,5.199999809265137,4.957898616790772,6811500
2017-07-05,5.266666889190674,5.550000190734863,5.266666889190674,5.53000020980835,5.272533893585205,9180000
2017-07-06,5.3379998207092285,5.595333099365234,5.293333053588867,5.456666946411133,5.202614784240723,8092500
2017-07-07,5.567333221435547,5.791999816894531,5.50266695022583,5.724667072296143,5.458135604858398,7816500
2017-07-10,5.787333011627197,5.966667175292969,5.685332775115967,5.929999828338623,5.653911113739014,6774000
2017-07-11,5.918000221252441,6.078667163848877,5.860000133514404,6.069333076477051,5.786755561828613,7659000
2017-07-12,6.233333110809326,6.3979997634887695,6.177332878112793,6.358666896820068,6.062619209289551,14623500
2017-07-13,6.397333145141602,6.507999897003174,6.239999771118164,6.305333137512207,6.011768341064453,13311000
2017-07-14,6.3993330001831055,6.561333179473877,6.352666854858398,6.557332992553711,6.252037525177002,9894000
2017-07-17,6.604000091552734,6.623332977294922,6.402667045593262,6.47333288192749,6.1719465255737305,8266500
2017-07-18,6.355999946594238,6.533999919891357,6.2820000648498535,6.533999919891357,6.229788780212402,5998500
2017-07-19,6.633333206176758,6.714000225067139,6.573999881744385,6.709332942962647,6.396958351135254,6400500
2017-07-20,6.732666969299316,6.795332908630371,6.549333095550537,6.767333030700684,6.452259063720703,5653500
2017-07-21,6.613999843597412,6.631332874298096,6.48799991607666,6.593999862670898,6.286995887756348,6243000
2017-07-24,6.611999988555908,6.613333225250244,6.49666690826416,6.529333114624023,6.225340366363525,5100000
2017-07-25,6.499332904815674,6.565999984741211,6.315999984741211,6.525332927703857,6.221526145935059,6889500
2017-07-26,6.668000221252441,6.820666790008545,6.616000175476074,6.71999979019165,6.407127857208252,7546500
2017-07-27,6.789999961853027,6.820000171661377,6.187333106994629,6.4166669845581055,6.117917537689209,19879500
2017-07-28,6.318666934967041,6.426000118255615,6.254000186920166,6.354000091552734,6.058171272277832,4975500
2017-07-31,6.366666793823242,6.452667236328125,6.150000095367432,6.21133279800415,5.922144412994385,6486000
2017-08-01,6.25600004196167,6.315332889556885,6.159999847412109,6.315332889556885,6.021302223205566,4021500
2017-08-02,6.419332981109619,6.4633331298828125,6.046667098999023,6.180666923522949,5.8929057121276855,8943000
2017-08-03,6.175333023071289,6.225333213806152,6.016666889190674,6.107333183288574,5.822988033294678,5614500
2017-08-04,6.138000011444092,6.260000228881836,6.062666893005371,6.113999843597412,5.829343318939209,3673500
2017-08-07,6.156000137329102,6.438000202178955,6.155333042144775,6.432000160217285,6.132538318634033,6843000
2017-08-08,6.428667068481445,6.597332954406738,6.300000190734863,6.364666938781738,6.068339824676514,6391500
2017-08-09,6.201333045959473,6.323332786560059,6.133333206176758,6.302000045776367,6.008591175079346,4788000
2017-08-10,6.170667171478272,6.197332859039307,5.766666889190674,5.776000022888184,5.507080078125,10722000
2017-08-11,5.710667133331299,5.906667232513428,5.657332897186279,5.871333122253418,5.59797477722168,5586000
2017-08-14,6.079999923706055,6.344666957855225,6.079999923706055,6.326000213623047,6.031474113464356,6805500
2017-08-15,6.386000156402588,6.407332897186279,6.234000205993652,6.372666835784912,6.075966835021973,3964500
2017-08-16,6.427332878112793,6.478000164031982,6.305333137512207,6.401332855224609,6.103299140930176,4659000
2017-08-17,6.28000020980835,6.365333080291748,5.891333103179932,5.891333103179932,5.617044448852539,8376000
2017-08-18,6.006667137145996,6.076666831970215,5.8460001945495605,5.945333003997803,5.668529987335205,5275500
2017-08-21,5.966667175292969,5.969333171844482,5.690000057220459,5.817999839782715,5.547123432159424,6723000
2017-08-22,5.959332942962647,6.130000114440918,5.933332920074463,6.093999862670898,5.810274600982666,4810500
2017-08-23,5.943999767303467,6.221333026885986,5.883333206176758,6.174666881561279,5.887186527252197,4038000
2017-08-24,6.266666889190674,6.266666889190674,6.058667182922363,6.167333126068115,5.880194664001465,3655500
2017-08-25,6.21733283996582,6.266666889190674,6.039999961853027,6.075333118438721,5.792477607727051,3156000
2017-08-28,6.093332767486572,6.145999908447266,6.028666973114014,6.122666835784912,5.8376054763793945,2274000
2017-08-29,5.891333103179932,6.206666946411133,5.888000011444092,6.165999889373779,5.878924369812012,3357000
2017-08-30,6.2133331298828125,6.5,6.193999767303467,6.480000019073486,6.178303241729736,6849000
2017-08-31,6.563333034515381,6.691332817077637,6.506667137145996,6.670000076293945,6.3594584465026855,6339000
2017-09-01,6.75,6.861332893371582,6.701333045959473,6.757332801818848,6.442724227905273,4966500
2017-09-05,6.619999885559082,6.708000183105469,6.300000190734863,6.471333026885986,6.170040607452393,7698000
2017-09-06,6.561333179473877,6.594666957855225,6.4079999923706055,6.510000228881836,6.206905841827393,3603000
2017-09-07,6.566667079925537,6.613999843597412,6.452667236328125,6.539999961853027,6.235508918762207,2992500
2017-09-08,6.500667095184326,6.533332824707031,6.233333110809326,6.297999858856201,6.004776477813721,4530000
2017-09-11,6.460000038146973,6.708000183105469,6.447999954223633,6.667333126068115,6.356915473937988,6217500
2017-09-12,6.75600004196167,6.813333034515381,6.636000156402588,6.756667137145996,6.4420905113220215,4447500
2017-09-13,6.697999954223633,6.840000152587891,6.636666774749756,6.783999919891357,6.468151092529297,3481500
2017-09-14,6.690000057220459,6.993332862854004,6.667333126068115,6.878666877746582,6.558409690856934,4311000
2017-09-15,6.933332920074463,7.25333309173584,6.921999931335449,7.227333068847656,6.890841484069824,6129000
2017-09-18,7.361332893371582,7.651332855224609,7.357333183288574,7.513999938964844,7.164162635803223,7929000
2017-09-19,7.588666915893555,7.671332836151123,7.438000202178955,7.592000007629394,7.23853063583374,4869000
2017-09-20,7.609333038330078,7.609333038330078,6.978000164031982,7.271999835968018,6.933429718017578,12088500
2017-09-21,7.254666805267334,7.263999938964844,6.9913330078125,7.183332920074463,6.848891258239746,4734000
2017-09-22,7.085332870483398,7.317999839782715,7.067333221435547,7.285999774932861,6.946777820587158,3871500
2017-09-25,7.172667026519775,7.185332775115967,6.763332843780518,6.861999988555908,6.542518615722656,10708500
2017-09-26,7.081999778747559,7.097332954406738,6.775332927703857,6.849999904632568,6.5310773849487305,7134000
2017-09-27,7.067333221435547,7.4106669425964355,7.048666954040527,7.329999923706055,6.988729953765869,7663500
2017-09-28,7.310667037963867,7.495333194732666,7.243332862854004,7.494667053222656,7.1457295417785645,4728000
2017-09-29,7.545332908630371,7.702000141143799,7.462666988372803,7.684000015258789,7.326247692108154,6090000
2017-10-02,7.751999855041504,7.928667068481445,7.659333229064941,7.817333221435547,7.45337438583374,6615000
2017-10-03,7.866000175476074,7.9593329429626465,7.778666973114014,7.894667148590088,7.527106761932373,4030500
2017-10-04,7.866666793823242,7.946667194366455,7.72599983215332,7.946667194366455,7.576685905456543,4509000
2017-10-05,8.034000396728516,8.062666893005371,7.832666873931885,7.9633331298828125,7.592576026916504,4539000
2017-10-06,7.8333330154418945,8.066666603088379,7.8333330154418945,8.066666603088379,7.691097259521484,2910000
2017-10-09,8.149333000183105,8.266667366027832,8.12733268737793,8.235333442687988,7.851912975311279,4219500
2017-10-10,8.432000160217285,8.437333106994629,8.13933277130127,8.395333290100098,8.004463195800781,5818500
2017-10-11,8.307999610900879,8.564000129699707,8.300000190734863,8.5600004196167,8.161465644836426,4752000
2017-10-12,8.533332824707031,8.646666526794434,8.453332901000977,8.473333358764648,8.078829765319824,4723500
2017-10-13,8.548666954040527,8.723333358764648,8.522000312805176,8.640000343322754,8.237736701965332,4167000
2017-10-16,8.733332633972168,8.76533317565918,8.583333015441895,8.763999938964844,8.355964660644531,4827000
2017-10-17,8.758000373840332,8.759332656860352,8.604666709899902,8.744667053222656,8.33753490447998,2974500
2017-10-18,8.789999961853027,8.870667457580566,8.477999687194824,8.830666542053223,8.419527053833008,6814500
2017-10-19,8.596667289733887,8.759332656860352,8.343999862670898,8.75333309173584,8.345791816711426,7495500
2017-10-20,8.923333168029785,9.017333030700684,8.846667289733887,8.879332542419434,8.465927124023438,4353000
2017-10-23,9.005999565124512,9.165332794189451,8.885333061218262,9.022000312805176,8.601954460144043,7243500
2017-10-24,9.096667289733888,9.236666679382324,8.982000350952148,9.206000328063965,8.777382850646973,5085000
2017-10-25,9.034000396728516,9.130000114440918,8.5686674118042,8.846667289733887,8.434784889221191,12625500
2017-10-26,8.892000198364258,9.053333282470703,8.856666564941406,9.005332946777344,8.58606243133545,5766000
2017-10-27,9.233332633972168,9.599332809448242,9.06133270263672,9.557332992553713,9.112361907958984,9070500
2017-10-30,9.233332633972168,9.761333465576172,9.233332633972168,9.647333145141602,9.19817066192627,7716000
2017-10-31,9.733332633972168,9.956000328063965,9.638667106628418,9.86400032043457,9.404748916625977,5248500
2017-11-01,10.111332893371582,10.119999885559082,9.506667137145996,9.772000312805176,9.317034721374512,7902000
2017-11-02,9.784000396728516,9.979999542236328,9.58133316040039,9.90133285522461,9.44034481048584,6831000
2017-11-03,10.0086669921875,10.432666778564451,9.803333282470703,10.429332733154297,9.943766593933104,11805000
2017-11-06,10.697999954223633,10.883333206176758,10.5,10.873332977294922,10.367090225219728,10276500
2017-11-07,10.829333305358888,10.910667419433594,10.61733341217041,10.84333324432373,10.338488578796388,8470500
2017-11-08,10.766667366027832,10.970000267028809,10.675999641418455,10.952667236328123,10.442733764648438,5565000
2017-11-09,10.631333351135254,10.660667419433594,9.88933277130127,10.28600025177002,9.807101249694824,17956500
2017-11-10,10.36733341217041,10.510666847229004,10.292667388916016,10.481332778930664,9.993346214294434,6489000
2017-11-13,10.320667266845703,10.612667083740234,10.266667366027832,10.56666660308838,10.07470417022705,5070000
2017-11-14,10.488666534423828,10.63466739654541,10.3013334274292,10.53733253479004,10.046737670898438,6117000
2017-11-15,10.261333465576172,10.395999908447266,10.0,10.258000373840332,9.780407905578612,8970000
2017-11-16,10.399999618530272,10.846667289733888,10.399999618530272,10.720000267028809,10.22089672088623,7363500
2017-11-17,10.878666877746582,10.912667274475098,10.526666641235352,10.57800006866455,10.0855073928833,6295500
2017-11-20,10.66800022125244,11.007332801818848,10.661333084106444,10.951333045959473,10.44145965576172,6471000
2017-11-21,11.199999809265137,11.370667457580566,11.09866714477539,11.343999862670898,10.81584644317627,9874500
2017-11-22,11.442667007446287,11.453332901000977,11.071999549865724,11.12266731262207,10.604816436767578,6756000
2017-11-24,11.21733283996582,11.442667007446287,11.213333129882812,11.420000076293944,10.888306617736816,6757500
2017-11-27,11.215999603271484,11.216667175292969,10.93333339691162,10.989999771118164,10.478327751159668,10698000
2017-11-28,11.104666709899902,11.124667167663574,10.793333053588867,10.979999542236328,10.468790054321287,9736500
2017-11-29,10.916666984558104,10.937333106994627,9.22266674041748,9.536666870117188,9.092658996582031,36519000
2017-11-30,9.863332748413086,9.993332862854004,9.52066707611084,9.713333129882812,9.26109790802002,14869500
2017-12-01,9.419333457946776,9.553333282470703,8.666666984558105,9.380666732788086,8.943922996520996,19072500
2017-12-04,9.706666946411133,9.729999542236328,8.516667366027832,8.699999809265137,8.29494571685791,23742000
2017-12-05,8.597999572753906,9.199333190917969,8.338000297546387,8.711333274841309,8.305752754211426,16374000
2017-12-06,8.468000411987305,8.844667434692383,8.352666854858398,8.799332618713379,8.389655113220215,10795500
2017-12-07,9.010666847229004,9.13933277130127,8.883999824523926,9.05666732788086,8.635004997253418,9966000
2017-12-08,9.34333324432373,9.385333061218262,8.89466667175293,8.916666984558105,8.501523971557617,9871500
2017-12-11,8.960000038146973,9.148667335510254,8.876667022705078,9.071999549865724,8.649621963500977,5599500
2017-12-12,9.0,9.0,8.77400016784668,8.800000190734863,8.390288352966309,5977500
2017-12-13,8.88466739654541,9.042667388916016,8.780667304992676,8.798666954040527,8.389019012451172,4125000
2017-12-14,8.787332534790039,8.949333190917969,8.708000183105469,8.778667449951172,8.369950294494629,5094000
2017-12-15,8.866666793823242,9.25,8.766667366027832,9.169333457946776,8.742427825927734,10255500
2017-12-18,9.516667366027832,9.793333053588867,9.378666877746582,9.78733253479004,9.331652641296388,15397500
2017-12-19,9.7413330078125,9.843999862670898,9.577333450317385,9.744000434875488,9.297999382019045,8127000
2017-12-20,10.017333030700684,10.083333015441896,9.686667442321776,9.947999954223633,9.492664337158203,8721000
2017-12-21,10.008000373840332,10.008000373840332,9.583999633789062,9.62600040435791,9.185401916503906,6909000
2017-12-22,9.474666595458984,9.618000030517578,9.400667190551758,9.600666999816896,9.16122817993164,3942000
2017-12-26,9.266667366027832,9.342000007629396,9.07333278656006,9.32333278656006,8.896588325500488,4524000
2017-12-27,9.27066707611084,9.55799961090088,9.267333030700684,9.417332649230955,8.986285209655762,2980500
2017-12-28,9.531999588012695,9.56133270263672,9.434000015258787,9.477333068847656,9.043539047241213,3168000
2017-12-29,9.50333309173584,9.53733253479004,9.19200038909912,9.19333267211914,8.772539138793945,4132500
2018-01-02,9.350000381469728,9.951333045959473,9.303999900817873,9.951333045959473,9.495843887329102,9237000
2018-01-03,10.050666809082031,10.46399974822998,10.027999877929688,10.446666717529297,9.968504905700684,9871500
2018-01-04,10.663999557495115,10.738666534423828,10.368666648864746,10.630000114440918,10.143447875976562,8502000
2018-01-05,10.746000289916992,10.937999725341797,10.577333450317385,10.821999549865724,10.326662063598633,7713000
2018-01-08,10.810667037963867,11.166666984558104,10.723333358764648,11.065333366394045,10.558856010437012,6538500
2018-01-09,11.119999885559082,11.12733268737793,10.690667152404783,10.747332572937012,10.255407333374023,9009000
2018-01-10,10.378000259399414,10.49666690826416,10.097332954406738,10.350000381469728,9.876265525817873,13269000
2018-01-11,10.47933292388916,10.547332763671877,10.317999839782717,10.533332824707031,10.051206588745115,5524500
2018-01-12,10.528667449951172,10.76533317565918,10.440667152404783,10.696666717529297,10.207063674926758,5019000
2018-01-16,10.937333106994627,11.1813325881958,10.61066722869873,10.81133270263672,10.316481590270996,9804000
2018-01-17,11.091333389282228,11.792667388916016,11.053333282470703,11.7413330078125,11.203913688659668,11496000
2018-01-18,11.65666675567627,12.083333015441896,11.630000114440918,11.908666610717772,11.363584518432615,9171000
2018-01-19,12.04800033569336,12.10200023651123,11.715999603271484,11.940667152404783,11.394124984741213,9315000
2018-01-22,11.98799991607666,12.21733283996582,11.8100004196167,12.21733283996582,11.658125877380373,5620500
2018-01-23,12.373332977294922,12.496000289916992,12.234000205993652,12.494667053222656,11.92276668548584,6738000
2018-01-24,12.138667106628418,12.236000061035156,11.370667457580566,11.63466739654541,11.102128982543944,18628500
2018-01-25,12.079999923706056,12.095333099365234,11.028667449951172,11.029333114624023,10.524502754211426,13167000
2018-01-26,11.466667175292969,12.083333015441896,11.399999618530272,12.075332641601562,11.522624969482422,12733500
2018-01-29,11.916000366210938,12.27733325958252,11.591333389282228,12.036666870117188,11.48573112487793,9184500
2018-01-30,11.40666675567627,11.718667030334473,11.267999649047852,11.303999900817873,10.78660011291504,11923500
2018-01-31,11.68333339691162,11.830666542053224,11.392000198364258,11.593999862670898,11.063323974609377,6891000
2018-02-01,11.266667366027832,11.927332878112791,11.206666946411133,11.422666549682615,10.89983081817627,6895500
2018-02-02,11.06933307647705,11.15999984741211,10.466667175292969,10.468667030334473,9.989498138427734,13788000
2018-02-05,10.199999809265137,10.72266674041748,8.933333396911621,9.067999839782717,8.65294361114502,16929000
2018-02-06,8.526666641235352,10.022000312805176,8.518667221069336,10.0,9.54228401184082,20614500
2018-02-07,9.859999656677246,10.050666809082031,9.333333015441896,9.334667205810549,8.907403945922852,12523500
2018-02-08,9.500666618347168,9.527999877929688,8.13466739654541,8.153332710266113,7.780140399932861,17155500
2018-02-09,8.757332801818848,9.03600025177002,7.820666790008545,8.895999908447266,8.48881721496582,20676000
2018-02-12,9.144000053405762,9.540666580200195,8.949999809265137,9.36533260345459,8.936665534973145,14100000
2018-02-13,9.125332832336426,9.395999908447266,9.088000297546388,9.351332664489746,8.92330551147461,7440000
2018-02-14,9.133333206176758,10.034667015075684,9.133333206176758,9.97933292388916,9.522563934326172,11127000
2018-02-15,10.254667282104492,10.347999572753906,9.633333206176758,10.347999572753906,9.874350547790527,12339000
2018-02-16,10.157333374023438,10.604666709899902,10.152000427246094,10.230667114257812,9.762393951416016,7677000
2018-02-20,10.100000381469728,11.052666664123535,10.089332580566406,10.760666847229004,10.268132209777832,11586000
2018-02-21,10.95400047302246,10.968000411987305,10.37600040435791,10.395999908447266,9.920158386230469,9901500
2018-02-22,10.523332595825195,10.638667106628418,10.224666595458984,10.3186674118042,9.84636688232422,5809500
2018-02-23,10.587332725524902,10.988666534423828,10.55666732788086,10.988666534423828,10.485695838928224,8178000
2018-02-26,11.233332633972168,11.699999809265137,11.140666961669922,11.687999725341797,11.153020858764648,8653500
2018-02-27,11.647333145141602,12.170000076293944,11.572667121887209,11.579999923706056,11.049962997436523,10837500
2018-02-28,11.800000190734863,11.93000030517578,11.231332778930664,11.261333465576172,10.745884895324709,10170000
2018-03-01,11.281999588012695,11.402667045593262,10.333333015441896,10.718000411987305,10.227420806884766,14397000
2018-03-02,10.258000373840332,11.33133316040039,10.258000373840332,11.272000312805176,10.756063461303713,9610500
2018-03-05,11.10533332824707,11.739999771118164,10.93333339691162,11.579333305358888,11.049327850341797,8790000
2018-03-06,11.853333473205566,12.190667152404783,11.716667175292969,12.102666854858398,11.548707008361816,12933000
2018-03-07,11.750666618347168,12.256667137145996,11.733332633972168,12.197999954223633,11.639678001403809,9990000
2018-03-08,12.333333015441896,12.447333335876465,12.026666641235352,12.25,11.68929672241211,8625000
2018-03-09,12.461333274841309,13.016667366027832,12.439332962036133,13.013333320617676,12.41769313812256,12120000
2018-03-12,13.279999732971191,13.628000259399414,13.166666984558104,13.41866683959961,12.804471969604492,12079500
2018-03-13,13.665332794189451,13.93333339691162,12.611332893371582,12.791999816894531,12.206490516662598,22048500
2018-03-14,12.949333190917969,12.979999542236328,12.434000015258787,12.786666870117188,12.201400756835938,13102500
2018-03-15,12.88599967956543,13.012666702270508,12.555999755859377,12.749333381652832,12.165778160095217,7572000
2018-03-16,12.805999755859377,12.96399974822998,12.682000160217283,12.739333152770996,12.156232833862305,4693500
2018-03-19,12.407999992370604,12.54466724395752,11.468667030334473,12.001333236694336,11.452013969421388,17712000
2018-03-20,12.06666660308838,12.38599967956543,12.017333030700684,12.281999588012695,11.71983242034912,8823000
2018-03-21,12.196000099182127,12.822667121887209,12.079999923706056,12.36533260345459,11.799352645874023,9939000
2018-03-22,11.781999588012695,12.146666526794434,11.33199977874756,11.350000381469728,10.83049201965332,15714000
2018-03-23,11.284667015075684,11.358667373657228,10.214667320251465,10.214667320251465,9.747127532958984,16557000
2018-03-26,10.980667114257812,11.507332801818848,10.534667015075684,11.499333381652832,10.972989082336426,18847500
2018-03-27,11.84000015258789,11.851332664489746,9.934000015258787,10.21733283996582,9.749669075012209,23146500
2018-03-28,10.092666625976562,10.302666664123535,9.42133331298828,9.56933307647705,9.131330490112305,20061000
2018-03-29,9.788666725158691,10.45533275604248,9.543333053588867,10.187999725341797,9.721681594848633,17752500
2018-04-02,9.880000114440918,10.133333206176758,8.723999977111816,9.008000373840332,8.595686912536621,19338000
2018-04-03,9.392666816711426,9.586000442504885,9.042667388916016,9.52400016784668,9.088068962097168,15993000
2018-04-04,8.707332611083984,9.96066665649414,8.683333396911621,9.887332916259766,9.434773445129396,16759500
2018-04-05,10.09333324432373,10.128666877746582,9.37399959564209,9.583333015441896,9.144688606262209,13840500
2018-04-06,9.170666694641112,9.499333381652832,8.588666915893555,8.708666801452637,8.310057640075684,13326000
2018-04-09,9.04599952697754,9.623332977294922,8.854000091552734,8.868000030517578,8.462096214294434,16462500
2018-04-10,9.498000144958496,9.869999885559082,9.302666664123535,9.720666885375977,9.275736808776855,18669000
2018-04-11,9.574666976928713,9.980667114257812,9.476667404174805,9.724666595458984,9.27955436706543,10633500
2018-04-12,9.989333152770996,10.358667373657228,9.908666610717772,10.278667449951172,9.808195114135742,13927500
2018-04-13,10.657333374023438,10.677332878112791,9.916666984558104,10.03733253479004,9.577906608581545,14283000
2018-04-16,10.227999687194824,10.254667282104492,9.844667434692385,10.10200023651123,9.639616012573242,8299500
2018-04-17,10.296667098999023,10.737333297729492,10.266667366027832,10.67133331298828,10.182890892028809,12387000
2018-04-18,10.46733283996582,10.525333404541016,10.046667098999023,10.34066677093506,9.867359161376951,12802500
2018-04-19,9.797332763671877,9.800000190734863,8.90666675567627,9.005332946777344,8.593144416809082,33981000
2018-04-20,9.0,9.133333206176758,8.559332847595215,8.682000160217285,8.284610748291016,16249500
2018-04-23,8.815333366394043,8.838666915893555,8.266667366027832,8.332667350769043,7.951269626617432,16278000
2018-04-24,8.54466724395752,8.783332824707031,7.906000137329102,8.130000114440918,7.757876873016357,21633000
2018-04-25,8.251999855041504,8.281332969665527,7.710667133331299,8.101332664489746,7.730522632598877,20535000
2018-04-26,8.461333274841309,8.61733341217041,8.323332786560059,8.595999717712402,8.202544212341309,17655000
2018-04-27,8.904000282287598,8.932000160217285,8.285332679748535,8.406000137329102,8.02124309539795,13656000
2018-04-30,8.399999618530273,8.553333282470703,8.022666931152344,8.12733268737793,7.755331516265869,11466000
2018-05-01,8.066666603088379,8.55666732788086,8.047332763671875,8.529333114624023,8.138934135437012,13552500
2018-05-02,8.531332969665527,8.633999824523926,8.309332847595215,8.411999702453613,8.026969909667969,10189500
2018-05-03,8.199999809265137,8.673333168029785,8.014666557312012,8.564000129699707,8.172011375427246,15442500
2018-05-04,8.381333351135254,9.210000038146973,8.309332847595215,9.1813325881958,8.761088371276855,19219500
2018-05-07,9.335332870483398,9.5600004196167,9.275333404541016,9.432666778564451,9.000920295715332,14211000
2018-05-08,9.330666542053224,9.633333206176758,9.29466724395752,9.633333206176758,9.192401885986328,10398000
2018-05-09,9.719332695007324,10.0513334274292,9.630666732788086,10.04933261871338,9.589359283447266,12400500
2018-05-10,10.173999786376951,10.586000442504885,10.173999786376951,10.586000442504885,10.101465225219728,12277500
2018-05-11,10.378000259399414,10.633333206176758,10.275333404541016,10.333333015441896,9.860359191894531,11790000
2018-05-14,10.715999603271484,11.088666915893556,10.664667129516602,10.739999771118164,10.24841594696045,13374000
2018-05-15,10.4913330078125,10.600000381469728,10.137332916259766,10.359999656677246,9.885804176330566,10774500
2018-05-16,10.390666961669922,10.826000213623049,10.390666961669922,10.777999877929688,10.284673690795898,10854000
2018-05-17,10.657999992370604,10.932666778564451,10.420666694641112,10.652000427246094,10.16444206237793,8755500
2018-05-18,10.392666816711426,10.432000160217283,10.094667434692385,10.20400047302246,9.736948013305664,9588000
2018-05-21,10.670000076293944,10.825332641601562,10.239999771118164,10.522666931152344,10.04102897644043,13068000
2018-05-22,10.803999900817873,10.93000030517578,10.574000358581545,10.699999809265137,10.21024227142334,12891000
2018-05-23,10.399333000183104,10.87266731262207,10.30666732788086,10.871333122253418,10.373733520507812,9612000
2018-05-24,10.843999862670898,11.063332557678224,10.579999923706056,10.984000205993652,10.481244087219238,10362000
2018-05-25,10.966667175292969,11.281999588012695,10.908666610717772,11.254667282104492,10.739523887634276,9672000
2018-05-29,11.050666809082031,11.333333015441896,10.8100004196167,11.03933334350586,10.534046173095703,10375500
2018-05-30,11.19333267211914,11.501333236694336,11.094667434692385,11.258000373840332,10.742701530456545,12159000
2018-05-31,11.1813325881958,11.354000091552734,10.956666946411133,11.013999938964844,10.509870529174805,9567000
2018-06-01,11.2586669921875,11.757332801818848,11.17666721343994,11.751999855041504,11.214092254638672,17115000
2018-06-04,11.866666793823242,12.079333305358888,11.718000411987305,12.03933334350586,11.488273620605469,11950500
2018-06-05,12.133333206176758,12.312000274658203,11.99666690826416,12.199333190917969,11.640950202941896,9339000
2018-06-06,12.223999977111816,12.43866729736328,12.06666660308838,12.434666633605955,11.865511894226074,8950500
2018-06-07,12.465999603271484,12.519332885742188,11.836000442504885,12.104666709899902,11.550617218017578,9597000
2018-06-08,11.673333168029783,11.85200023651123,11.480667114257812,11.785332679748535,11.24590015411377,9820500
2018-06-11,11.707332611083984,11.892666816711426,11.58666706085205,11.697999954223633,11.162565231323242,6118500
2018-06-12,11.777999877929688,11.90999984741211,11.57866668701172,11.87733268737793,11.333685874938965,7593000
2018-06-13,11.879332542419434,12.209333419799805,11.79933261871338,11.83666706085205,11.294881820678713,8608500
2018-06-14,12.015999794006348,12.221332550048828,11.833999633789062,12.03933334350586,11.488273620605469,8094000
2018-06-15,11.739333152770996,12.03933334350586,11.68333339691162,12.015999794006348,11.46601104736328,10308000
2018-06-18,11.733332633972168,11.733332633972168,11.320667266845703,11.646666526794434,11.113579750061035,12819000
2018-06-19,11.133333206176758,11.25333309173584,10.723333358764648,11.239333152770996,10.746481895446776,14991000
2018-06-20,11.510000228881836,11.580666542053224,11.266667366027832,11.416000366210938,10.91540241241455,7033500
2018-06-21,11.65133285522461,11.658666610717772,10.944000244140623,10.98799991607666,10.506168365478516,9858000
2018-06-22,11.130000114440918,11.187999725341797,10.656000137329102,10.733332633972168,10.262670516967772,5146500
2018-06-25,10.333333015441896,10.350666999816896,9.380666732788086,9.785332679748535,9.356240272521973,16000500
2018-06-26,9.935999870300291,10.031332969665527,9.733332633972168,9.887999534606934,9.454404830932615,7869000
2018-06-27,10.034000396728516,10.12733268737793,9.156000137329102,9.160667419433594,8.758966445922852,12337500
2018-06-28,9.11066722869873,9.44200038909912,9.053999900817873,9.392000198364258,8.980156898498535,10029000
2018-06-29,9.603333473205566,9.77733325958252,9.43333339691162,9.43333339691162,9.019676208496094,8799000
2018-07-02,9.185333251953123,9.616000175476074,8.97933292388916,9.607333183288574,9.18604564666748,8422500
2018-07-03,9.697333335876465,9.764666557312012,9.04933261871338,9.064000129699709,8.666537284851074,7272000
2018-07-05,9.378000259399414,9.80799961090088,9.349332809448242,9.797332763671877,9.367713928222656,10789500
2018-07-06,9.755999565124512,10.207332611083984,9.638667106628418,10.167332649230955,9.721490859985352,14602500
2018-07-09,10.476667404174805,10.476667404174805,9.991999626159668,10.357333183288574,9.903159141540527,10915500
2018-07-10,10.399999618530272,10.752667427062988,10.36400032043457,10.6813325881958,10.212949752807615,11608500
2018-07-11,10.146666526794434,10.353333473205566,9.833999633789062,9.85200023651123,9.419983863830566,16504500
2018-07-12,9.813332557678224,10.097332954406738,9.583999633789062,10.063332557678224,9.622050285339355,13414500
2018-07-13,10.079999923706056,10.118666648864746,9.88466739654541,9.934666633605955,9.49902629852295,6973500
2018-07-16,9.947999954223633,10.095333099365234,9.873332977294922,9.894000053405762,9.460143089294434,6094500
2018-07-17,9.68866729736328,10.333333015441896,9.658666610717772,10.332667350769045,9.879576683044434,10303500
2018-07-18,10.453332901000977,10.61533260345459,10.350000381469728,10.555999755859377,10.093113899230955,9042000
2018-07-19,10.42666721343994,10.614666938781738,10.270000457763672,10.478667259216309,10.019171714782717,7416000
2018-07-20,10.393333435058594,10.511333465576172,10.166666984558104,10.325332641601562,9.872560501098633,6780000
2018-07-23,10.20066738128662,10.42133331298828,9.769332885742188,10.368666648864746,9.913994789123535,8800500
2018-07-24,10.542667388916016,10.720000267028809,9.989999771118164,10.034000396728516,9.59400463104248,10236000
2018-07-25,9.986666679382324,10.191332817077637,9.628666877746582,10.191332817077637,9.744439125061035,14748000
2018-07-26,10.366666793823242,10.7586669921875,10.355999946594238,10.745332717895508,10.274145126342772,16359000
2018-07-27,10.766667366027832,11.045332908630373,10.354000091552734,10.59066677093506,10.126258850097656,12807000
2018-07-30,10.56999969482422,10.675999641418455,10.12600040435791,10.28933334350586,9.838142395019531,10194000
2018-07-31,10.46733283996582,10.904666900634766,10.420666694641112,10.481332778930664,10.021720886230469,7806000
2018-08-01,10.552666664123535,10.764666557312012,10.305999755859377,10.423999786376951,9.966901779174805,6054000
2018-08-02,10.154666900634766,10.783332824707031,10.046667098999023,10.747332572937012,10.27605438232422,7603500
2018-08-03,10.750666618347168,10.84000015258789,10.600000381469728,10.800000190734863,10.326412200927734,4069500
2018-08-06,10.755332946777344,10.998666763305664,10.565999984741213,10.994667053222656,10.512542724609377,5463000
2018-08-07,11.11533260345459,11.28266716003418,11.021332740783691,11.263999938964844,10.77006721496582,5655000
2018-08-08,11.208000183105469,11.400667190551758,11.12399959564209,11.350000381469728,10.852295875549316,4932000
2018-08-09,11.215332984924316,11.223333358764648,10.985333442687988,10.998666763305664,10.516371726989746,6726000
2018-08-10,10.38266658782959,10.46066665649414,10.024666786193848,10.170000076293944,9.724040985107422,16897500
2018-08-13,10.22266674041748,10.490667343139648,10.186667442321776,10.210000038146973,9.762286186218262,9745500
2018-08-14,10.393333435058594,10.456000328063965,10.131333351135254,10.179332733154297,9.732965469360352,5463000
2018-08-15,9.96066665649414,10.026000022888184,9.43333339691162,9.760000228881836,9.33201789855957,12493500
2018-08-16,9.968667030334473,9.98799991607666,9.619999885559082,9.69200038909912,9.266998291015623,8014500
2018-08-17,9.407333374023438,9.54933261871338,9.053333282470703,9.470666885375977,9.055375099182127,12708000
2018-08-20,9.533332824707031,9.616000175476074,9.128000259399414,9.4486665725708,9.034337997436523,8164500
2018-08-21,9.5600004196167,10.074000358581545,9.517333030700684,10.008000373840332,9.56914520263672,10276500
2018-08-22,9.916666984558104,10.172666549682615,9.745332717895508,10.13933277130127,9.69471549987793,8587500
2018-08-23,10.137332916259766,10.396666526794434,10.092000007629396,10.173999786376951,9.727865219116213,7741500
2018-08-24,10.29599952697754,10.619333267211914,10.293333053588867,10.611332893371582,10.146016120910645,8875500
2018-08-27,10.81999969482422,11.350000381469728,10.779333114624023,11.108667373657228,10.621545791625977,16623000
2018-08-28,11.2586669921875,11.373332977294922,10.910667419433594,11.237333297729492,10.744572639465332,11250000
2018-08-29,11.236000061035156,11.420000076293944,11.11533260345459,11.330666542053224,10.833810806274414,7524000
2018-08-30,11.223333358764648,11.375332832336426,10.972000122070312,11.01200008392334,10.529117584228516,9526500
2018-08-31,10.93333339691162,11.241999626159668,10.93333339691162,11.199999809265137,10.708871841430664,4807500
2018-09-04,11.0513334274292,11.481332778930664,10.989999771118164,11.457332611083984,10.954923629760742,8767500
2018-09-05,11.399999618530272,11.526000022888184,11.001333236694336,11.292667388916016,10.797476768493652,6303000
2018-09-06,11.19200038909912,11.206000328063965,10.358667373657228,10.386667251586914,9.931208610534668,13224000
2018-09-07,10.266667366027832,10.716667175292969,10.18333339691162,10.260666847229004,9.810734748840332,8241000
2018-09-10,10.512666702270508,10.596667289733888,10.29466724395752,10.595333099365234,10.130722045898438,5392500
2018-09-11,10.417332649230955,10.505332946777344,10.11066722869873,10.278667449951172,9.827942848205566,8391000
2018-09-12,9.937333106994627,9.937333106994627,9.25333309173584,9.925999641418455,9.490737915039062,19008000
2018-09-13,10.238666534423828,10.63933277130127,10.148667335510254,10.275333404541016,9.824753761291504,13285500
2018-09-14,10.453332901000977,10.720000267028809,10.345333099365234,10.608667373657228,10.143473625183104,9342000
2018-09-17,10.417332649230955,10.56666660308838,10.109333038330078,10.133333206176758,9.688982009887695,6747000
2018-09-18,10.27400016784668,10.600000381469728,10.27400016784668,10.41800022125244,9.961166381835938,6496500
2018-09-19,10.41333293914795,10.606666564941406,10.327333450317385,10.477333068847656,10.017899513244627,4318500
2018-09-20,10.64466667175293,10.96733283996582,10.64466667175293,10.838000297546388,10.362749099731444,9111000
2018-09-21,10.835332870483398,10.986666679382324,10.658666610717772,10.740667343139648,10.269681930541992,5826000
2018-09-24,10.482666969299316,10.871333122253418,10.410667419433594,10.854666709899902,10.378684043884276,5310000
2018-09-25,10.718667030334473,10.747332572937012,10.220666885375977,10.284667015075684,9.861054420471191,10809000
2018-09-26,10.18000030517578,10.349332809448242,9.961999893188477,9.994667053222656,9.582998275756836,5340000
2018-09-27,10.07333278656006,10.220000267028809,9.990667343139648,10.12399959564209,9.707002639770508,3802500
2018-09-28,10.054667472839355,10.394000053405762,9.985333442687988,10.307332992553713,9.882786750793455,7743000
2018-10-01,10.392666816711426,10.649999618530272,10.314666748046877,10.393333435058594,9.965243339538574,6400500
2018-10-02,10.324666976928713,10.81666660308838,10.307332992553713,10.40999984741211,9.981225967407228,8142000
2018-10-03,10.540666580200195,10.630000114440918,10.133333206176758,10.427332878112791,9.997845649719238,7701000
2018-10-04,10.239999771118164,10.266667366027832,9.600000381469728,9.866666793823242,9.4602689743042,15123000
2018-10-05,9.760666847229004,9.897333145141602,8.897333145141602,9.170000076293944,8.79229736328125,22242000
2018-10-08,9.0,9.186667442321776,8.613332748413086,8.844667434692383,8.480364799499512,12891000
2018-10-09,8.777999877929688,8.954000473022461,8.65666675567627,8.837332725524902,8.473331451416016,7024500
2018-10-10,8.506667137145996,8.508000373840332,7.653333187103271,7.664667129516602,7.348968029022217,26956500
2018-10-11,7.646667003631592,8.10533332824707,7.24666690826416,7.420667171478271,7.115018844604492,20209500
2018-10-12,8.040666580200195,8.155332565307617,7.5,7.834000110626221,7.511327743530273,13690500
2018-10-15,7.723999977111816,7.880000114440918,7.533999919891357,7.624667167663574,7.310614585876465,8487000
2018-10-16,7.913332939147949,8.402667045593262,7.848667144775391,8.371333122253418,8.026525497436523,10891500
2018-10-17,8.53266716003418,8.60533332824707,8.09333324432373,8.26533317565918,7.924894332885742,9156000
2018-10-18,8.161333084106445,8.166666984558105,7.555333137512207,7.646667003631592,7.331709384918213,15177000
2018-10-19,7.802000045776367,7.918000221252441,7.199999809265137,7.285999774932861,6.985897541046143,14745000
2018-10-22,7.433332920074463,7.558667182922363,7.22933292388916,7.427999973297119,7.122049331665039,8202000
2018-10-23,6.843332767486572,7.433332920074463,6.6106672286987305,7.308667182922363,7.007630348205566,20764500
2018-10-24,6.943999767303467,6.966667175292969,5.833333015441895,5.863333225250244,5.621830940246582,29644500
2018-10-25,6.000667095184326,6.402667045593262,5.960000038146973,6.26200008392334,6.004076480865479,15933000
2018-10-26,5.8393330574035645,6.25333309173584,5.625332832336426,5.928667068481445,5.684472560882568,19084500
2018-10-29,6.267333030700684,6.369332790374756,5.415999889373779,5.754000186920166,5.516998767852783,15058500
2018-10-30,5.721333026885986,6.477333068847656,5.692667007446289,6.46999979019165,6.203507423400879,18321000
2018-10-31,6.766666889190674,6.853332996368408,6.522666931152344,6.702667236328125,6.426592826843262,14517000
2018-11-01,6.794666767120361,7.691999912261963,6.789332866668701,7.625332832336426,7.311254501342773,19780500
2018-11-02,7.618000030517578,7.679333209991455,7.007999897003174,7.283332824707031,6.983340263366699,18301500
2018-11-05,7.24666690826416,7.262667179107666,6.738667011260986,7.0960001945495605,6.803723812103272,12534000
2018-11-06,7.047332763671875,7.423999786376953,7.047332763671875,7.353332996368408,7.0504560470581055,7428000
2018-11-07,7.657332897186279,7.674666881561279,7.344666957855225,7.617332935333252,7.30358362197876,13149000
2018-11-08,7.3993330001831055,7.680666923522949,7.303999900817871,7.517333030700684,7.20770263671875,8494500
2018-11-09,7.199999809265137,7.27666711807251,6.901999950408936,7.0980000495910645,6.8056416511535645,8788500
2018-11-12,6.755332946777344,6.757999897003174,6.073332786560059,6.168000221252441,5.913947582244873,15409500
2018-11-13,6.267333030700684,6.77133321762085,6.267333030700684,6.395999908447266,6.132556438446045,10953000
2018-11-14,6.632667064666748,6.77133321762085,6.297332763671875,6.470666885375977,6.204147815704346,10629000
2018-11-15,6.398666858673096,7.199999809265137,6.366666793823242,7.125332832336426,6.831848621368408,14431500
2018-11-16,6.389999866485596,6.9633331298828125,6.350666999816895,6.870666980743408,6.587671279907227,12009000
2018-11-19,6.702667236328125,6.8373332023620605,6.063333034515381,6.071332931518555,5.821260929107666,13630500
2018-11-20,5.572667121887207,6.345333099365234,5.556666851043701,6.099999904632568,5.848748207092285,21753000
2018-11-21,6.319333076477051,6.446000099182129,6.162000179290772,6.172667026519775,5.918421745300293,10492500
2018-11-23,6.066667079925537,6.333333015441895,6.0,6.170000076293945,5.91586446762085,5686500
2018-11-26,6.433332920074463,6.52133321762085,6.242667198181152,6.518667221069336,6.250170230865479,10636500
2018-11-27,6.406000137329102,6.7133331298828125,6.312666893005371,6.560667037963867,6.290439605712891,7797000
2018-11-28,6.757332801818848,7.01200008392334,6.380667209625244,7.011332988739014,6.722543239593506,11701500
2018-11-29,6.910666942596436,7.051332950592041,6.792666912078857,6.844666957855225,6.562743663787842,6813000
2018-11-30,6.862667083740234,7.139999866485596,6.636666774749756,7.125999927520752,6.8324875831604,9060000
2018-12-03,7.797332763671875,7.861332893371582,7.480000019073486,7.702000141143799,7.384763240814209,18288000
2018-12-04,7.5233330726623535,7.552000045776367,6.566667079925537,6.578667163848877,6.307699203491211,18252000
2018-12-06,6.03866720199585,6.470666885375977,5.940000057220459,6.470666885375977,6.204147815704346,21013500
2018-12-07,6.427332878112793,6.47333288192749,5.657332897186279,5.745999813079834,5.509328842163086,19045500
2018-12-10,5.715332984924316,6.052000045776367,5.6579999923706055,5.989333152770996,5.742639541625977,14008500
2018-12-11,6.27066707611084,6.510000228881836,5.989333152770996,6.095333099365234,5.844273090362549,23953500
2018-12-12,6.387332916259766,6.627333164215088,6.22866678237915,6.365333080291748,6.103151321411133,17592000
2018-12-13,6.48466682434082,6.574666976928711,6.223999977111816,6.294666767120361,6.035397052764893,13446000
2018-12-14,6.083333015441895,6.409999847412109,6.021999835968018,6.026000022888184,5.777796745300293,10413000
2018-12-17,5.966667175292969,6.275332927703857,5.691332817077637,5.800000190734863,5.56110429763794,15946500
2018-12-18,5.946000099182129,6.305333137512207,5.944666862487793,6.029333114624023,5.780992031097412,13204500
2018-12-19,5.971333026885986,6.126667022705078,5.181333065032959,5.267333030700684,5.050377368927002,29062500
2018-12-20,5.24066686630249,5.506667137145996,4.935999870300293,5.132667064666748,4.921258449554443,19387500
2018-12-21,5.23199987411499,5.414667129516602,4.8379998207092285,4.897333145141602,4.69561767578125,19287000
2018-12-24,4.768667221069336,4.923333168029785,4.466667175292969,4.4720001220703125,4.287802696228027,13795500
2018-12-26,4.652667045593262,5.244667053222656,4.425333023071289,5.24066686630249,5.024810314178467,17737500
2018-12-27,4.956666946411133,5.341332912445068,4.803332805633545,5.338666915893555,5.137268543243408,12370500
2018-12-28,5.454667091369629,5.74666690826416,5.314000129699707,5.451333045959473,5.245683193206787,17269500
2018-12-31,5.638000011444092,5.691332817077637,5.390666961669922,5.554666996002197,5.345119476318359,12660000
2019-01-02,5.180666923522949,5.822000026702881,5.173999786376953,5.702000141143799,5.486894130706787,13147500
2019-01-03,5.315332889556885,5.388667106628418,4.672667026519775,4.688666820526123,4.51178789138794,28599000
2019-01-04,4.921999931335449,5.3566670417785645,4.886666774749756,5.294666767120361,5.094927787780762,17604000
2019-01-07,5.398666858673096,5.754000186920166,5.280666828155518,5.605332851409912,5.393874168395996,16641000
2019-01-08,5.775332927703857,5.78266716003418,5.298666954040527,5.519332885742188,5.3111186027526855,14445000
2019-01-09,5.677999973297119,6.021999835968018,5.672667026519775,5.946000099182129,5.7216901779174805,17928000
2019-01-10,5.760666847229004,6.137332916259766,5.757332801818848,6.113333225250244,5.882709980010986,12975000
2019-01-11,6.018667221069336,6.451333045959473,5.966667175292969,6.283999919891357,6.046938419342041,12399000
2019-01-14,6.050000190734863,6.118000030517578,5.890666961669922,5.986667156219482,5.760822772979736,10731000
2019-01-15,6.028666973114014,6.243332862854004,5.952000141143799,6.026000022888184,5.798670768737793,14590500
2019-01-16,6.099999904632568,6.179333209991455,5.870666980743408,5.878666877746582,5.656896591186523,10257000
2019-01-17,5.794000148773193,6.176000118255615,5.654666900634766,6.081999778747559,5.85255765914917,15876000
2019-01-18,6.263332843780518,6.616000175476074,6.161333084106445,6.499332904815674,6.254148483276367,15720000
2019-01-22,6.315332889556885,6.322000026702881,5.813333034515381,5.952667236328125,5.728104591369629,18655500
2019-01-23,6.067333221435547,6.125999927520752,5.660666942596436,5.828667163848877,5.608784198760986,15681000
2019-01-24,6.192667007446289,6.900000095367432,6.192667007446289,6.825333118438721,6.567850589752197,32491500
2019-01-25,6.894667148590088,7.342000007629394,6.766666889190674,7.261332988739014,6.987401962280273,17100000
2019-01-28,6.453332901000977,6.994667053222656,6.407332897186279,6.818666934967041,6.561436653137207,14305500
2019-01-29,6.857333183288574,6.906667232513428,6.49666690826416,6.52400016784668,6.2778849601745605,9061500
2019-01-30,6.875999927520752,7.1666669845581055,6.656667232513428,7.090000152587891,6.822533130645752,14400000
2019-01-31,7.065999984741211,7.27400016784668,6.900000095367432,7.095333099365234,6.827664852142334,10894500
2019-02-01,7.1066670417785645,7.440667152404785,7.1066670417785645,7.343332767486572,7.06630802154541,10723500
2019-02-04,7.360000133514404,7.455333232879639,7.1666669845581055,7.453999996185303,7.172801017761231,4450500
2019-02-05,7.466667175292969,7.656667232513428,7.409333229064941,7.558000087738037,7.272877216339111,9172500
2019-02-06,7.8333330154418945,8.33666706085205,7.826000213623047,8.165332794189453,7.857298374176025,17931000
2019-02-07,7.866666793823242,7.96733283996582,7.422667026519775,7.619999885559082,7.332539558410644,18687000
2019-02-08,7.2733330726623535,7.624667167663574,7.184667110443115,7.588666915893555,7.302389621734619,10705500
2019-02-11,7.705999851226807,7.748666763305664,7.49066686630249,7.697332859039307,7.406954765319824,8164500
2019-02-12,7.986667156219482,8.235333442687988,7.937333106994629,8.182666778564453,7.873979568481445,13083000
2019-02-13,8.331999778747559,8.442000389099121,8.174667358398438,8.253999710083008,7.942621231079102,12480000
2019-02-14,8.13599967956543,8.5,8.13599967956543,8.3186674118042,8.004849433898926,11575500
2019-02-15,8.53266716003418,8.577333450317383,8.29466724395752,8.453332901000977,8.13443374633789,10102500
2019-02-19,8.304667472839355,8.574666976928711,8.300666809082031,8.398667335510254,8.081831932067871,7548000
2019-02-20,8.472000122070312,8.779333114624023,8.469332695007324,8.630000114440918,8.304437637329102,9694500
2019-02-21,8.652667045593262,8.69333267211914,8.359333038330078,8.4399995803833,8.121603965759277,11476500
2019-02-22,8.642666816711426,8.734000205993652,8.525333404541016,8.703332901000977,8.375003814697266,12757500
2019-02-25,9.133999824523926,9.220666885375977,8.899333000183105,8.92199993133545,8.585418701171875,12519000
2019-02-26,8.829333305358887,8.949333190917969,8.66333293914795,8.737333297729492,8.407720565795898,8319000
2019-02-27,8.614666938781738,8.614666938781738,8.150667190551758,8.428667068481445,8.110698699951172,15036000
2019-02-28,8.324000358581543,8.517333030700684,8.239999771118164,8.449333190917969,8.130586624145508,7447500
2019-03-01,8.702667236328125,8.781999588012695,8.400667190551758,8.670000076293945,8.342928886413574,10362000
2019-03-04,8.864666938781738,8.927332878112793,8.34866714477539,8.673999786376953,8.346776962280273,14767500
2019-03-05,8.65133285522461,8.71066665649414,8.447999954223633,8.550000190734863,8.227456092834473,7974000
2019-03-06,8.52400016784668,8.555999755859375,8.119999885559082,8.131999969482422,7.825223922729492,14940000
2019-03-07,8.0,8.040666580200195,7.71133279800415,7.855332851409912,7.558994770050049,15607500
2019-03-08,7.442667007446289,7.861999988555908,7.380000114440918,7.842667102813721,7.5468058586120605,12711000
2019-03-11,7.988667011260986,8.512666702270508,7.946667194366455,8.402000427246094,8.085038185119629,12825000
2019-03-12,8.458000183105469,8.63266658782959,8.255332946777344,8.5,8.179342269897461,10372500
2019-03-13,8.635333061218262,8.802666664123535,8.566666603088379,8.604000091552734,8.279417991638184,8331000
2019-03-14,8.609999656677246,8.72599983215332,8.442000389099121,8.457332611083984,8.138284683227539,6633000
2019-03-15,8.76533317565918,9.38466739654541,8.720000267028809,9.185999870300291,8.839462280273438,22909500
2019-03-18,9.244000434875488,9.38466739654541,8.961999893188477,9.12600040435791,8.781725883483887,10273500
2019-03-19,9.362667083740234,9.559332847595217,9.317333221435549,9.478667259216309,9.13730812072754,13689000
2019-03-20,9.465999603271484,9.628666877746582,9.034667015075684,9.208666801452637,8.877028465270996,13167000
2019-03-21,9.236666679382324,10.34866714477539,9.236666679382324,10.16333293914795,9.79731559753418,21321000
2019-03-22,10.011333465576172,10.074000358581545,9.273332595825195,9.298666954040527,8.963791847229004,18607500
2019-03-25,9.14466667175293,9.353333473205566,8.721332550048828,8.944000244140625,8.621895790100098,23959500
2019-03-26,9.31933307647705,9.45066738128662,9.002667427062988,9.215999603271484,8.884101867675781,17310000
2019-03-27,9.233332633972168,9.317333221435549,8.609333038330078,8.812000274658203,8.494651794433594,19968000
2019-03-28,8.890666961669922,9.092000007629396,8.587332725524902,8.765999794006348,8.450305938720703,11520000
2019-03-29,9.074000358581545,9.215332984924316,8.998666763305664,9.169333457946776,8.83911418914795,12793500
2019-04-01,9.577333450317385,9.869333267211914,9.456000328063965,9.844667434692385,9.490129470825195,18229500
2019-04-02,9.829333305358888,9.9486665725708,9.696000099182127,9.87600040435791,9.52033233642578,8290500
2019-04-03,10.236666679382324,10.808667182922363,10.21399974822998,10.548666954040527,10.168774604797363,30327000
2019-04-04,10.435999870300291,10.795332908630373,10.4313325881958,10.588666915893556,10.207332611083984,14100000
2019-04-05,10.792667388916016,10.847332954406738,10.600666999816896,10.830666542053224,10.4406156539917,7863000
2019-04-08,10.68333339691162,10.93333339691162,10.616666793823242,10.908666610717772,10.515809059143066,7659000
2019-04-09,10.733332633972168,10.733332633972168,10.393333435058594,10.540666580200195,10.161063194274902,16965000
2019-04-10,10.53933334350586,10.899999618530272,10.520000457763672,10.81133270263672,10.42198085784912,13528500
2019-04-11,10.866666793823242,11.005332946777344,10.68000030517578,10.784667015075684,10.396273612976074,9259500
2019-04-12,11.09333324432373,11.239333152770996,10.974666595458984,11.233332633972168,10.82878303527832,12208500
2019-04-15,11.22933292388916,11.266667366027832,10.79599952697754,10.994000434875488,10.59807014465332,9196500
2019-04-16,11.199333190917969,12.047332763671877,11.172666549682615,12.041333198547363,11.607683181762695,19468500
2019-04-17,12.733332633972168,13.062666893005373,12.302666664123535,12.589332580566406,12.135948181152344,16183500
2019-04-18,12.601332664489746,12.723999977111816,12.42133331298828,12.613332748413086,12.15908145904541,9463500
2019-04-22,12.43333339691162,12.702667236328123,12.293333053588867,12.618666648864746,12.164229393005373,4671000
2019-04-23,12.777999877929688,13.120667457580566,12.694666862487791,12.997332572937012,12.529257774353027,8796000
2019-04-24,12.96733283996582,13.76200008392334,12.96733283996582,13.37399959564209,12.892355918884276,11011500
2019-04-25,13.262666702270508,13.262666702270508,12.3013334274292,12.645999908447266,12.19057559967041,12978000
2019-04-26,11.928667068481444,12.333333015441896,11.541999816894531,12.329333305358888,11.885313034057615,13794000
2019-04-29,12.371333122253418,12.416000366210938,12.10200023651123,12.264666557312012,11.822975158691406,4995000
2019-04-30,12.209333419799805,12.620667457580566,12.189332962036133,12.536666870117188,12.085182189941406,6696000
2019-05-01,12.934000015258787,13.106666564941406,12.209333419799805,12.22933292388916,11.78891372680664,12915000
2019-05-02,12.165332794189451,13.020000457763672,12.136667251586914,12.636667251586914,12.181577682495115,13312500
2019-05-03,12.863332748413086,12.907999992370604,12.45066738128662,12.890000343322754,12.425786972045898,8863500
2019-05-06,11.605999946594238,12.284667015075684,11.481332778930664,12.256667137145996,11.815262794494627,17829000
2019-05-07,11.8013334274292,11.859333038330078,10.960000038146973,11.362000465393066,10.9528169631958,24256500
2019-05-08,11.125332832336426,11.600000381469728,11.02400016784668,11.089332580566406,10.68996810913086,12007500
2019-05-09,10.56666660308838,10.847999572753906,9.95533275604248,10.694666862487791,10.30951690673828,18993000
2019-05-10,10.47933292388916,10.923333168029783,9.973999977111816,10.72599983215332,10.339719772338867,20788500
2019-05-13,9.662667274475098,9.858667373657228,9.079333305358888,9.211999893188477,8.88024616241455,24391500
2019-05-14,9.553333282470703,10.007332801818848,9.425333023071287,9.871333122253418,9.51583194732666,17139000
2019-05-15,9.522000312805176,10.31133270263672,9.513333320617676,10.113332748413086,9.749116897583008,14703000
2019-05-16,9.666666984558104,9.935333251953123,9.417332649230955,9.600000381469728,9.2542724609375,21981000
2019-05-17,9.155332565307615,9.715332984924316,8.918000221252441,9.03266716003418,8.707369804382324,24265500
2019-05-20,8.223999977111816,8.373332977294922,7.78000020980835,7.949999809265137,7.663694381713867,26760000
2019-05-21,8.466667175292969,8.575332641601562,8.245332717895508,8.449999809265137,8.145684242248535,19236000
2019-05-22,7.98199987411499,8.178667068481445,7.835999965667725,7.921332836151123,7.636059284210205,15225000
2019-05-23,7.471333026885986,7.554666996002197,7.154666900634766,7.52066707611084,7.249822616577148,20860500
2019-05-24,7.712666988372803,7.806666851043701,7.310667037963867,7.325333118438721,7.0615234375,13459500
2019-05-28,7.457333087921143,7.533332824707031,7.095333099365234,7.125999927520752,6.869368553161621,13249500
2019-05-29,6.950666904449463,7.322667121887207,6.903333187103272,7.222667217254639,6.962555408477783,20284500
2019-05-30,7.296000003814697,7.572000026702881,7.2266669273376465,7.387332916259766,7.12129020690918,19113000
2019-05-31,7.111999988555908,7.430666923522949,7.047999858856201,7.066667079925537,6.812173843383789,18478500
2019-06-03,7.331999778747559,7.533332824707031,7.010000228881836,7.134666919708252,6.877723693847656,23410500
2019-06-04,7.533332824707031,8.055333137512207,7.326666831970215,8.039999961853027,7.750452995300293,32151000
2019-06-05,8.304667472839355,8.310667037963867,7.569333076477051,7.880000114440918,7.5962138175964355,25533000
2019-06-06,7.877333164215088,8.291999816894531,7.826666831970215,8.207332611083984,7.911758899688721,14176500
2019-06-07,8.26533317565918,8.538666725158691,8.227333068847656,8.464667320251465,8.159823417663574,14091000
2019-06-10,8.851332664489746,9.423999786376951,8.787332534790039,9.124667167663574,8.79605484008789,21726000
2019-06-11,9.637999534606934,9.666666984558104,8.994000434875488,9.19333267211914,8.862247467041016,18606000
2019-06-12,8.92199993133545,8.946666717529297,8.517333030700684,8.54466724395752,8.236945152282715,11925000
2019-06-13,8.768667221069336,8.803333282470703,8.5,8.706666946411133,8.393112182617188,11455500
2019-06-14,7.933332920074463,8.143333435058594,7.8520002365112305,8.016667366027832,7.727960109710693,14856000
2019-06-17,8.033332824707031,8.11066722869873,7.838666915893555,7.855332851409912,7.572436332702637,8601000
2019-06-18,8.14466667175293,9.039999961853027,8.093999862670898,8.880000114440918,8.560203552246094,26061000
2019-06-19,9.026666641235352,9.08133316040039,8.755332946777344,8.897333145141602,8.576909065246582,13185000
2019-06-20,9.471332550048828,9.552666664123535,9.010666847229004,9.144000053405762,8.81469440460205,19162500
2019-06-21,9.010666847229004,9.24666690826416,8.923999786376953,8.95533275604248,8.632822036743164,12225000
2019-06-24,9.013999938964844,9.133333206176758,8.927332878112793,9.014666557312012,8.690016746520996,9433500
2019-06-25,9.025333404541016,9.170666694641112,8.587332725524902,8.619333267211914,8.320860862731934,12205500
2019-06-26,9.18866729736328,9.593999862670898,9.142000198364258,9.429332733154297,9.102812767028809,19284000
2019-06-27,9.603333473205566,10.001333236694336,9.603333473205566,9.845333099365234,9.504404067993164,13567500
2019-06-28,10.12600040435791,10.157333374023438,9.824666976928713,9.88599967956543,9.54366397857666,11226000
2019-07-01,11.18000030517578,11.4399995803833,10.4399995803833,10.685999870300291,10.315963745117188,21082500
2019-07-02,10.5600004196167,10.5600004196167,10.103333473205566,10.23799991607666,9.883475303649902,12142500
2019-07-03,10.27733325958252,10.27733325958252,9.876667022705078,10.07866668701172,9.729658126831056,9478500
2019-07-05,9.75,9.951333045959473,9.588666915893556,9.91800022125244,9.574556350708008,9699000
2019-07-08,9.64466667175293,9.778667449951172,9.516667366027832,9.678000450134276,9.342867851257324,8194500
2019-07-09,9.53600025177002,9.928667068481444,9.458666801452637,9.90133285522461,9.558465957641602,9168000
2019-07-10,10.230667114257812,10.530667304992676,10.059332847595217,10.109333038330078,9.759262084960938,16626000
2019-07-11,10.260000228881836,10.31133270263672,10.007332801818848,10.185999870300291,9.833276748657228,8664000
2019-07-12,10.295332908630373,10.778667449951172,10.268667221069336,10.767999649047852,10.395121574401855,12400500
2019-07-15,10.93333339691162,11.166666984558104,10.833333015441896,11.018667221069336,10.637107849121094,8479500
2019-07-16,10.859333038330078,10.932666778564451,10.499333381652832,10.661999702453612,10.292791366577148,9934500
2019-07-17,10.895999908447266,10.925333023071287,10.65133285522461,10.751333236694336,10.37903118133545,7201500
2019-07-18,10.79599952697754,11.302666664123535,10.774666786193848,11.244000434875488,10.85464096069336,13081500
2019-07-19,11.395999908447266,11.5,11.150667190551758,11.169333457946776,10.782559394836426,9180000
2019-07-22,11.364666938781738,11.880000114440918,11.34000015258789,11.82333278656006,11.413910865783691,13075500
2019-07-23,12.06999969482422,12.273332595825195,11.87399959564209,12.273332595825195,11.848326683044434,10419000
2019-07-24,12.533332824707031,13.473999977111816,12.512666702270508,13.392000198364258,12.928257942199709,23553000
2019-07-25,13.143333435058594,13.146666526794434,12.609999656677246,12.71266746520996,12.272449493408203,14809500
2019-07-26,12.969332695007324,12.990667343139648,12.685333251953123,12.703332901000977,12.263439178466797,8842500
2019-07-29,12.600000381469728,12.863332748413086,12.321999549865724,12.8013334274292,12.358044624328612,7939500
2019-07-30,12.456000328063965,12.804667472839355,12.322667121887209,12.714667320251465,12.27437973022461,5961000
2019-07-31,12.510666847229004,12.510666847229004,11.109333038330078,11.486666679382324,11.088903427124023,21309000
2019-08-01,11.36400032043457,12.312666893005373,10.506667137145996,10.797332763671877,10.423439025878906,25618500
2019-08-02,10.453332901000977,10.736000061035156,10.033332824707031,10.291333198547363,9.934961318969728,16612500
2019-08-05,9.386667251586914,9.43000030517578,8.70199966430664,8.946666717529297,8.636859893798828,22728000
2019-08-06,9.417332649230955,9.666000366210938,9.005999565124512,9.305999755859377,8.983747482299805,20334000
2019-08-07,8.887332916259766,9.571332931518556,8.866666793823242,9.501999855041504,9.172962188720703,19701000
2019-08-08,9.791333198547363,10.278667449951172,9.559332847595217,10.278667449951172,9.922735214233398,18787500
2019-08-09,9.947333335876465,10.070667266845703,9.505999565124512,9.70400047302246,9.367965698242188,17550000
2019-08-12,9.463333129882812,9.70400047302246,9.202667236328123,9.355999946594238,9.032018661499023,12654000
2019-08-13,9.31999969482422,10.411333084106444,9.133999824523926,10.182000160217283,9.829416275024414,19845000
2019-08-14,9.479999542236328,9.721332550048828,9.074666976928713,9.227333068847656,8.907808303833008,27957000
2019-08-15,9.473333358764648,9.473333358764648,8.928667068481445,9.15133285522461,8.83443832397461,14976000
2019-08-16,9.545332908630373,9.977333068847656,9.479999542236328,9.899999618530272,9.557178497314451,16189500
2019-08-19,10.591333389282228,10.714667320251465,10.313332557678224,10.468667030334473,10.106155395507812,15972000
2019-08-20,10.393333435058594,10.524666786193848,10.13599967956543,10.302666664123535,9.945903778076172,8716500
2019-08-21,10.633333206176758,10.733332633972168,10.432000160217283,10.594667434692385,10.227792739868164,9754500
2019-08-22,10.653332710266112,10.755332946777344,10.246000289916992,10.583333015441896,10.216848373413086,9760500
2019-08-23,10.173333168029783,10.436667442321776,9.106666564941406,9.211999893188477,8.893006324768066,31515000
2019-08-26,9.66866683959961,9.685999870300291,9.325332641601562,9.4399995803833,9.11310863494873,11319000
2019-08-27,9.67666721343994,9.766667366027832,9.18000030517578,9.341333389282228,9.01785945892334,11251500
2019-08-28,9.194666862487791,9.552666664123535,9.000666618347168,9.512666702270508,9.18325901031494,10600500
2019-08-29,9.93333339691162,10.347999572753906,9.93333339691162,10.15666675567627,9.80495834350586,18906000
2019-08-30,10.440667152404783,10.59866714477539,10.170000076293944,10.329999923706056,9.972289085388184,10582500
2019-09-03,10.000666618347168,10.102666854858398,9.62399959564209,9.792667388916016,9.453564643859863,12528000
2019-09-04,10.265999794006348,10.607333183288574,10.251333236694336,10.59333324432373,10.2265043258667,19119000
2019-09-05,11.270000457763672,11.95066738128662,11.22599983215332,11.582667350769045,11.18157958984375,17769000
2019-09-06,11.640000343322754,11.75333309173584,11.400667190551758,11.629332542419434,11.226627349853516,7131000
2019-09-09,11.853333473205566,12.084667205810549,11.646666526794434,11.792667388916016,11.384307861328123,9319500
2019-09-10,11.607999801635742,11.947999954223633,11.37399959564209,11.947999954223633,11.534259796142578,7002000
2019-09-11,12.119333267211914,12.483332633972168,11.899999618530272,12.483332633972168,12.051054954528809,9793500
2019-09-12,12.800666809082031,12.937999725341797,12.333999633789062,12.59333324432373,12.157249450683594,11793000
2019-09-13,12.597332954406738,12.703332901000977,12.280667304992676,12.47933292388916,12.04719352722168,6118500
2019-09-16,12.133333206176758,12.393333435058594,11.887999534606934,12.225333213806152,11.80198860168457,6535500
2019-09-17,12.143333435058594,12.359333038330078,11.934000015258787,12.33666706085205,11.909470558166504,5451000
2019-09-18,12.291999816894531,12.374667167663574,11.833999633789062,12.36066722869873,11.932639122009276,8751000
2019-09-19,12.472000122070312,12.55666732788086,12.11733341217041,12.172666549682615,11.751150131225586,7227000
2019-09-20,12.31999969482422,12.31999969482422,11.333333015441896,11.494000434875488,11.09598159790039,11719500
2019-09-23,11.425999641418455,12.03266716003418,11.425999641418455,11.845333099365234,11.43514919281006,8188500
2019-09-24,12.092000007629396,12.104666709899902,11.0686674118042,11.251999855041504,10.881531715393066,18163500
2019-09-25,11.067333221435549,11.93866729736328,10.795332908630373,11.827333450317385,11.43791961669922,11985000
2019-09-26,11.838666915893556,11.966667175292969,11.511333465576172,11.864666938781738,11.474026679992676,10096500
2019-09-27,11.607333183288574,11.73799991607666,10.749333381652832,11.0,10.63782787322998,17278500
2019-09-30,11.199999809265137,11.38266658782959,11.017333030700684,11.347999572753906,10.974370002746582,7299000
2019-10-01,11.57333278656006,11.986666679382324,10.910667419433594,11.03733253479004,10.673931121826172,14653500
2019-10-02,10.709333419799805,10.83666706085205,10.30666732788086,10.516667366027832,10.170409202575684,19338000
2019-10-03,10.535332679748535,11.079999923706056,10.145999908447266,11.054667472839355,10.69069766998291,17961000
2019-10-04,11.163999557495115,11.666666984558104,11.136667251586914,11.654000282287598,11.270293235778809,13695000
2019-10-07,11.553333282470703,11.762666702270508,11.383999824523926,11.388667106628418,11.01369857788086,9079500
2019-10-08,11.033332824707031,11.058667182922363,10.31133270263672,10.341333389282228,10.000846862792969,25107000
2019-10-09,10.766667366027832,11.065999984741213,10.67133331298828,10.862667083740234,10.505017280578612,15838500
2019-10-10,10.941332817077637,11.516667366027832,10.904000282287598,11.178667068481444,10.810611724853516,18492000
2019-10-11,11.800000190734863,12.336000442504885,11.762666702270508,11.929332733154297,11.5365629196167,27876000
2019-10-14,11.887999534606934,12.0,11.750666618347168,11.927332878112791,11.534629821777344,7069500
2019-10-15,12.131999969482422,12.79599952697754,12.096667289733888,12.709333419799805,12.29088020324707,19419000
2019-10-16,12.526000022888184,12.691332817077637,12.077333450317385,12.15666675567627,11.7564115524292,15471000
2019-10-17,12.595999717712402,12.701333045959473,12.043333053588867,12.284000396728516,11.879552841186523,12418500
2019-10-18,12.203332901000977,12.290666580200195,11.513999938964844,11.87399959564209,11.483052253723145,14661000
2019-10-21,12.158666610717772,12.55666732788086,12.113332748413086,12.54933261871338,12.136150360107422,11613000
2019-10-22,12.619999885559082,12.699333190917969,12.23799991607666,12.255999565124512,11.852471351623535,9618000
2019-10-23,11.576000213623049,11.866666793823242,11.31666660308838,11.543333053588867,11.163272857666016,15555000
2019-10-24,12.0,12.398667335510254,11.934000015258787,12.380666732788086,11.973036766052246,14469000
2019-10-25,12.456000328063965,13.173333168029783,12.44333267211914,13.142666816711426,12.709949493408203,18265500
2019-10-28,13.400667190551758,13.888667106628418,13.391332626342772,13.83199977874756,13.376585960388184,15250500
2019-10-29,13.898667335510254,14.165332794189451,13.423333168029783,13.469332695007324,13.025859832763672,10779000
2019-10-30,13.743332862854004,13.743332862854004,13.173333168029783,13.471332550048828,13.027793884277344,8559000
2019-10-31,13.303999900817873,13.345999717712402,12.710000038146973,13.218000411987305,12.78279972076416,9952500
2019-11-01,13.595333099365234,14.129332542419434,13.434666633605955,14.129332542419434,13.664127349853516,10477500
2019-11-04,14.665332794189451,15.131333351135254,14.628666877746582,15.054667472839355,14.55899715423584,12294000
2019-11-05,15.236000061035156,15.477333068847656,14.970000267028809,15.141332626342772,14.642807960510254,9777000
2019-11-06,15.060667037963867,15.06666660308838,14.345999717712402,14.800000190734863,14.312715530395508,11104500
2019-11-07,15.510000228881836,15.5686674118042,14.881333351135254,15.09066677093506,14.593811988830566,12427500
2019-11-08,14.906000137329102,15.33133316040039,14.638667106628418,15.33133316040039,14.826553344726562,7299000
2019-11-11,14.925999641418455,15.175333023071287,14.748666763305664,15.08199977874756,14.585430145263672,6657000
2019-11-12,15.305999755859377,15.559332847595217,15.008000373840332,15.215332984924316,14.714374542236328,13849500
2019-11-13,14.888667106628418,15.353333473205566,14.733332633972168,15.206666946411133,14.7059907913208,12061500
2019-11-14,15.055333137512209,15.12733268737793,14.741999626159668,15.08133316040039,14.584781646728516,11265000
2019-11-15,15.619333267211914,15.866666793823242,15.280667304992676,15.473333358764648,14.96387767791748,14211000
2019-11-18,15.484000205993652,15.675333023071287,15.13466739654541,15.379332542419434,14.872971534729004,8130000
2019-11-19,15.56666660308838,15.663999557495115,14.898667335510254,15.141332626342772,14.642807960510254,12429000
2019-11-20,14.895333290100098,15.167332649230955,14.285332679748535,14.620667457580566,14.139286041259766,17808000
2019-11-21,14.40666675567627,14.542667388916016,13.958000183105469,14.121333122253418,13.656391143798828,15439500
2019-11-22,14.343999862670898,14.489999771118164,14.0,14.11400032043457,13.649300575256348,10084500
2019-11-25,14.533332824707031,15.16333293914795,14.517999649047852,15.140666961669922,14.64216423034668,14046000
2019-11-26,15.063332557678224,15.094667434692385,14.739999771118164,14.935999870300291,14.444236755371094,10887000
2019-11-27,15.167332649230955,15.275333404541016,15.054667472839355,15.255999565124512,14.75369930267334,7248000
2019-11-29,15.03600025177002,15.070667266845703,14.71399974822998,14.762666702270508,14.276609420776367,4399500
2019-12-02,14.774666786193848,14.878666877746582,14.035332679748535,14.113332748413086,13.64865779876709,13189500
2019-12-03,13.153332710266112,13.475333213806152,12.979999542236328,13.468000411987305,13.02457046508789,14646000
2019-12-04,14.065999984741213,14.243332862854004,13.93333339691162,14.100666999816896,13.636404991149902,8785500
2019-12-05,14.31666660308838,14.483332633972168,14.088666915893556,14.270000457763672,13.800164222717283,7833000
2019-12-06,14.756667137145996,15.017999649047852,14.727333068847656,14.93333339691162,14.441658020019531,9769500
2019-12-09,14.93333339691162,15.052000045776367,14.673999786376951,14.6813325881958,14.197953224182127,4908000
2019-12-10,14.87600040435791,15.150667190551758,14.697999954223633,14.844667434692385,14.355911254882812,7432500
2019-12-11,15.023332595825195,15.851332664489746,14.96733283996582,15.817999839782717,15.297196388244627,11976000
2019-12-12,15.73466682434082,17.149999618530273,15.720000267028809,17.101333618164062,16.53827667236328,20947500
2019-12-13,17.053333282470703,17.61199951171875,16.60066795349121,16.81999969482422,16.266204833984375,21313500
2019-12-16,17.386667251586914,17.75933265686035,17.281333923339844,17.297332763671875,16.72782325744629,10213500
2019-12-17,17.56333351135254,17.656667709350586,17.266666412353516,17.524667739868164,16.947673797607422,9778500
2019-12-18,17.57933235168457,17.666667938232422,17.32666778564453,17.499332427978516,16.92317771911621,7486500
2019-12-19,17.667333602905273,17.92733383178711,17.46733283996582,17.910667419433594,17.320964813232422,7558500
2019-12-20,18.214000701904297,18.577333450317383,18.03733253479004,18.48600006103516,17.877355575561523,10882500
2019-12-23,18.913333892822266,18.92066764831543,18.53400039672852,18.591333389282227,17.997913360595703,11043000
2019-12-24,18.67333221435547,18.72933387756348,18.39933204650879,18.72933387756348,18.131505966186523,3774000
2019-12-26,18.82999992370605,18.87333297729492,18.554000854492188,18.799999237060547,18.19991683959961,5878500
2019-12-27,18.99066734313965,18.99066734313965,18.44066619873047,18.59066772460937,17.997270584106445,7303500
2019-12-30,18.51066780090332,18.536666870117188,17.774667739868164,18.19933319091797,17.618425369262695,9241500
2019-12-31,17.916000366210938,18.381332397460938,17.869333267211914,18.321332931518555,17.736530303955078,5722500
2020-01-02,19.0086669921875,19.465999603271484,18.752666473388672,19.464000701904297,18.84272575378418,10438500
2020-01-03,18.5,18.885332107543945,18.274667739868164,18.41266632080078,17.8249454498291,14713500
2020-01-06,17.733999252319336,17.996667861938477,17.429332733154297,17.82866668701172,17.259592056274414,11313000
2020-01-07,18.40399932861328,19.006000518798828,18.12333297729492,18.74799919128418,18.14957618713379,10441500
2020-01-08,18.82666778564453,19.12333297729492,18.48600006103516,18.78933334350586,18.189586639404297,10024500
2020-01-09,19.465999603271484,19.48266792297364,18.547332763671875,19.11400032043457,18.50389671325684,11472000
2020-01-10,19.3759994506836,19.381999969482425,18.583999633789062,18.72333335876465,18.12569808959961,11304000
2020-01-13,19.12666702270508,19.501333236694336,18.920000076293945,19.457332611083984,18.836271286010746,8160000
2020-01-14,19.470666885375977,20.01799964904785,19.2226676940918,19.582666397094727,18.95760154724121,9610500
2020-01-15,19.57333374023437,19.62333297729492,18.666667938232425,18.87666702270508,18.27413749694824,11518500
2020-01-16,19.34333229064941,19.823999404907227,19.299999237060547,19.82266616821289,19.18994331359864,10807500
2020-01-17,20.077333450317383,20.23600006103516,19.747333526611328,20.207332611083984,19.562328338623047,11839500
2020-01-21,19.95599937438965,20.39999961853028,19.933332443237305,20.170000076293945,19.52618789672852,6961500
2020-01-22,20.63400077819824,21.291332244873047,20.465999603271484,20.65133285522461,19.992156982421875,10747500
2020-01-23,20.89066696166992,21.13333320617676,20.248666763305664,21.12266731262207,20.44844627380371,9354000
2020-01-24,21.950666427612305,22.06666755676269,19.957332611083984,20.408666610717773,19.75723457336425,19885500
2020-01-27,18.586000442504883,18.796667098999023,17.937332153320312,18.041332244873047,17.465463638305664,19500000
2020-01-28,18.733333587646484,19.49666786193848,18.33333206176757,19.332666397094727,18.71558380126953,14221500
2020-01-29,19.117332458496094,19.24333381652832,18.202667236328125,18.26666641235352,17.683609008789062,12270000
2020-01-30,17.900667190551758,18.37266731262207,17.143333435058594,18.19866752624512,17.61777687072754,17106000
2020-01-31,17.757999420166016,17.78066635131836,16.034000396728516,16.24066734313965,15.72227668762207,22954500
2020-02-03,16.468000411987305,16.94066619873047,16.402666091918945,16.860666275024414,16.322490692138672,13681500
2020-02-04,18.13599967956543,18.46999931335449,17.892000198364258,18.433332443237305,17.844951629638672,15466500
2020-02-05,19.413333892822266,19.720666885375977,18.82533264160156,19.63999938964844,19.013103485107425,19452000
2020-02-06,19.70133209228516,19.72333335876465,18.946666717529297,19.652666091918945,19.02536964416504,12234000
2020-02-07,19.07466697692871,19.15333366394043,18.233333587646484,18.266000747680664,17.682964324951172,16014000
2020-02-10,17.841333389282227,19.09333229064941,17.833332061767578,19.09333229064941,18.48388671875,11137500
2020-02-11,19.61199951171875,20.535999298095703,19.59933280944824,20.23933219909668,19.593307495117188,16857000
2020-02-12,20.892667770385746,21.227333068847656,20.799999237060547,21.1286678314209,20.454254150390625,11917500
2020-02-13,20.562667846679688,21.625333786010746,20.514667510986328,21.17533302307129,20.49943351745605,13008000
2020-02-14,21.65066719055176,21.906667709350582,20.6646671295166,21.03933334350586,20.367774963378903,11269500
2020-02-18,19.933332443237305,20.28266716003418,19.733999252319336,20.165332794189453,19.521663665771484,16186500
2020-02-19,20.989999771118164,21.810667037963867,20.93666648864746,21.73200035095215,21.03833198547364,13075500
2020-02-20,21.46666717529297,21.666667938232425,19.77400016784668,20.76066780090332,20.09800148010254,20755500
2020-02-21,20.344667434692383,20.36666679382324,18.666667938232425,18.89666748046875,18.293502807617188,25333500
2020-02-24,16.222000122070312,17.014667510986328,15.934666633605955,16.200666427612305,15.683550834655762,30187500
2020-02-25,16.893999099731445,16.922666549682617,14.45199966430664,14.71266746520996,14.243049621582031,38751000
2020-02-26,15.0686674118042,15.772000312805176,14.533332824707031,14.836000442504885,14.362444877624512,33132000
2020-02-27,13.4399995803833,14.342000007629396,12.658666610717772,12.741999626159668,12.335285186767578,38827500
2020-02-28,11.466667175292969,13.866000175476074,11.446666717529297,13.666666984558104,13.230439186096191,45580500
2020-03-02,14.5,15.02066707611084,13.02066707611084,15.020000457763672,14.540573120117188,36516000
2020-03-03,15.210000038146973,15.822667121887209,13.118000030517578,13.499333381652832,13.068445205688477,32919000
2020-03-04,14.30666732788086,15.489999771118164,13.736000061035156,15.475333213806152,14.981371879577637,20538000
2020-03-05,14.190667152404783,15.28600025177002,13.734000205993652,14.087332725524902,13.637675285339355,23968500
2020-03-06,13.0,13.565999984741213,12.199999809265137,13.240667343139648,12.818034172058104,26310000
2020-03-09,10.135333061218262,11.792667388916016,9.866666793823242,9.88599967956543,9.570446014404297,31191000
2020-03-10,11.128000259399414,11.773332595825195,9.93333339691162,11.773332595825195,11.397537231445312,33006000
2020-03-11,10.719332695007324,11.13266658782959,9.420000076293944,9.776000022888184,9.463955879211426,33735000
2020-03-12,7.77400016784668,8.915332794189453,6.801332950592041,6.802667140960693,6.585531234741211,47734500
2020-03-13,8.074000358581543,8.733332633972168,6.533332824707031,8.661333084106445,8.384868621826172,43620000
2020-03-16,5.98533296585083,7.097332954406738,5.266666889190674,5.318666934967041,5.148899555206299,47341500
2020-03-17,5.320000171661377,5.992000102996826,4.380667209625244,5.847332954406738,5.660690784454346,73488000
2020-03-18,4.600666999816895,5.263999938964844,3.566667079925537,4.333333015441895,4.195016384124756,67953000
2020-03-19,4.215332984924316,5.065999984741211,3.849999904632568,4.662000179290772,4.5131916999816895,67534500
2020-03-20,5.220666885375977,5.432666778564453,4.25333309173584,4.263332843780518,4.127251148223877,63204000
2020-03-23,4.533332824707031,4.938666820526123,4.0873332023620605,4.659999847412109,4.511256217956543,63927000
2020-03-24,5.570000171661377,6.265999794006348,5.547332763671875,6.249332904815674,6.056705474853516,67669500
2020-03-25,6.363333225250244,7.013332843780518,5.707333087921143,6.004666805267334,5.819580554962158,65236500
2020-03-26,6.469333171844482,7.266666889190674,6.266666889190674,7.205333232879639,6.983236789703369,55215000
2020-03-27,6.47866678237915,6.815332889556885,6.048666954040527,6.0960001945495605,5.9080986976623535,51672000
2020-03-30,6.330667018890381,6.798666954040527,6.157332897186279,6.751999855041504,6.543876647949219,39718500
2020-03-31,6.76200008392334,7.082666873931885,6.164000034332275,6.315999984741211,6.121316909790039,50964000
2020-04-01,5.687333106994629,6.156000137329102,5.1066670417785645,5.294000148773193,5.1308183670043945,47541000
2020-04-02,5.184000015258789,5.797332763671875,5.175333023071289,5.778666973114014,5.600546836853027,43654500
2020-04-03,5.783999919891357,5.960667133331299,5.208000183105469,5.435332775115967,5.267795562744141,43627500
2020-04-06,6.133333206176758,7.179333209991455,6.125999927520752,7.102666854858398,6.883734703063965,51997500
2020-04-07,7.909333229064941,7.97933292388916,6.9806671142578125,7.013332843780518,6.797154903411865,79462500
2020-04-08,7.3933329582214355,7.802000045776367,7.064000129699707,7.716000080108643,7.478163242340088,50287500
2020-04-09,8.040666580200195,8.22933292388916,6.986000061035156,7.210000038146973,6.987759590148926,75898500
2020-04-13,7.159999847412109,7.5233330726623535,6.9633331298828125,7.46999979019165,7.239744186401367,36957000
2020-04-14,7.992667198181152,8.492667198181152,7.940667152404785,8.461999893188477,8.201169967651367,51487500
2020-04-15,7.972667217254639,7.973999977111816,7.505332946777344,7.775332927703857,7.535667419433594,37128000
2020-04-16,8.157333374023438,8.434666633605957,7.834000110626221,8.347332954406738,8.09003734588623,47277000
2020-04-17,8.856666564941406,8.887999534606934,8.266667366027832,8.564000129699707,8.300024032592773,47445000
2020-04-20,8.200667381286621,8.566666603088379,8.0,8.011333465576172,7.764392852783203,35502000
2020-04-21,7.642666816711426,7.77400016784668,6.767333030700684,6.886000156402588,6.6737470626831055,60042000
2020-04-22,7.495333194732666,8.183333396911621,7.413332939147949,8.03933334350586,7.791529655456543,37150500
2020-04-23,8.080666542053223,8.33666706085205,7.75333309173584,7.835332870483398,7.593818187713623,42906000
2020-04-24,7.863999843597412,8.378000259399414,7.626667022705078,8.333999633789062,8.077116012573242,34429500
2020-04-27,8.666666984558105,8.917332649230957,8.543999671936035,8.670666694641113,8.403404235839844,42303000
2020-04-28,9.13266658782959,9.288000106811523,8.501999855041504,8.535332679748535,8.272241592407227,55147500
2020-04-29,8.971332550048828,9.850000381469728,8.9313325881958,9.760000228881836,9.45915985107422,42030000
2020-04-30,9.624667167663574,9.655332565307615,8.668000221252441,8.734000205993652,8.464784622192383,55264500
2020-05-01,8.133333206176758,8.166666984558105,7.320000171661377,7.406667232513428,7.1783647537231445,65224500
2020-05-04,7.208666801452637,7.636000156402588,7.133999824523926,7.614666938781738,7.379953861236572,35217000
2020-05-05,8.050666809082031,8.434666633605957,7.847332954406738,8.000666618347168,7.754055023193359,47706000
2020-05-06,8.266667366027832,8.657999992370605,8.21399974822998,8.277999877929688,8.02284049987793,46401000
2020-05-07,8.712667465209961,8.819999694824219,8.386667251586914,8.52066707611084,8.258027076721191,32518500
2020-05-08,8.78266716003418,9.281999588012695,8.694000244140625,9.26533317565918,8.979740142822266,38311500
2020-05-11,8.962667465209961,9.482666969299316,8.939332962036133,9.239999771118164,8.955188751220703,27099000
2020-05-12,9.434666633605955,9.517999649047852,8.456666946411133,8.456666946411133,8.195999145507812,34702500
2020-05-13,8.685333251953125,8.739999771118164,7.625332832336426,8.001333236694336,7.754701614379883,53503500
2020-05-14,7.813333034515381,8.666666984558105,7.400000095367432,8.640666961669922,8.374329566955566,54496500
2020-05-15,7.7866668701171875,8.191332817077637,7.639999866485596,8.099332809448242,7.849680423736572,55647000
2020-05-18,8.666666984558105,9.350000381469728,8.666666984558105,9.232666969299316,8.948078155517578,42394500
2020-05-19,9.185999870300291,9.762666702270508,9.107333183288574,9.121999740600586,8.840825080871582,40813500
2020-05-20,9.67666721343994,10.313332557678224,9.67133331298828,10.15933322906494,9.846183776855469,39808500
2020-05-21,10.156000137329102,10.164667129516602,9.324000358581545,9.369999885559082,9.081182479858398,37935000
2020-05-22,9.449333190917969,9.53266716003418,9.034000396728516,9.505999565124512,9.212989807128906,25134000
2020-05-26,10.249333381652832,10.387999534606934,9.748666763305664,9.800666809082031,9.49857234954834,41682000
2020-05-27,9.91800022125244,10.226667404174805,9.04599952697754,10.219332695007324,9.90433406829834,41941500
2020-05-28,10.053333282470703,10.41800022125244,9.399999618530272,9.548666954040527,9.254340171813965,33565500
2020-05-29,9.677332878112791,10.378000259399414,9.56666660308838,10.27400016784668,9.957315444946287,38440500
2020-06-01,10.071999549865724,10.27400016784668,9.866666793823242,10.146666526794434,9.833908081054688,21564000
2020-06-02,10.232000350952148,10.800000190734863,10.07333278656006,10.800000190734863,10.4671049118042,34992000
2020-06-03,11.219332695007324,11.876667022705078,11.219332695007324,11.74666690826416,11.38459014892578,30483000
2020-06-04,11.643333435058594,12.314000129699709,11.477999687194824,12.055999755859377,11.6843843460083,31461000
2020-06-05,12.927332878112791,13.466667175292969,12.826666831970217,12.934000015258787,12.535323143005373,26946000
2020-06-08,13.260666847229004,13.260666847229004,12.457332611083984,12.85533332824707,12.45908260345459,25800000
2020-06-09,12.41333293914795,13.010000228881836,12.281332969665527,12.87733268737793,12.4804048538208,22317000
2020-06-10,13.153332710266112,13.38266658782959,12.85533332824707,12.996000289916992,12.595414161682127,23647500
2020-06-11,12.001333236694336,12.156000137329102,10.501333236694336,10.515999794006348,10.191854476928713,47562000
2020-06-12,11.491999626159668,11.59866714477539,10.259332656860352,10.95199966430664,10.614418029785156,35401500
2020-06-15,10.260666847229004,11.461999893188477,10.11533260345459,11.432666778564451,11.080269813537598,29254500
2020-06-16,12.406000137329102,12.621333122253418,11.432666778564451,12.038666725158691,11.667588233947754,30856500
2020-06-17,12.29599952697754,12.66866683959961,12.133999824523926,12.371999740600586,11.990646362304688,21156000
2020-06-18,12.206666946411133,12.480667114257812,12.10200023651123,12.314666748046877,11.935080528259276,13989000
2020-06-19,12.739333152770996,12.859999656677246,12.005999565124512,12.06666660308838,11.694725036621094,29616000
2020-06-22,12.126667022705078,12.449333190917969,11.708000183105469,12.38933277130127,12.007447242736816,19461000
2020-06-23,12.62399959564209,12.880000114440918,12.42133331298828,12.4913330078125,12.11242961883545,18909000
2020-06-24,12.258000373840332,12.484000205993652,11.368000030517578,11.652000427246094,11.298556327819824,31200000
2020-06-25,11.638667106628418,11.9913330078125,11.09000015258789,11.93866729736328,11.576529502868652,21685500
2020-06-26,11.800000190734863,12.005332946777344,11.157999992370604,11.223999977111816,10.883536338806152,21492000
2020-06-29,11.248000144958496,11.619333267211914,10.833999633789062,11.609999656677246,11.257829666137695,17931000
2020-06-30,11.74666690826416,12.649333000183104,11.74666690826416,12.547332763671877,12.166729927062988,32251500
2020-07-01,12.555333137512209,12.562000274658203,11.989333152770996,12.022666931152344,11.65797996520996,21469500
2020-07-02,12.52733325958252,12.803999900817873,12.32866668701172,12.470000267028809,12.091744422912598,24289500
2020-07-06,13.10533332824707,13.594667434692385,13.088000297546388,13.470000267028809,13.061409950256348,21822000
2020-07-07,13.298666954040527,13.613332748413086,12.899999618530272,12.972000122070312,12.57851791381836,17728500
2020-07-08,13.300000190734863,13.533332824707031,12.954667091369627,13.5086669921875,13.09890365600586,14014500
2020-07-09,13.666666984558104,14.292667388916016,13.06999969482422,14.04599952697754,13.619937896728516,25341000
2020-07-10,14.07333278656006,14.197999954223633,13.481332778930664,13.906000137329102,13.484186172485352,16764000
2020-07-13,14.492667198181152,14.961333274841309,13.133333206176758,13.211999893188477,12.811238288879396,24480000
2020-07-14,12.993332862854004,13.961999893188477,12.40133285522461,13.911999702453612,13.49000358581543,25491000
2020-07-15,14.199999809265137,14.21066665649414,13.133333206176758,13.772666931152344,13.354897499084473,20254500
2020-07-16,13.333999633789062,13.76533317565918,13.126667022705078,13.604666709899902,13.19199275970459,13903500
2020-07-17,13.854000091552734,14.00333309173584,13.600000381469728,13.856666564941406,13.436349868774414,12028500
2020-07-20,13.92199993133545,14.774666786193848,13.62733268737793,14.71066665649414,14.264444351196287,16717500
2020-07-21,14.965332984924316,15.035332679748535,14.246000289916992,14.399333000183104,13.962553977966309,16822500
2020-07-22,14.533332824707031,14.903332710266112,14.21733283996582,14.571999549865724,14.12998390197754,13956000
2020-07-23,14.552000045776367,14.940667152404783,13.510000228881836,13.893333435058594,13.471901893615724,22534500
2020-07-24,13.157999992370604,13.833333015441896,12.630666732788086,13.231332778930664,12.829980850219728,19546500
2020-07-27,13.733332633972168,14.500666618347168,13.715332984924316,14.48466682434082,14.045299530029297,17731500
2020-07-28,14.231332778930664,14.231332778930664,13.553333282470703,13.628000259399414,13.214618682861328,20592000
2020-07-29,14.050000190734863,14.652667045593262,13.954667091369627,14.510666847229004,14.070511817932127,19687500
2020-07-30,14.310667037963867,15.375332832336426,14.29933261871338,15.359999656677246,14.894078254699709,25672500
2020-07-31,15.473999977111816,15.475333213806152,14.447333335876465,15.100666999816896,14.64261245727539,26299500
2020-08-03,15.390666961669922,16.077999114990234,15.390000343322754,15.999333381652832,15.514019966125488,16984500
2020-08-04,15.92666721343994,16.71066665649414,15.88266658782959,16.68666648864746,16.180500030517578,12100500
2020-08-05,16.634666442871094,16.85066795349121,16.266666412353516,16.65399932861328,16.14883041381836,12822000
2020-08-06,16.53733253479004,16.67333221435547,16.086000442504883,16.593332290649414,16.090003967285156,10840500
2020-08-07,16.474666595458984,16.733333587646484,15.444000244140623,16.029333114624023,15.54311180114746,17872500
2020-08-10,16.124666213989258,16.232667922973633,15.334667205810549,16.03933334350586,15.552807807922363,11625000
2020-08-11,15.994000434875488,16.474000930786133,15.383333206176758,15.508000373840332,15.037590026855469,15201000
2020-08-12,15.905332565307615,17.155332565307617,15.774666786193848,17.06999969482422,16.552213668823242,18397500
2020-08-13,17.077333450317383,17.077333450317383,16.268667221069336,16.511333465576172,16.010488510131836,12742500
2020-08-14,16.65333366394043,17.06599998474121,16.308666229248047,16.453332901000977,15.954246520996094,12001500
2020-08-17,16.858667373657227,17.281333923339844,16.779333114624023,17.076000213623047,16.55803108215332,11739000
2020-08-18,17.275999069213867,17.374666213989258,16.625999450683594,16.79400062561035,16.284584045410156,11410500
2020-08-19,16.812667846679688,16.931333541870117,16.319332122802734,16.468000411987305,15.968475341796877,10309500
2020-08-20,15.97933292388916,16.28066635131836,15.69333267211914,16.03933334350586,15.552807807922363,16498500
2020-08-21,16.045333862304688,16.399999618530273,15.766667366027832,16.392667770385742,15.895424842834473,10789500
2020-08-24,16.889333724975586,17.04800033569336,16.474666595458984,16.84600067138672,16.33500099182129,11776500
2020-08-25,16.876667022705078,17.391332626342773,16.876667022705078,17.3886661529541,16.861209869384766,11626500
2020-08-26,17.504667282104492,17.71933364868164,17.25933265686035,17.584667205810547,17.0512638092041,11527500
2020-08-27,17.663999557495117,17.75933265686035,16.589332580566406,16.89933204650879,16.386720657348633,17893500
2020-08-28,17.005332946777344,17.87266731262207,16.8973331451416,17.856666564941406,17.315013885498047,13989000
2020-08-31,17.840667724609375,18.19333267211914,17.387332916259766,17.80666732788086,17.26653289794922,12093000
2020-09-01,18.12666702270508,18.83333206176757,17.87066650390625,18.80933380126953,18.23878288269043,10255500
2020-09-02,19.62800025939941,20.75933265686035,19.1213321685791,20.49666786193848,19.874935150146484,18729000
2020-09-03,19.571332931518555,19.600000381469727,16.6026668548584,16.998666763305664,16.48303985595703,37044000
2020-09-04,16.615999221801758,17.363332748413086,14.670666694641112,16.527332305908203,16.0260066986084,26686500
2020-09-08,14.708666801452637,15.612667083740234,14.131333351135254,14.173999786376951,13.744054794311523,21556500
2020-09-09,15.209333419799805,15.686667442321776,14.666666984558104,15.345999717712402,14.880505561828612,19171500
2020-09-10,15.850000381469728,16.07933235168457,14.42666721343994,14.708666801452637,14.26250457763672,19227000
2020-09-11,15.029333114624023,15.475333213806152,14.191332817077637,14.657333374023438,14.212726593017578,14871000
2020-09-14,15.553333282470703,15.854000091552734,15.210000038146973,15.583999633789062,15.111286163330078,11850000
2020-09-15,16.15399932861328,16.68600082397461,16.097999572753906,16.385332107543945,15.888312339782717,11725500
2020-09-16,16.591999053955078,16.781999588012695,15.833333015441896,15.892000198364258,15.409941673278809,10791000
2020-09-17,14.749333381652832,15.971332550048828,14.554667472839355,15.81933307647705,15.339478492736816,14704500
2020-09-18,16.014667510986328,16.202667236328125,14.520000457763672,15.08199977874756,14.624513626098633,17329500
2020-09-21,14.189332962036133,15.031999588012695,13.894000053405762,15.009332656860352,14.55405044555664,25779000
2020-09-22,15.357333183288574,15.576666831970217,14.5513334274292,15.553333282470703,15.081549644470217,13864500
2020-09-23,15.464667320251465,15.786666870117188,14.262666702270508,14.395333290100098,13.958675384521484,14178000
2020-09-24,14.094667434692385,15.407333374023438,14.06666660308838,14.815999984741213,14.366582870483398,24952500
2020-09-25,14.895999908447266,15.550000190734863,14.223999977111816,15.45533275604248,14.98652172088623,15505500
2020-09-28,16.041332244873047,16.732667922973633,15.76200008392334,16.71733283996582,16.210241317749023,15123000
2020-09-29,16.607999801635742,17.27199935913086,16.607999801635742,16.856666564941406,16.345348358154297,19848000
2020-09-30,16.700666427612305,17.398666381835938,16.600000381469727,16.87933349609375,16.367328643798828,20143500
2020-10-01,17.52199935913086,18.07866668701172,17.340667724609375,17.92733383178711,17.3835391998291,18271500
2020-10-02,16.67133331298828,17.45199966430664,16.284000396728516,16.32933235168457,15.834009170532228,24060000
2020-10-05,16.790666580200195,17.92533302307129,16.768667221069336,17.92333221435547,17.379657745361328,14751000
2020-10-06,17.862667083740234,18.889333724975582,17.400667190551758,17.617332458496094,17.082942962646484,16638000
2020-10-07,18.37066650390625,18.78333282470703,18.35066795349121,18.68000030517578,18.11337661743164,13549500
2020-10-08,19.170000076293945,19.432666778564453,18.952667236328125,19.32866668701172,18.74236297607422,11172000
2020-10-09,20.019332885742188,20.496000289916992,19.92333221435547,20.34266662597656,19.72560691833496,18609000
2020-10-12,21.089332580566406,21.553333282470703,20.801332473754883,21.22599983215332,20.582141876220703,15901500
2020-10-13,21.250667572021484,21.676000595092773,20.833999633789062,21.200666427612305,20.557580947875977,14068500
2020-10-14,21.338666915893555,21.59266662597656,20.494667053222656,20.86466789245605,20.23177719116211,11320500
2020-10-15,19.80066680908203,20.82933235168457,19.57533264160156,20.700000762939453,20.07210731506348,10518000
2020-10-16,21.21199989318848,21.21666717529297,20.36400032043457,20.40466690063477,19.78573036193848,8916000
2020-10-19,20.86666679382324,21.262666702270508,19.845333099365234,20.076000213623047,19.467025756835938,11283000
2020-10-20,20.36066627502441,20.520666122436523,19.84333229064941,20.011999130249023,19.404970169067383,6909000
2020-10-21,20.155332565307617,20.25,19.54933357238769,19.589332580566406,18.995126724243164,8161500
2020-10-22,19.72599983215332,19.92066764831543,18.91266632080078,19.65800094604492,19.06170654296875,9789000
2020-10-23,19.47933387756348,19.47933387756348,18.8353328704834,19.3700008392334,18.782445907592773,6975000
2020-10-26,18.88333320617676,19.13333320617676,17.399999618530273,18.132667541503903,17.5826416015625,13960500
2020-10-27,18.51666641235352,18.665332794189453,17.726667404174805,17.94533348083496,17.40099334716797,7834500
2020-10-28,17.07466697692871,17.0853328704834,16.0939998626709,16.159332275390625,15.669164657592772,15634500
2020-10-29,16.267332077026367,17.8973331451416,16.131999969482422,17.445999145507812,16.916805267333984,10749000
2020-10-30,16.89533233642578,17.184667587280273,16.007333755493164,16.59666633605957,16.093236923217773,11187000
2020-11-02,17.142000198364258,17.399999618530273,16.423999786376953,16.86400032043457,16.352462768554688,10897500
2020-11-03,17.333332061767578,18.25933265686035,17.294666290283203,17.867332458496094,17.32535743713379,12472500
2020-11-04,18.96333312988281,19.96866607666016,18.28333282470703,19.739999771118164,19.14122200012207,17590500
2020-11-05,21.33333206176757,22.49066734313965,21.32666778564453,22.34333229064941,21.66558074951172,20565000
2020-11-06,22.14933204650879,23.68000030517578,21.93400001525879,23.49266624450684,22.78005599975586,15370500
2020-11-09,24.96199989318848,25.59866714477539,22.554000854492188,22.595333099365234,21.90994071960449,16741500
2020-11-10,21.996000289916992,22.292667388916016,20.406667709350582,20.56333351135254,19.939577102661133,16570500
2020-11-11,21.53066635131836,22.91200065612793,21.49933242797852,22.804000854492188,22.112281799316406,11782500
2020-11-12,22.84266662597656,23.09333229064941,21.58066749572754,21.92133331298828,21.25638961791992,11928000
2020-11-13,22.65999984741211,23.312000274658203,22.27866744995117,22.73466682434082,22.045055389404297,10963500
2020-11-16,23.270000457763672,24.446666717529297,23.100000381469727,24.411333084106445,23.67085266113281,12468000
2020-11-17,24.1560001373291,24.215999603271484,23.281333923339844,23.81666755676269,23.09423065185547,9009000
2020-11-18,23.91866683959961,24.45400047302246,23.272666931152344,23.31133270263672,22.604219436645508,10455000
2020-11-19,23.233333587646484,24.4060001373291,22.680667877197266,24.3933334350586,23.65340614318848,8220000
2020-11-20,24.37066650390625,24.978666305541992,23.90800094604492,23.997333526611328,23.2694149017334,11338500
2020-11-23,24.43400001525879,25.29199981689453,24.083999633789062,25.08333206176757,24.322471618652344,11436000
2020-11-24,25.53333282470703,25.56666755676269,24.30933380126953,25.488666534423828,24.715505599975582,9943500
2020-11-25,25.36666679382324,25.8613338470459,24.91200065612793,25.215999603271484,24.451114654541016,6964500
2020-11-27,25.721332550048828,26.60533332824707,25.720666885375977,26.083999633789062,25.292783737182617,8937000
2020-11-30,26.23600006103516,27.15066719055176,25.268667221069336,27.064666748046875,26.24370574951172,10632000
2020-12-01,27.746000289916992,28.932666778564453,27.53333282470703,28.500667572021484,27.63614654541016,12735000
2020-12-02,28.21866607666016,29.10199928283692,28.06666755676269,28.71733283996582,27.846235275268555,7210500
2020-12-03,29.231332778930664,29.68600082397461,28.63400077819824,28.76066780090332,27.88825798034668,7801500
2020-12-04,29.235332489013672,31.19333267211914,28.978666305541992,31.15466690063477,30.20964241027832,10473000
2020-12-07,31.73600006103516,31.73600006103516,30.6879997253418,31.562000274658203,30.60462188720703,8889000
2020-12-08,31.450666427612305,32.27333450317383,31.041332244873047,31.959999084472656,30.99054908752441,6286500
2020-12-09,31.606666564941406,32.16133117675781,28.61800003051757,29.226667404174805,28.34012222290039,19231500
2020-12-10,28.6200008392334,29.82200050354004,28.13400077819824,29.170000076293945,28.285175323486328,11490000
2020-12-11,28.413333892822266,28.85933303833008,27.26666641235352,28.163333892822266,27.309045791625977,13248000
2020-12-14,28.988666534423828,29.683332443237305,28.799999237060547,29.224000930786133,28.337541580200195,10854000
2020-12-15,30.281333923339844,30.687332153320312,29.750667572021484,30.44266700744629,29.519237518310547,7351500
2020-12-16,30.709999084472656,30.722000122070312,29.69599914550781,30.375333786010746,29.45394897460937,6372000
2020-12-17,30.91933250427246,30.99066734313965,30.180667877197266,30.538000106811523,29.611682891845703,6106500
2020-12-18,30.733333587646484,30.86666679382324,29.55733299255371,30.139333724975582,29.225107192993164,8797500
2020-12-21,29.0,29.694000244140625,28.166667938232425,29.54599952697754,28.6497745513916,11620500
2020-12-22,29.700666427612305,29.820667266845703,28.75466728210449,29.433332443237305,28.54380989074707,6235500
2020-12-23,29.62333297729492,29.79933357238769,28.78333282470703,28.82200050354004,27.9509506225586,4338000
2020-12-24,29.166667938232425,29.6606674194336,29.029333114624023,29.65399932861328,28.75780487060547,2637000
2020-12-28,30.621999740600582,30.733333587646484,29.36800003051757,29.485332489013672,28.59423065185547,7542000
2020-12-29,29.86666679382324,29.86666679382324,28.28400039672852,29.2586669921875,28.374420166015625,7833000
2020-12-30,29.67200088500977,30.891332626342773,29.600000381469727,30.771333694458008,29.84137725830078,7807500
2020-12-31,30.774667739868164,31.183332443237305,30.17733383178711,31.09866714477539,30.158811569213867,5871000
2021-01-04,31.67200088500977,33.654666900634766,29.930667877197266,30.66933250427246,29.74245262145996,17731500
2021-01-05,30.444000244140625,32.505332946777344,30.444000244140625,32.44599914550781,31.46542358398437,8538000
2021-01-06,31.527999877929688,34.160667419433594,31.28400039672852,32.207332611083984,31.23397445678711,16782000
2021-01-07,33.645999908447266,36.12133407592773,33.615333557128906,35.75666809082031,34.67604446411133,10443000
2021-01-08,37.50733184814453,37.94200134277344,34.62933349609375,35.78666687011719,34.705135345458984,13090500
2021-01-11,34.96533203125,37.874000549316406,34.93399810791016,37.09000015258789,35.96907424926758,9625500
2021-01-12,37.66533279418945,38.7586669921875,36.70600128173828,37.81866836547852,36.67572021484375,10501500
2021-01-13,38.62066650390625,38.93333435058594,37.400001525878906,37.91933441162109,36.77334976196289,6897000
2021-01-14,39.220001220703125,41.61266708374024,39.220001220703125,40.38666534423828,39.16611099243164,11373000
2021-01-15,40.19200134277344,40.31333160400391,37.10533142089844,37.82400131225586,36.68090057373047,16302000
2021-01-19,39.51399993896485,41.79533386230469,39.41133117675781,41.66666793823242,40.40743255615234,13351500
2021-01-20,43.163333892822266,43.521331787109375,40.95133209228516,41.319332122802734,40.07059860229492,11220000
2021-01-21,42.388668060302734,43.52000045776367,41.09733200073242,43.158668518066406,41.854339599609375,11056500
2021-01-22,42.0,42.47600173950195,40.77399826049805,40.790000915527344,39.55725860595703,12573000
2021-01-25,42.01333236694336,42.13999938964844,38.62733459472656,40.96533203125,39.72729110717773,12499500
2021-01-26,41.04666519165039,41.04666519165039,39.0,39.05533218383789,37.87501525878906,7641000
2021-01-27,36.86666870117188,37.04866790771485,32.538665771484375,33.14400100708008,32.142330169677734,25056000
2021-01-28,35.000667572021484,36.57666778564453,34.17333221435547,35.13399887084961,34.07218551635742,16110000
2021-01-29,35.33733367919922,35.82133483886719,32.900665283203125,33.400665283203125,32.3912353515625,15256500
2021-02-01,35.08599853515625,37.5273323059082,34.63666534423828,37.34799957275391,36.219276428222656,13749000
2021-02-02,39.13266754150391,39.15999984741211,37.46666717529297,39.04800033569336,37.86790466308594,10789500
2021-02-03,39.46666717529297,39.79666519165039,36.57133483886719,36.63266754150391,35.52556610107422,14184000
2021-02-04,36.33666610717773,37.60733413696289,35.52933120727539,37.53799819946289,36.40353775024414,8400000
2021-02-05,38.33333206176758,38.33333206176758,36.58533477783203,36.7226676940918,35.61284637451172,8242500
2021-02-08,37.461334228515625,40.133331298828125,37.44533157348633,40.133331298828125,38.9204330444336,17278500
2021-02-09,39.63666534423828,40.540000915527344,39.04333114624024,39.62200164794922,38.42455673217773,8659500
2021-02-10,40.66666793823242,41.3120002746582,38.37666702270508,39.99666595458984,38.787899017333984,15432000
2021-02-11,40.88466644287109,44.16466522216797,40.88466644287109,44.16466522216797,42.82993316650391,20781000
2021-02-12,43.48799896240234,46.01333236694336,43.00400161743164,45.77199935913086,44.3886947631836,15841500
2021-02-16,47.33666610717773,47.85266876220703,45.810665130615234,46.58200073242188,45.17421340942383,14367000
2021-02-17,45.09999847412109,45.7413330078125,42.138668060302734,44.01066589355469,42.68058776855469,19341000
2021-02-18,42.20333480834961,43.26599884033203,41.02066802978516,42.685333251953125,41.39530944824219,15594000
2021-02-19,44.64466857910156,46.51800155639648,44.223331451416016,45.79866790771485,44.41455841064453,23602500
2021-02-22,44.00333404541016,44.93600082397461,40.18000030517578,40.80666732788086,39.57341766357422,22419000
2021-02-23,38.49666595458984,40.74399948120117,35.069332122802734,39.97866821289063,38.770450592041016,27033000
2021-02-24,38.982666015625,43.83333206176758,38.06666564941406,43.74533462524414,42.42327117919922,17964000
2021-02-25,42.06733322143555,43.00933456420898,35.70333480834961,36.21866607666016,35.12407302856445,35817000
2021-02-26,37.94333267211914,39.70066833496094,35.8033332824707,38.71066665649414,37.5407600402832,29536500
2021-03-01,40.59199905395508,42.55799865722656,39.54999923706055,42.55799865722656,41.271820068359375,24520500
2021-03-02,42.93999862670898,42.9900016784668,38.45000076293945,38.54999923706055,37.384952545166016,19687700
2021-03-03,38.900001525878906,38.9900016784668,34.81999969482422,35.0099983215332,33.95193099975586,21749000
2021-03-04,34.83000183105469,35.189998626708984,28.440000534057617,29.979999542236328,29.07395362854004,34294300
2021-03-05,32.220001220703125,32.959999084472656,27.729999542236328,32.75,31.76024055480957,30945800
2021-03-08,32.709999084472656,32.93000030517578,27.5,27.520000457763672,26.68829917907715,28761200
2021-03-09,30.34000015258789,33.08000183105469,30.0,32.45000076293945,31.46930503845215,19994900
2021-03-10,34.189998626708984,34.189998626708984,30.6200008392334,30.71999931335449,29.79158592224121,19953500
2021-03-11,33.29999923706055,35.040000915527344,32.849998474121094,34.470001220703125,33.428245544433594,19094300
2021-03-12,32.52000045776367,33.59000015258789,31.850000381469727,33.41999816894531,32.40999221801758,17047600
2021-03-15,33.79999923706055,35.630001068115234,33.18000030517578,35.56999969482422,34.495018005371094,15325300
2021-03-16,36.83000183105469,38.59000015258789,36.22999954223633,36.97999954223633,35.862403869628906,27404900
2021-03-17,35.279998779296875,39.150001525878906,34.5099983215332,38.41999816894531,37.258880615234375,21743500
2021-03-18,36.7599983215332,36.91999816894531,33.45000076293945,33.709999084472656,32.69122695922852,25749000
2021-03-19,34.0099983215332,35.650001525878906,32.380001068115234,34.75,33.699798583984375,20615000
2021-03-22,35.939998626708984,38.20000076293945,35.619998931884766,37.0,35.88179016113281,23763800
2021-03-23,37.369998931884766,37.5,33.5099983215332,34.029998779296875,33.01583480834961,26947000
2021-03-24,35.630001068115234,36.130001068115234,32.54999923706055,32.59000015258789,31.61874771118164,26195900
2021-03-25,30.93000030517578,33.18000030517578,30.100000381469727,32.810001373291016,31.83218765258789,30291400
2021-03-26,32.810001373291016,37.7400016784668,32.709999084472656,37.68999862670898,36.5667610168457,35670300
2021-03-29,36.380001068115234,36.90999984741211,34.5,35.790000915527344,34.72338104248047,28422700
2021-03-30,35.119998931884766,35.779998779296875,34.279998779296875,35.52000045776367,34.46142578125,17926000
2021-03-31,36.43000030517578,38.97999954223633,36.34999847412109,38.209999084472656,37.071266174316406,25362500
2021-04-01,40.04999923706055,42.43999862670898,40.04999923706055,42.40999984741211,41.14609146118164,27795500
2021-04-05,44.52999877929688,45.29999923706055,42.90999984741211,45.0,43.658912658691406,26445800
2021-04-06,44.119998931884766,44.970001220703125,42.06999969482422,43.380001068115234,42.087188720703125,17961500
2021-04-07,43.9900016784668,44.0,42.34000015258789,43.380001068115234,42.087188720703125,12421800
2021-04-08,44.75,45.0,43.59999847412109,44.790000915527344,43.45515823364258,12957100
2021-04-09,43.83000183105469,44.5,43.130001068115234,44.47999954223633,43.15439987182617,10748500
2021-04-12,43.720001220703125,43.790000915527344,41.79999923706055,43.09000015258789,41.80582046508789,14926000
2021-04-13,44.0,44.130001068115234,41.56999969482422,42.68999862670898,41.41773986816406,14056400
2021-04-14,42.38999938964844,43.470001220703125,40.630001068115234,41.27000045776367,40.040069580078125,12838600
2021-04-15,42.34999847412109,43.65999984741211,41.619998931884766,43.470001220703125,42.17449951171875,13642000
2021-04-16,43.5099983215332,43.63999938964844,42.47999954223633,42.75,41.47594833374024,11016200
2021-04-19,41.77000045776367,42.290000915527344,38.25,39.59999847412109,38.41983413696289,20268200
2021-04-20,39.0099983215332,39.52999877929688,37.040000915527344,37.709999084472656,36.586158752441406,13892000
2021-04-21,37.93000030517578,40.77000045776367,37.34000015258789,40.75,39.53556442260742,15160200
2021-04-22,40.369998931884766,40.61000061035156,37.27000045776367,37.97999954223633,36.84811782836914,20962100
2021-04-23,38.31999969482422,40.56999969482422,38.29999923706055,40.150001525878906,38.95344543457031,13212600
2021-04-26,40.09000015258789,42.459999084472656,40.0,42.209999084472656,40.95204925537109,13528500
2021-04-27,42.77999877929688,42.90999984741211,40.959999084472656,41.34000015258789,40.10798263549805,12557200
2021-04-28,40.68000030517578,40.68999862670898,39.310001373291016,39.41999816894531,38.24520111083984,12753600
2021-04-29,41.20000076293945,41.220001220703125,38.47999954223633,40.310001373291016,39.10868453979492,14812500
2021-04-30,38.34999847412109,39.16999816894531,36.560001373291016,36.900001525878906,35.80030822753906,19385800
2021-05-03,37.720001220703125,37.790000915527344,35.08000183105469,35.61000061035156,34.54874420166016,13899900
2021-05-04,34.40999984741211,34.45000076293945,32.0,33.970001220703125,32.95762634277344,24428000
2021-05-05,35.06999969482422,35.790000915527344,33.75,34.54999923706055,33.52033615112305,16034800
2021-05-06,34.20000076293945,35.400001525878906,33.15999984741211,35.400001525878906,34.345008850097656,15387300
2021-05-07,36.5099983215332,37.54999923706055,35.90999984741211,36.93000030517578,35.82939910888672,16784600
2021-05-10,36.0,36.0,31.8799991607666,31.93000030517578,30.978418350219727,25439800
2021-05-11,29.020000457763672,32.310001373291016,28.690000534057617,32.11000061035156,31.153057098388672,29951300
2021-05-12,30.100000381469727,30.559999465942383,27.809999465942383,28.1299991607666,27.29166412353516,34045700
2021-05-13,29.530000686645508,30.5,28.299999237060547,29.32999992370605,28.45590209960937,25520000
2021-05-14,30.489999771118164,32.68000030517578,29.57999992370605,31.93000030517578,30.978418350219727,21881300
2021-05-17,30.979999542236328,31.100000381469727,29.43000030517578,31.100000381469727,30.17315101623535,19224800
2021-05-18,31.709999084472656,32.08000183105469,30.21999931335449,30.290000915527344,29.38729286193848,15262600
2021-05-19,28.459999084472656,32.16999816894531,28.21999931335449,32.04999923706055,31.094839096069336,29208700
2021-05-20,32.75,34.97999954223633,32.66999816894531,34.63999938964844,33.6076545715332,28593200
2021-05-21,35.29999923706055,35.34000015258789,33.810001373291016,34.13999938964844,33.12255859375,25100300
2021-05-24,35.0,37.13999938964844,34.90999984741211,36.52999877929688,35.44132232666016,21577500
2021-05-25,37.33000183105469,37.75,36.2400016784668,36.93999862670898,35.839111328125,19468200
2021-05-26,37.02999877929688,37.68000030517578,36.18999862670898,37.18000030517578,36.07195281982422,13436700
2021-05-27,36.880001068115234,38.2599983215332,36.709999084472656,37.86000061035156,36.73169708251953,16449400
2021-05-28,38.06999969482422,39.27000045776367,37.880001068115234,38.77999877929688,37.624271392822266,15891400
2021-06-01,39.52000045776367,40.540000915527344,37.7400016784668,38.34000015258789,37.197383880615234,18159400
2021-06-02,38.27000045776367,39.58000183105469,37.90999984741211,39.18999862670898,38.02204895019531,12370500
2021-06-03,37.83000183105469,38.27999877929688,36.52000045776367,37.119998931884766,36.01375198364258,16945800
2021-06-04,38.08000183105469,39.9900016784668,38.04999923706055,39.7400016784668,38.55566787719727,15960500
2021-06-07,39.2599983215332,39.43999862670898,38.150001525878906,38.90999984741211,37.750396728515625,11453800
2021-06-08,39.79999923706055,39.970001220703125,37.29999923706055,38.16999816894531,37.03245162963867,13475800
2021-06-09,38.560001373291016,38.88999938964844,37.619998931884766,37.70000076293945,36.57646560668945,11721000
2021-06-10,37.79999923706055,39.369998931884766,37.52000045776367,39.040000915527344,37.87651824951172,17601900
2021-06-11,39.04999923706055,39.4900016784668,38.56999969482422,39.4900016784668,38.3131103515625,7971500
2021-06-14,39.810001373291016,41.16999816894531,39.060001373291016,41.16999816894531,39.94304656982422,18513300
2021-06-15,40.79999923706055,41.59999847412109,39.7400016784668,40.040000915527344,38.846717834472656,13301400
2021-06-16,40.4900016784668,40.88999938964844,38.06999969482422,39.18000030517578,38.01235961914063,18089300
2021-06-17,38.68999862670898,41.16999816894531,38.650001525878906,40.310001373291016,39.10868453979492,18466200
2021-06-18,39.290000915527344,39.58000183105469,36.75,37.31999969482422,36.20778274536133,21346600
2021-06-21,37.54999923706055,38.15999984741211,36.59000015258789,38.119998931884766,36.98393249511719,12722000
2021-06-22,37.900001525878906,38.83000183105469,37.400001525878906,38.59999847412109,37.44964218139648,10500400
2021-06-23,38.59999847412109,39.630001068115234,38.59999847412109,39.04999923706055,37.88622283935547,8615400
2021-06-24,39.880001068115234,41.22999954223633,39.880001068115234,41.08000183105469,39.85572814941406,12716800
2021-06-25,41.16999816894531,41.68999862670898,40.290000915527344,40.65999984741211,39.4482421875,9244100
2021-06-28,41.5,44.08000183105469,41.45000076293945,43.650001525878906,42.34913635253906,18209300
2021-06-29,43.310001373291016,44.68999862670898,42.880001068115234,44.63999938964844,43.30963134765625,13090200
2021-06-30,44.369998931884766,44.72999954223633,43.66999816894531,44.540000915527344,43.21261215209961,9830900
2021-07-01,44.150001525878906,44.369998931884766,42.130001068115234,42.56999969482422,41.30131530761719,11578200
2021-07-02,43.56999969482422,43.70000076293945,42.25,43.31999969482422,42.02896118164063,10933300
2021-07-06,43.63999938964844,44.13999938964844,41.36000061035156,43.040000915527344,41.7573127746582,10020300
2021-07-07,43.79999923706055,43.90999984741211,40.68999862670898,41.2400016784668,40.01095581054688,10623800
2021-07-08,38.54999923706055,40.380001068115234,37.7599983215332,39.77999877929688,38.59446716308594,14764300
2021-07-09,40.18000030517578,41.93999862670898,39.25,41.77000045776367,40.52516174316406,9799600
2021-07-12,42.15999984741211,43.33000183105469,41.810001373291016,43.33000183105469,42.038673400878906,9021800
2021-07-13,42.75,43.31999969482422,42.09999847412109,42.619998931884766,41.349830627441406,9289300
2021-07-14,43.540000915527344,44.790000915527344,41.86000061035156,42.15999984741211,40.903541564941406,15361500
2021-07-15,41.790000915527344,41.79999923706055,38.54999923706055,39.41999816894531,38.24520111083984,14968000
2021-07-16,40.02999877929688,40.45000076293945,36.59000015258789,36.7599983215332,35.66446304321289,14425600
2021-07-19,35.209999084472656,36.93000030517578,34.709999084472656,36.84000015258789,35.74208450317383,17527800
2021-07-20,37.2400016784668,39.08000183105469,35.849998474121094,38.34000015258789,37.197383880615234,12487200
2021-07-21,38.66999816894531,41.84999847412109,38.59999847412109,41.84999847412109,40.602787017822266,12599700
2021-07-22,40.900001525878906,41.619998931884766,39.900001525878906,40.7400016784668,39.52586364746094,8148900
2021-07-23,41.290000915527344,41.61000061035156,39.95000076293945,41.54999923706055,40.31171417236328,8740400
2021-07-26,40.58000183105469,41.790000915527344,40.58000183105469,41.45000076293945,40.21470642089844,7703500
2021-07-27,40.79999923706055,40.84999847412109,36.709999084472656,39.150001525878906,37.983245849609375,17917400
2021-07-28,39.540000915527344,41.5,39.02000045776367,41.18000030517578,39.9527473449707,12983000
2021-07-29,41.22999954223633,43.68999862670898,41.22999954223633,43.45000076293945,42.15509796142578,15318400
2021-07-30,42.18999862670898,44.5,42.06999969482422,44.38999938964844,43.06707763671875,13599200
2021-08-02,45.18999862670898,46.88999938964844,44.880001068115234,45.209999084472656,43.86265182495117,17018600
2021-08-03,45.290000915527344,45.97999954223633,43.61000061035156,45.970001220703125,44.59999465942383,10801400
2021-08-04,46.15999984741211,48.150001525878906,46.04999923706055,47.61000061035156,46.19112396240234,13768900
2021-08-05,48.16999816894531,48.18999862670898,46.43999862670898,47.16999816894531,45.76422500610352,8580700
2021-08-06,46.33000183105469,47.27000045776367,46.20000076293945,46.630001068115234,45.240325927734375,6202000
2021-08-09,46.900001525878906,47.27000045776367,45.540000915527344,46.150001525878906,44.77462768554688,5943700
2021-08-10,46.369998931884766,46.56999969482422,43.5,44.45000076293945,43.12529754638672,9994500
2021-08-11,45.060001373291016,45.119998931884766,42.43000030517578,44.16999816894531,42.8536376953125,10016600
2021-08-12,43.43999862670898,43.5,41.560001373291016,42.619998931884766,41.349830627441406,9746100
2021-08-13,42.5,43.59999847412109,42.290000915527344,43.47999954223633,42.18419647216797,7655800
2021-08-16,42.90999984741211,43.43000030517578,41.93000030517578,43.0099983215332,41.728214263916016,6658600
2021-08-17,41.93000030517578,41.95000076293945,39.34000015258789,40.459999084472656,39.254207611083984,13983700
2021-08-18,40.290000915527344,40.959999084472656,38.58000183105469,38.65999984741211,37.50785446166992,10760100
2021-08-19,38.18000030517578,40.2599983215332,37.13999938964844,39.630001068115234,38.44894409179688,14855300
2021-08-20,39.959999084472656,40.75,39.0099983215332,40.43000030517578,39.22509765625,10732300
2021-08-23,41.400001525878906,43.790000915527344,41.400001525878906,43.68999862670898,42.38794708251953,12229000
2021-08-24,43.97999954223633,44.43999862670898,43.380001068115234,43.72999954223633,42.42675018310547,8557100
2021-08-25,44.18000030517578,45.650001525878906,44.11000061035156,44.77999877929688,43.445457458496094,10125800
2021-08-26,44.52000045776367,45.33000183105469,43.709999084472656,44.68000030517578,43.34843063354492,9529400
2021-08-27,44.84999847412109,47.5,44.68999862670898,47.29999923706055,45.890357971191406,12358300
2021-08-30,47.77999877929688,49.0,47.130001068115234,47.7400016784668,46.31725692749024,10291100
2021-08-31,47.77000045776367,47.970001220703125,45.369998931884766,46.54999923706055,45.1627082824707,9620800
2021-09-01,47.22999954223633,47.29999923706055,45.83000183105469,45.959999084472656,44.59030151367188,7246900
2021-09-02,46.34999847412109,46.720001220703125,45.70000076293945,46.29999923706055,44.92016220092773,7168600
2021-09-03,46.13999938964844,47.84999847412109,45.959999084472656,47.2400016784668,45.83214569091797,7374000
2021-09-07,47.36000061035156,47.40999984741211,45.91999816894531,46.77000045776367,45.37615585327149,5660800
2021-09-08,46.09999847412109,46.369998931884766,43.7599983215332,44.95000076293945,43.61039733886719,11787400
2021-09-09,44.90999984741211,46.2599983215332,44.88999938964844,45.54999923706055,44.19251251220703,8643000
2021-09-10,46.63999938964844,48.630001068115234,46.5099983215332,46.59000015258789,45.20151901245117,14399600
2021-09-13,47.79999923706055,48.16999816894531,45.93000030517578,47.869998931884766,46.44336318969727,11356400
2021-09-14,48.400001525878906,48.970001220703125,47.13999938964844,47.869998931884766,46.44336318969727,10129200
2021-09-15,48.060001373291016,48.70000076293945,46.7599983215332,48.59000015258789,47.14191436767578,9321800
2021-09-16,47.7400016784668,49.52999877929688,47.02000045776367,49.06999969482422,47.607608795166016,9094400
2021-09-17,48.63999938964844,48.650001525878906,45.970001220703125,46.75,45.35675048828125,14478900
2021-09-20,43.75,44.20000076293945,41.15999984741211,43.29999923706055,42.00956726074219,19454600
2021-09-21,44.040000915527344,44.52000045776367,42.34999847412109,43.59999847412109,42.30062103271485,9972400
2021-09-22,44.459999084472656,46.56999969482422,44.0099983215332,46.2599983215332,44.881343841552734,11093200
2021-09-23,46.88999938964844,48.54999923706055,46.41999816894531,48.09999847412109,46.66651916503906,11819600
2021-09-24,46.86000061035156,48.22999954223633,46.77999877929688,47.95000076293945,46.5209846496582,7465000
2021-09-27,46.52000045776367,48.18000030517578,45.560001373291016,47.68999862670898,46.26873397827149,10241300
2021-09-28,44.900001525878906,45.790000915527344,42.04999923706055,42.22999954223633,40.971458435058594,23988000
2021-09-29,42.560001373291016,42.68000030517578,39.77999877929688,40.119998931884766,38.9243278503418,19889700
2021-09-30,41.060001373291016,41.95000076293945,40.0,40.040000915527344,38.846717834472656,14470200
2021-10-01,40.5,40.70000076293945,38.060001373291016,40.06999969482422,38.87583160400391,16368700
2021-10-04,39.310001373291016,39.52000045776367,36.56999969482422,37.02000045776367,35.91673278808594,20555400
2021-10-05,37.59999847412109,39.38999938964844,37.2599983215332,38.650001525878906,37.49814987182617,15194100
2021-10-06,37.31999969482422,39.13999938964844,36.91999816894531,39.060001373291016,37.89592361450195,16403200
2021-10-07,40.52999877929688,42.02999877929688,40.27000045776367,40.38999938964844,39.18629455566406,13234300
2021-10-08,40.900001525878906,41.06999969482422,39.08000183105469,39.33000183105469,38.15788269042969,10297000
2021-10-11,38.7599983215332,40.38999938964844,38.36000061035156,38.380001068115234,37.23618698120117,9446400
2021-10-12,39.209999084472656,39.310001373291016,36.470001220703125,37.04999923706055,35.945831298828125,19847400
2021-10-13,37.70000076293945,38.29999923706055,37.2400016784668,37.650001525878906,36.5279426574707,11660600
2021-10-14,39.63999938964844,41.08000183105469,39.34000015258789,41.04999923706055,39.82661819458008,14800900
2021-10-15,42.02999877929688,42.290000915527344,41.29999923706055,41.84000015258789,40.59308242797852,10988500
2021-10-18,41.13999938964844,42.970001220703125,40.43999862670898,42.86000061035156,41.58267211914063,8498200
2021-10-19,43.11000061035156,44.47999954223633,42.630001068115234,44.43000030517578,43.10588836669922,11476200
2021-10-20,44.130001068115234,44.72999954223633,43.630001068115234,44.20000076293945,42.88274765014648,9908200
2021-10-21,43.33000183105469,45.720001220703125,43.29999923706055,45.59000015258789,44.2313232421875,10019700
2021-10-22,44.84000015258789,46.22999954223633,43.77000045776367,44.04999923706055,42.73721694946289,12691700
2021-10-25,44.59999847412109,45.66999816894531,44.15999984741211,45.060001373291016,43.71711730957031,9706700
2021-10-26,46.02000045776367,46.45000076293945,44.540000915527344,44.959999084472656,43.620094299316406,12067800
2021-10-27,44.22999954223633,45.61000061035156,43.560001373291016,44.09000015258789,42.77602767944336,13076300
2021-10-28,45.84000015258789,47.09999847412109,45.56999969482422,47.0,45.59929275512695,15904400
2021-10-29,45.970001220703125,47.650001525878906,45.619998931884766,47.650001525878906,46.22993087768555,12735000
2021-11-01,47.790000915527344,49.959999084472656,47.45000076293945,49.959999084472656,48.47108459472656,14647400
2021-11-02,49.81999969482422,51.81999969482422,49.810001373291016,51.81999969482422,50.2756462097168,12421100
2021-11-03,52.06999969482422,53.810001373291016,51.41999816894531,53.66999816894531,52.07051849365234,11472200
2021-11-04,55.41999816894531,59.83000183105469,54.56999969482422,59.08000183105469,57.31929016113281,20539200
2021-11-05,60.040000915527344,62.400001525878906,59.209999084472656,60.90999984741211,59.0947494506836,19536100
2021-11-08,62.09999847412109,64.70999908447266,61.4900016784668,63.540000915527344,61.6463737487793,15603900
2021-11-09,65.2699966430664,65.62999725341797,61.40999984741211,63.400001525878906,61.51054000854492,16385900
2021-11-10,60.04999923706055,62.5,57.06999969482422,57.95000076293945,56.22296524047852,17648300
2021-11-11,60.720001220703125,61.9900016784668,59.369998931884766,61.63999938964844,59.80299377441406,13055700
2021-11-12,62.220001220703125,64.25,61.16999816894531,63.34999847412109,61.4620361328125,13052700
2021-11-15,64.7300033569336,64.73999786376953,61.2599983215332,63.20000076293945,61.31651306152344,11837400
2021-11-16,62.380001068115234,66.43000030517578,62.0099983215332,66.1500015258789,64.17860412597656,12693000
2021-11-17,66.0,66.12999725341797,63.70000076293945,64.5199966430664,62.597164154052734,11636600
2021-11-18,67.87000274658203,68.9000015258789,66.02999877929688,67.9800033569336,65.95405578613281,14102700
2021-11-19,67.86000061035156,69.87000274658203,66.87999725341797,68.61000061035156,66.56526947021484,14527400
2021-11-22,69.54000091552734,72.48999786376953,65.2300033569336,65.43000030517578,63.48004913330078,16809800
2021-11-23,64.83000183105469,66.61000061035156,61.34999847412109,64.73999786376953,62.81060409545898,16233700
2021-11-24,62.9900016784668,66.9000015258789,61.209999084472656,66.87999725341797,64.88683319091797,14762200
2021-11-26,63.09999847412109,64.9800033569336,59.84999847412109,61.369998931884766,59.54104232788086,14919700
2021-11-29,63.95000076293945,68.68000030517578,63.220001220703125,68.41000366210938,66.3712387084961,18352700
2021-11-30,67.27999877929688,69.33999633789062,62.88999938964844,64.66999816894531,62.74269485473633,22246300
2021-12-01,67.54000091552734,70.95999908447266,63.04999923706055,63.15999984741211,61.27769470214844,24798700
2021-12-02,61.2599983215332,64.73999786376953,59.68000030517578,63.25,61.36500930786133,21014200
2021-12-03,65.9000015258789,67.94999694824219,60.70000076293945,62.93000030517578,61.05455017089844,18842800
2021-12-06,62.060001373291016,63.290000915527344,56.77999877929688,62.59999847412109,60.73437881469727,13816300
2021-12-07,66.76000213623047,72.5199966430664,66.72000122070312,71.98999786376953,69.84455108642578,21654500
2021-12-08,70.93000030517578,71.19999694824219,68.48999786376953,70.69000244140625,68.58328247070312,12500700
2021-12-09,69.43000030517578,71.58999633789062,65.66000366210938,65.9000015258789,63.93604278564453,14533000
2021-12-10,69.45999908447266,70.44999694824219,65.16999816894531,67.5999984741211,65.58539581298828,12329100
2021-12-13,68.0199966430664,68.70999908447266,62.0,62.34000015258789,60.48212814331055,13561500
2021-12-14,60.0,62.369998931884766,58.93999862670898,61.52000045776367,59.68656921386719,13311200
2021-12-15,61.84000015258789,68.33999633789062,59.2400016784668,68.12000274658203,66.08987426757812,19005700
2021-12-16,69.01000213623047,69.5,58.02000045776367,59.22999954223633,57.46481704711914,27692100
2021-12-17,57.34000015258789,61.58000183105469,56.86000061035156,58.959999084472656,57.2028694152832,17729000
2021-12-20,56.13999938964844,58.7599983215332,55.470001220703125,57.54999923706055,55.83488464355469,15681400
2021-12-21,61.16999816894531,63.68999862670898,58.77000045776367,63.5,61.6225471496582,20477000
2021-12-22,62.470001220703125,65.52999877929688,61.61000061035156,65.37999725341797,63.44695663452149,13011600
2021-12-23,66.0,68.75,65.91999816894531,67.41000366210938,65.41695404052734,14507000
2021-12-27,68.0999984741211,73.0,68.0,72.98999786376953,70.83195495605469,15598000
2021-12-28,74.06999969482422,74.06999969482422,69.56999969482422,70.5199966430664,68.43500518798828,14401800
2021-12-29,70.41999816894531,72.2300033569336,69.5999984741211,71.0,68.90080261230469,10702000
2021-12-30,70.5,71.33999633789062,67.88999938964844,68.36000061035156,66.3388671875,11188200
2021-12-31,68.69999694824219,70.0999984741211,67.83000183105469,68.01000213623047,65.99921417236328,10152000
2022-01-03,69.05000305175781,72.11000061035156,68.38999938964844,72.0999984741211,69.9682846069336,15794800
2022-01-04,72.58000183105469,74.20999908447266,66.04000091552734,71.06999969482422,68.96871948242188,21988000
2022-01-05,69.58999633789062,71.41999816894531,63.93999862670898,64.01000213623047,62.11747360229492,20821000
2022-01-06,64.08999633789062,66.38999938964844,61.84999847412109,65.54000091552734,63.602237701416016,19343100
2022-01-07,65.08000183105469,66.05000305175781,59.13999938964844,59.7400016784668,57.97372055053711,22625900
2022-01-10,57.34000015258789,60.18999862670898,53.81999969482422,60.0,58.22603988647461,25112700
2022-01-11,59.09000015258789,63.43999862670898,57.880001068115234,63.290000915527344,61.41876220703125,22053900
2022-01-12,64.98999786376953,66.4000015258789,62.63999938964844,64.58000183105469,62.67062759399414,19392000
2022-01-13,67.5,69.18000030517578,59.58000183105469,60.20000076293945,58.42011642456055,28866500
2022-01-14,58.7599983215332,64.54000091552734,58.560001373291016,64.4800033569336,62.57357406616211,23880600
2022-01-18,60.90999984741211,61.380001068115234,55.5,55.97999954223633,54.32488250732422,29055200
2022-01-19,57.47999954223633,58.15999984741211,50.72999954223633,50.81999969482422,49.31744766235352,28683300
2022-01-20,52.119998931884766,53.20000076293945,45.810001373291016,45.9900016784668,44.630252838134766,32438800
2022-01-21,45.220001220703125,48.93000030517578,43.400001525878906,43.709999084472656,42.41765975952149,45826500
2022-01-24,41.0,45.47999954223633,36.619998931884766,45.45000076293945,44.106224060058594,53548700
2022-01-25,41.77000045776367,43.34999847412109,39.380001068115234,40.18999862670898,39.001739501953125,40326300
2022-01-26,43.77999877929688,47.09999847412109,40.09999847412109,42.119998931884766,40.87467956542969,46405000
2022-01-27,43.400001525878906,43.45000076293945,36.0,36.36000061035156,35.28497314453125,50033700
2022-01-28,36.369998931884766,38.40999984741211,33.099998474121094,38.40999984741211,37.27436447143555,43946700
2022-01-31,38.9900016784668,44.75,38.29999923706055,44.58000183105469,43.2619514465332,39362500
2022-02-01,45.88999938964844,46.09999847412109,42.290000915527344,45.90999984741211,44.55261993408203,37795600
2022-02-02,48.470001220703125,49.5,46.459999084472656,49.34000015258789,47.88120651245117,40548600
2022-02-03,45.58000183105469,47.79999923706055,42.150001525878906,42.630001068115234,41.36959838867188,32875300
2022-02-04,42.08000183105469,44.52000045776367,40.369998931884766,43.459999084472656,42.175052642822266,30575600
2022-02-07,43.63999938964844,45.52000045776367,42.86000061035156,43.40999984741211,42.12653732299805,28382000
2022-02-08,42.75,46.880001068115234,42.540000915527344,46.59999847412109,45.22221755981445,33686800
2022-02-09,48.43000030517578,51.22999954223633,46.709999084472656,51.02000045776367,49.51153564453125,35302800
2022-02-10,47.58000183105469,52.209999084472656,45.58000183105469,46.41999816894531,45.04753494262695,51371000
2022-02-11,46.560001373291016,47.650001525878906,38.41999816894531,39.540000915527344,38.37095642089844,51212800
2022-02-14,39.75,41.84999847412109,37.86000061035156,39.59000015258789,38.41948318481445,43218400
2022-02-15,41.900001525878906,46.290000915527344,41.66999816894531,46.0099983215332,44.6496696472168,39910800
2022-02-16,44.06999969482422,46.5,43.040000915527344,46.09999847412109,44.737003326416016,35357600
2022-02-17,44.119998931884766,44.38999938964844,40.66999816894531,40.869998931884766,39.66163635253906,41858900
2022-02-18,41.13999938964844,41.34999847412109,37.77000045776367,39.630001068115234,38.45829772949219,46904100
2022-02-22,38.22999954223633,41.560001373291016,36.83000183105469,38.61000061035156,37.46845626831055,49765600
2022-02-23,40.06999969482422,41.29999923706055,35.630001068115234,35.90999984741211,34.84828186035156,52830600
2022-02-24,31.809999465942383,40.04999923706055,31.549999237060547,39.93999862670898,38.759124755859375,68362100
2022-02-25,40.0,41.84000015258789,38.15999984741211,41.77999877929688,40.54472351074219,40949000
2022-02-28,40.20000076293945,42.22999954223633,38.560001373291016,41.0099983215332,39.79749298095703,43350600
2022-03-01,40.77999877929688,41.29999923706055,35.349998474121094,36.58000183105469,35.498477935791016,46635000
2022-03-02,37.470001220703125,40.880001068115234,37.22999954223633,40.119998931884766,38.93379974365234,41485400
2022-03-03,40.650001525878906,40.869998931884766,36.81999969482422,37.54999923706055,36.439788818359375,45902800
2022-03-04,36.630001068115234,37.41999816894531,33.36000061035156,34.77000045776367,33.74199295043945,46799000
2022-03-07,34.81999969482422,35.599998474121094,29.5,29.57999992370605,28.70543670654297,50665800
2022-03-08,29.670000076293945,34.34000015258789,28.479999542236328,31.15999984741211,30.23872184753418,68456500
2022-03-09,34.119998931884766,35.65999984741211,33.06999969482422,34.93000030517578,33.89726257324219,46482400
2022-03-10,33.06999969482422,33.20000076293945,30.799999237060547,32.75,31.781707763671875,43831500
2022-03-11,34.15999984741211,34.41999816894531,30.5,30.690000534057617,29.782615661621094,34118300
2022-03-14,30.01000022888184,30.850000381469727,27.299999237060547,27.90999984741211,27.08481216430664,49351500
2022-03-15,28.450000762939453,31.71999931335449,28.01000022888184,31.51000022888184,30.5783748626709,42082900
2022-03-16,33.040000915527344,36.400001525878906,32.060001373291016,36.29999923706055,35.226749420166016,55754000
2022-03-17,35.25,37.0,34.31999969482422,36.95000076293945,35.8575325012207,37147500
2022-03-18,36.61000061035156,39.66999816894531,35.599998474121094,39.16999816894531,38.01189041137695,39797700
2022-03-21,38.70000076293945,39.970001220703125,36.880001068115234,39.0,37.846923828125,38312100
2022-03-22,38.790000915527344,41.02000045776367,38.630001068115234,39.59000015258789,38.42637634277344,34654100
2022-03-23,38.5099983215332,39.9900016784668,36.59000015258789,36.68999862670898,35.611610412597656,38313200
2022-03-24,37.81999969482422,42.25,37.29999923706055,42.09000015258789,40.8528938293457,44687200
2022-03-25,42.06999969482422,42.369998931884766,39.75,42.0099983215332,40.77524185180664,36316000
2022-03-28,41.20000076293945,42.810001373291016,39.31999969482422,42.709999084472656,41.45467376708984,35741000
2022-03-29,44.84000015258789,46.0,43.11000061035156,45.58000183105469,44.24031829833984,40148500
2022-03-30,44.709999084472656,45.20000076293945,40.68000030517578,41.34999847412109,40.134647369384766,38435700
2022-03-31,41.2599983215332,41.84000015258789,38.41999816894531,38.77999877929688,37.64017868041992,38547400
2022-04-01,39.06999969482422,39.33000183105469,34.619998931884766,36.290000915527344,35.22336196899414,57428500
2022-04-04,36.58000183105469,38.220001220703125,36.16999816894531,37.959999084472656,36.84428405761719,28200500
2022-04-05,37.09000015258789,37.2400016784668,32.529998779296875,32.880001068115234,31.9135971069336,57649600
2022-04-06,30.850000381469727,32.099998474121094,29.559999465942383,30.51000022888184,29.61325454711914,69146900
2022-04-07,30.25,31.420000076293945,28.65999984741211,30.51000022888184,29.61325454711914,55657300
2022-04-08,29.86000061035156,29.959999084472656,28.14999961853028,28.290000915527344,27.45850372314453,71608900
2022-04-11,27.040000915527344,27.709999084472656,26.34000015258789,26.489999771118164,25.71141242980957,60558200
2022-04-12,28.040000915527344,28.84000015258789,25.86000061035156,26.239999771118164,25.468753814697266,66793200
2022-04-13,26.770000457763672,28.540000915527344,26.309999465942383,28.030000686645508,27.206148147583008,50484000
2022-04-14,28.549999237060547,28.6200008392334,25.540000915527344,25.61000061035156,24.85727500915528,51193200
2022-04-18,25.26000022888184,27.670000076293945,25.15999984741211,26.979999542236328,26.18700790405273,49251700
2022-04-19,26.68000030517578,28.88999938964844,26.21999931335449,28.75,27.904985427856445,45358800
2022-04-20,30.06999969482422,30.850000381469727,28.239999771118164,28.5,27.662330627441406,51891900
2022-04-21,29.600000381469727,30.56999969482422,25.809999465942383,26.209999084472656,25.43963623046875,53808500
2022-04-22,26.100000381469727,26.559999465942383,24.3700008392334,24.450000762939453,23.73136711120605,57459200
2022-04-25,23.88999938964844,25.76000022888184,23.68000030517578,25.670000076293945,24.915512084960938,58210600
2022-04-26,24.709999084472656,24.89999961853028,22.350000381469727,22.43000030517578,21.770736694335938,55039200
2022-04-27,21.6200008392334,23.59000015258789,21.479999542236328,21.950000762939453,21.30484962463379,52406400
2022-04-28,23.200000762939453,26.299999237060547,22.39999961853028,25.57999992370605,24.82815742492676,63555800
2022-04-29,24.299999237060547,25.950000762939453,22.100000381469727,22.239999771118164,21.58632469177246,48104400
2022-05-02,22.3799991607666,24.549999237060547,21.809999465942383,24.5,23.77989959716797,57669900
2022-05-03,24.32999992370605,25.68000030517578,23.75,25.11000061035156,24.371967315673828,53115700
2022-05-04,25.690000534057617,28.13999938964844,23.299999237060547,28.020000457763672,27.19643783569336,77054200
2022-05-05,26.530000686645508,26.6200008392334,22.75,23.989999771118164,23.28488540649414,64302700
2022-05-06,23.239999771118164,24.8700008392334,21.940000534057617,23.350000381469727,22.66370010375977,73607500
2022-05-09,21.81999969482422,22.600000381469727,19.31999969482422,19.71999931335449,19.1403923034668,72482100
2022-05-10,21.450000762939453,22.14999961853028,19.71999931335449,21.09000015258789,20.470123291015625,72934500
2022-05-11,20.530000686645508,22.0,18.96999931335449,19.14999961853028,18.587141036987305,76546000
2022-05-12,18.51000022888184,19.989999771118164,17.959999084472656,19.40999984741211,18.839506149291992,79889100
2022-05-13,20.56999969482422,22.90999984741211,20.18000030517578,22.489999771118164,21.828981399536133,65885900
2022-05-16,21.86000061035156,22.51000022888184,21.200000762939453,21.3700008392334,20.741893768310547,49300800
2022-05-17,23.07999992370605,24.739999771118164,22.84000015258789,24.57999992370605,23.85754776000977,65619700
2022-05-18,23.39999961853028,24.350000381469727,20.530000686645508,20.850000381469727,20.237178802490234,61497800
2022-05-19,20.549999237060547,22.040000915527344,19.89999961853028,20.51000022888184,19.907169342041016,62522000
2022-05-20,21.540000915527344,21.64999961853028,17.65999984741211,20.36000061035156,19.76158142089844,86718200
2022-05-23,19.93000030517578,20.82999992370605,19.450000762939453,20.6299991607666,20.02364158630371,54498700
2022-05-24,19.690000534057617,19.8799991607666,18.440000534057617,19.100000381469727,18.53861618041992,57291400
2022-05-25,18.729999542236328,20.71999931335449,18.71999931335449,20.190000534057617,19.596582412719727,54536300
2022-05-26,19.61000061035156,22.82999992370605,19.479999542236328,22.540000915527344,21.87750816345215,60520000
2022-05-27,23.600000381469727,25.440000534057617,23.59000015258789,25.26000022888184,24.517562866210938,54680400
2022-05-31,25.13999938964844,25.600000381469727,23.75,24.86000061035156,24.129318237304688,48671900
2022-06-01,25.34000015258789,25.71999931335449,22.709999084472656,23.709999084472656,23.01311683654785,52378500
2022-06-02,23.39999961853028,26.280000686645508,23.299999237060547,26.200000762939453,25.42993354797364,49439000
2022-06-03,24.549999237060547,24.950000762939453,23.5,23.93000030517578,23.22665405273437,42093200
2022-06-06,25.25,25.57999992370605,23.479999542236328,23.90999984741211,23.20724105834961,40514000
2022-06-07,23.020000457763672,24.739999771118164,22.540000915527344,24.600000381469727,23.876962661743164,37067500
2022-06-08,24.15999984741211,24.459999084472656,22.420000076293945,22.90999984741211,22.236629486083984,38501600
2022-06-09,22.38999938964844,23.559999465942383,21.030000686645508,21.09000015258789,20.470123291015625,37937200
2022-06-10,19.979999542236328,20.51000022888184,18.65999984741211,18.809999465942383,18.25714111328125,58924000
2022-06-13,16.93000030517578,17.40999984741211,15.34000015258789,15.550000190734863,15.092954635620115,77061300
2022-06-14,16.010000228881836,16.219999313354492,15.210000038146973,15.760000228881836,15.296783447265623,52253400
2022-06-15,16.350000381469727,17.43000030517578,15.470000267028809,16.610000610351562,16.121801376342773,77001800
2022-06-16,15.140000343322754,15.1899995803833,12.989999771118164,13.56999969482422,13.171151161193848,90753100
2022-06-17,13.649999618530272,14.020000457763672,12.779999732971191,13.699999809265137,13.297332763671877,64012800
2022-06-21,14.539999961853027,15.43000030517578,14.489999771118164,14.800000190734863,14.364999771118164,57522800
2022-06-22,14.039999961853027,14.970000267028809,13.9399995803833,14.289999961853027,13.8878173828125,49362200
2022-06-23,14.579999923706056,14.59000015258789,13.34000015258789,14.010000228881836,13.615696907043455,47625300
2022-06-24,14.640000343322754,15.850000381469728,14.56999969482422,15.8100004196167,15.365038871765137,60548200
2022-06-27,16.309999465942383,16.459999084472656,15.369999885559082,15.800000190734863,15.35532283782959,43426900
2022-06-28,16.0,16.579999923706055,14.520000457763672,14.5600004196167,14.150221824645996,56957600
2022-06-29,14.0,14.039999961853027,13.029999732971191,13.550000190734863,13.168645858764648,61516700
2022-06-30,13.029999732971191,13.829999923706056,12.380000114440918,13.100000381469728,12.731311798095703,70274900
2022-07-01,12.489999771118164,12.600000381469728,11.130000114440918,11.600000381469728,11.273527145385742,92067100
2022-07-05,10.739999771118164,11.899999618530272,10.529999732971191,11.850000381469728,11.516490936279297,82942200
2022-07-06,11.920000076293944,12.5,11.520000457763672,12.09000015258789,11.749735832214355,77177800
2022-07-07,12.90999984741211,13.890000343322754,12.90999984741211,13.710000038146973,13.324142456054688,75926300
2022-07-08,13.130000114440918,14.170000076293944,12.960000038146973,13.90999984741211,13.518512725830078,77437200
2022-07-11,13.25,13.449999809265137,12.649999618530272,12.90999984741211,12.546656608581545,52520600
2022-07-12,13.18000030517578,13.449999809265137,12.720000267028809,12.970000267028809,12.60496997833252,53368400
2022-07-13,12.18000030517578,13.5600004196167,12.130000114440918,13.289999961853027,12.915963172912598,70014100
2022-07-14,13.170000076293944,14.260000228881836,12.539999961853027,14.06999969482422,13.674012184143066,78227900
2022-07-15,14.75,15.149999618530272,14.039999961853027,15.109999656677246,14.68474006652832,74112400
2022-07-18,15.829999923706056,16.18000030517578,14.630000114440918,14.920000076293944,14.500088691711426,83926600
2022-07-19,15.609999656677246,17.170000076293945,15.5,16.950000762939453,16.47295570373535,78348500
2022-07-20,16.829999923706055,18.440000534057617,16.5,18.200000762939453,17.687772750854492,85890600
2022-07-21,18.520000457763672,19.1200008392334,17.68000030517578,19.100000381469727,18.56244659423828,80210800
2022-07-22,18.84000015258789,18.90999984741211,17.149999618530273,17.649999618530273,17.153255462646484,65689500
2022-07-25,17.229999542236328,17.3700008392334,16.43000030517578,17.299999237060547,16.81310272216797,43336800
2022-07-26,16.93000030517578,17.239999771118164,16.25,16.43000030517578,15.967591285705566,48959700
2022-07-27,17.31999969482422,19.1200008392334,17.170000076293945,18.729999542236328,18.202857971191406,78797600
2022-07-28,18.86000061035156,19.520000457763672,17.579999923706055,19.3700008392334,18.824846267700195,69548100
2022-07-29,18.56999969482422,19.989999771118164,18.31999969482422,19.82999992370605,19.27189826965332,61313500
2022-08-01,19.40999984741211,20.61000061035156,19.030000686645508,20.01000022888184,19.446834564208984,61205100
2022-08-02,19.43000030517578,20.8700008392334,19.11000061035156,19.920000076293945,19.35936737060547,60816500
2022-08-03,19.979999542236328,21.71999931335449,19.8700008392334,21.549999237060547,20.943490982055664,57214600
2022-08-04,21.46999931335449,22.270000457763672,21.21999931335449,22.06999969482422,21.448854446411133,56294600
2022-08-05,20.959999084472656,22.1200008392334,20.56999969482422,21.559999465942383,20.953208923339844,60067800
2022-08-08,20.64999961853028,21.38999938964844,19.56999969482422,20.540000915527344,19.961917877197266,59477700
2022-08-09,19.229999542236328,19.229999542236328,16.90999984741211,17.690000534057617,17.19212532043457,65153600
2022-08-10,19.07999992370605,20.020000457763672,18.38999938964844,19.90999984741211,19.349647521972656,69125300
2022-08-11,20.46999931335449,21.600000381469727,19.68000030517578,19.780000686645508,19.223308563232425,70069200
2022-08-12,20.239999771118164,21.71999931335449,19.979999542236328,21.600000381469727,20.99208068847656,57238400
2022-08-15,21.239999771118164,21.96999931335449,20.799999237060547,21.780000686645508,21.16701889038086,48991600
2022-08-16,21.479999542236328,21.739999771118164,20.38999938964844,21.13999938964844,20.54502868652344,48777200
2022-08-17,20.18000030517578,20.200000762939453,18.709999084472656,19.549999237060547,18.9997787475586,67988800
2022-08-18,19.71999931335449,21.36000061035156,19.5,20.88999938964844,20.30206680297852,50790800
2022-08-19,20.059999465942383,20.3799991607666,18.88999938964844,19.170000076293945,18.63047409057617,49700800
2022-08-22,18.100000381469727,18.14999961853028,16.770000457763672,17.040000915527344,16.56041717529297,51389400
2022-08-23,17.079999923706055,18.059999465942383,17.010000228881836,17.329999923706055,16.842260360717773,49723200
2022-08-24,17.25,17.59000015258789,16.770000457763672,17.40999984741211,16.920005798339844,42087500
2022-08-25,17.459999084472656,19.3799991607666,17.420000076293945,19.31999969482422,18.7762508392334,58659800
2022-08-26,19.25,19.32999992370605,15.949999809265137,15.979999542236328,15.530254364013672,84676900
2022-08-29,15.479999542236328,16.049999237060547,14.949999809265137,15.050000190734863,14.626429557800291,61062700
2022-08-30,15.5,15.56999969482422,13.960000038146973,14.470000267028809,14.062752723693848,77063100
2022-08-31,14.6899995803833,14.699999809265137,13.65999984741211,14.039999961853027,13.644854545593262,86870500
2022-09-01,13.029999732971191,13.260000228881836,11.970000267028809,13.220000267028809,12.84793472290039,113345600
2022-09-02,13.84000015258789,14.140000343322754,12.630000114440918,12.859999656677246,12.498065948486328,100737200
2022-09-06,12.90999984741211,13.029999732971191,12.06999969482422,12.420000076293944,12.070446014404297,79919100
2022-09-07,12.420000076293944,13.31999969482422,12.229999542236328,12.989999771118164,12.62440586090088,79632700
2022-09-08,12.640000343322754,13.800000190734863,12.369999885559082,13.649999618530272,13.265830039978027,103258300
2022-09-09,14.260000228881836,14.850000381469728,14.1899995803833,14.649999618530272,14.237685203552246,81908900
2022-09-12,14.829999923706056,15.050000190734863,14.300000190734863,14.779999732971191,14.364026069641112,67153300
2022-09-13,13.149999618530272,13.489999771118164,11.949999809265137,12.09000015258789,11.749735832214355,85975600
2022-09-14,12.279999732971191,12.739999771118164,11.9399995803833,12.460000038146973,12.109323501586914,65846900
2022-09-15,12.229999542236328,12.670000076293944,11.59000015258789,11.90999984741211,11.57480239868164,94630600
2022-09-16,11.470000267028809,12.100000381469728,11.18000030517578,12.0600004196167,11.72057819366455,87622100
2022-09-19,11.619999885559082,12.4399995803833,11.56999969482422,12.260000228881836,11.914952278137209,75532200
2022-09-20,11.850000381469728,12.039999961853027,11.43000030517578,11.699999809265137,11.407931327819824,70577400
2022-09-21,11.760000228881836,12.920000076293944,11.380000114440918,11.399999618530272,11.115419387817385,125021300
2022-09-22,11.170000076293944,11.31999969482422,10.25,10.510000228881836,10.247638702392578,112096100
2022-09-23,10.06999969482422,10.140000343322754,9.449999809265137,10.029999732971191,9.779618263244627,120047000
2022-09-26,9.90999984741211,10.359999656677246,9.5,9.550000190734863,9.311602592468262,96464800
2022-09-27,10.039999961853027,10.279999732971191,9.390000343322754,9.8100004196167,9.565113067626951,115839400
2022-09-28,9.56999969482422,10.350000381469728,9.449999809265137,10.170000076293944,9.916125297546388,119412700
2022-09-29,9.699999809265137,9.739999771118164,8.800000190734863,9.289999961853027,9.058093070983888,128122600
2022-09-30,8.899999618530273,9.609999656677246,8.739999771118164,8.859999656677246,8.638827323913574,109534300
2022-10-03,9.09000015258789,10.0,8.880000114440918,9.699999809265137,9.45785903930664,126786100
2022-10-04,10.579999923706056,11.100000381469728,10.539999961853027,11.039999961853027,10.764406204223633,114533100
2022-10-05,10.529999732971191,11.65999984741211,10.210000038146973,11.420000076293944,11.13492202758789,110030200
2022-10-06,11.289999961853027,11.920000076293944,11.050000190734863,11.1899995803833,10.910661697387695,117138000
2022-10-07,10.18000030517578,10.279999732971191,9.0,9.210000038146973,8.980090141296387,134873300
2022-10-10,9.06999969482422,9.09000015258789,7.860000133514404,8.279999732971191,8.073307037353516,163448700
2022-10-11,7.809999942779541,8.020000457763672,7.199999809265137,7.570000171661377,7.3810296058654785,186475200
2022-10-12,7.489999771118164,7.619999885559082,7.230000019073486,7.340000152587891,7.156770706176758,110516500
2022-10-13,6.420000076293945,8.359999656677246,6.210000038146973,8.0,7.800294399261475,284532700
2022-10-14,8.260000228881836,8.270000457763672,6.869999885559082,6.929999828338623,6.75700569152832,177216100
2022-10-17,7.46999979019165,7.670000076293945,7.199999809265137,7.329999923706055,7.1470208168029785,113321500
2022-10-18,8.039999961853027,8.210000038146973,7.039999961853027,7.400000095367432,7.215273380279541,185506400
2022-10-19,7.269999980926514,7.800000190734863,7.199999809265137,7.570000171661377,7.3810296058654785,134272400
2022-10-20,7.699999809265137,8.420000076293945,7.590000152587891,7.699999809265137,7.507784366607666,170614600
2022-10-21,7.650000095367432,8.640000343322754,7.550000190734863,8.579999923706055,8.365817070007324,178616600
2022-10-24,8.640000343322754,8.8100004196167,8.079999923706055,8.680000305175781,8.4633207321167,147205700
2022-10-25,8.800000190734863,9.470000267028809,8.75,9.260000228881836,9.02884292602539,127146900
2022-10-26,8.739999771118164,9.670000076293944,8.550000190734863,9.010000228881836,8.785083770751953,143571600
2022-10-27,9.15999984741211,9.4399995803833,8.479999542236328,8.520000457763672,8.307313919067383,129662300
2022-10-28,8.5600004196167,9.5600004196167,8.489999771118164,9.5,9.262850761413574,129291600
2022-10-31,9.300000190734863,9.350000381469728,8.75,8.920000076293945,8.697331428527832,118351000
2022-11-01,9.40999984741211,9.520000457763672,8.9399995803833,9.100000381469728,8.872835159301758,108638200
2022-11-02,9.270000457763672,9.770000457763672,8.199999809265137,8.239999771118164,8.034303665161133,174985600
2022-11-03,7.78000020980835,8.289999961853027,7.53000020980835,7.889999866485596,7.69304084777832,135668700
2022-11-04,8.720000267028809,9.0600004196167,8.420000076293945,8.989999771118164,8.765581130981445,173041700
2022-11-07,9.270000457763672,9.6899995803833,8.880000114440918,9.59000015258789,9.350604057312012,105846700
2022-11-08,10.109999656677246,10.5600004196167,9.609999656677246,10.170000076293944,9.916125297546388,147373300
2022-11-09,9.739999771118164,9.81999969482422,9.18000030517578,9.239999771118164,9.009343147277832,107444900
2022-11-10,10.800000190734863,12.170000076293944,10.5600004196167,12.079999923706056,11.778446197509766,196270300
2022-11-11,12.279999732971191,13.40999984741211,11.829999923706056,13.220000267028809,12.889988899230955,166468400
2022-11-14,12.989999771118164,13.510000228881836,12.729999542236328,12.770000457763672,12.45122241973877,108739600
2022-11-15,14.34000015258789,14.4399995803833,13.3100004196167,13.869999885559082,13.523761749267578,159797700
2022-11-16,12.93000030517578,12.989999771118164,11.869999885559082,12.130000114440918,11.82719898223877,112310400
2022-11-17,11.34000015258789,12.579999923706056,11.3100004196167,12.369999885559082,12.061206817626951,128795400
2022-11-18,12.989999771118164,13.029999732971191,12.06999969482422,12.489999771118164,12.178210258483888,117064100
2022-11-21,12.06999969482422,12.199999809265137,11.739999771118164,11.890000343322754,11.593188285827637,84238200
2022-11-22,12.140000343322754,12.9399995803833,11.850000381469728,12.899999618530272,12.57797622680664,86949600
2022-11-23,12.899999618530272,13.75,12.84000015258789,13.31999969482422,12.987491607666016,113790600
2022-11-25,13.130000114440918,13.260000228881836,12.829999923706056,12.859999656677246,12.538973808288574,41754500
2022-11-28,12.359999656677246,12.760000228881836,11.600000381469728,11.84000015258789,11.544438362121582,87803100
2022-11-29,11.949999809265137,12.18000030517578,11.5,11.729999542236328,11.43718433380127,75056000
2022-11-30,11.84000015258789,13.850000381469728,11.520000457763672,13.81999969482422,13.47500991821289,133385800
2022-12-01,14.09000015258789,14.130000114440918,12.9399995803833,13.5,13.162999153137209,112133900
2022-12-02,12.489999771118164,13.130000114440918,12.300000190734863,13.029999732971191,12.704730033874512,98017700
2022-12-05,12.800000190734863,13.15999984741211,12.199999809265137,12.59000015258789,12.275714874267578,71095100
2022-12-06,12.539999961853027,12.600000381469728,11.380000114440918,11.720000267028809,11.427433013916016,86923400
2022-12-07,11.40999984741211,11.93000030517578,11.329999923706056,11.699999809265137,11.407931327819824,86276700
2022-12-08,11.890000343322754,12.720000267028809,11.649999618530272,12.619999885559082,12.30496597290039,101888300
2022-12-09,12.489999771118164,12.989999771118164,12.18000030517578,12.31999969482422,12.012453079223633,88787400
2022-12-12,12.140000343322754,13.010000228881836,11.9399995803833,12.979999542236328,12.65597915649414,73482200
2022-12-13,14.720000267028809,14.90999984741211,13.140000343322754,13.630000114440918,13.289752960205078,180078900
2022-12-14,13.510000228881836,14.029999732971191,12.539999961853027,13.0,12.675479888916016,139612300
2022-12-15,12.229999542236328,12.380000114440918,11.31999969482422,11.399999618530272,11.115419387817385,107181700
2022-12-16,11.199999809265137,11.479999542236328,10.770000457763672,11.109999656677246,10.832660675048828,88813800
2022-12-19,11.119999885559082,11.149999618530272,10.350000381469728,10.6899995803833,10.42314624786377,82876800
2022-12-20,10.25,10.75,10.15999984741211,10.40999984741211,10.186344146728516,88304000
2022-12-21,10.630000114440918,11.270000457763672,10.600000381469728,11.140000343322754,10.900660514831545,83240400
2022-12-22,10.539999961853027,10.5600004196167,9.109999656677246,9.779999732971191,9.569878578186035,135617300
2022-12-23,9.59000015258789,9.8100004196167,9.229999542236328,9.770000457763672,9.560093879699709,92378600
2022-12-27,9.579999923706056,9.59000015258789,9.130000114440918,9.270000457763672,9.07083797454834,78142100
2022-12-28,9.100000381469728,9.43000030517578,8.739999771118164,8.859999656677246,8.669644355773926,83917300
2022-12-29,9.279999732971191,9.829999923706056,9.18000030517578,9.670000076293944,9.462242126464844,90966000
2022-12-30,9.270000457763672,9.699999809265137,9.0600004196167,9.670000076293944,9.462242126464844,64369800
2023-01-03,10.170000076293944,10.210000038146973,9.1899995803833,9.359999656677246,9.158902168273926,97509800
2023-01-04,9.880000114440918,10.270000457763672,9.579999923706056,10.06999969482422,9.85364818572998,114576600
2023-01-05,9.800000190734863,10.0,9.529999732971191,9.56999969482422,9.36439037322998,83312800
2023-01-06,9.949999809265137,11.06999969482422,9.5600004196167,10.869999885559082,10.63645839691162,123492600
2023-01-09,11.529999732971191,12.270000457763672,11.279999732971191,11.529999732971191,11.282280921936035,136968300
2023-01-10,11.380000114440918,11.989999771118164,11.1899995803833,11.970000267028809,11.712827682495115,90401400
2023-01-11,11.979999542236328,12.43000030517578,11.649999618530272,12.399999618530272,12.133590698242188,80469400
2023-01-12,12.59000015258789,13.079999923706056,11.81999969482422,12.81999969482422,12.544568061828612,135343400
2023-01-13,12.369999885559082,13.0,12.270000457763672,12.949999809265137,12.671772956848145,74389800
2023-01-17,12.880000114440918,13.43000030517578,12.670000076293944,13.0600004196167,12.779409408569336,74500500
2023-01-18,13.449999809265137,13.760000228881836,12.8100004196167,12.81999969482422,12.544568061828612,82050400
2023-01-19,12.479999542236328,12.520000457763672,11.619999885559082,11.770000457763672,11.517123222351074,99618400
2023-01-20,12.109999656677246,12.859999656677246,11.75,12.789999961853027,12.515212059020996,89921600
2023-01-23,13.18000030517578,14.90999984741211,13.130000114440918,14.739999771118164,14.42331600189209,125178200
2023-01-24,14.289999961853027,14.850000381469728,14.15999984741211,14.4399995803833,14.129758834838867,75816000
2023-01-25,13.710000038146973,14.630000114440918,13.329999923706056,14.529999732971191,14.21782684326172,93424800
2023-01-26,15.020000457763672,15.300000190734863,14.300000190734863,15.239999771118164,14.912571907043455,111443300
2023-01-27,14.5,15.359999656677246,14.350000381469728,14.979999542236328,14.658158302307127,101402600
2023-01-30,14.350000381469728,14.619999885559082,13.729999542236328,13.800000190734863,13.503511428833008,81286700
2023-01-31,13.670000076293944,14.550000190734863,13.640000343322754,14.520000457763672,14.20804214477539,97363300
2023-02-01,14.729999542236328,17.280000686645508,14.68000030517578,16.799999237060547,16.439054489135742,150219900
2023-02-02,17.329999923706055,18.39999961853028,17.010000228881836,17.920000076293945,17.534992218017578,116420900
2023-02-03,16.780000686645508,18.1299991607666,16.600000381469727,16.93000030517578,16.56626319885254,94867600
2023-02-06,16.1200008392334,16.860000610351562,15.859999656677246,16.100000381469727,15.754096031188965,77254800
2023-02-07,16.219999313354492,17.850000381469727,16.1299991607666,17.59000015258789,17.212085723876953,119100900
2023-02-08,17.329999923706055,17.690000534057617,16.350000381469727,16.489999771118164,16.13571548461914,72392900
2023-02-09,17.329999923706055,17.899999618530273,16.209999084472656,16.579999923706055,16.22378158569336,84793400
2023-02-10,16.059999465942383,16.219999313354492,15.25,15.800000190734863,15.460542678833008,78447700
2023-02-13,15.989999771118164,16.6200008392334,15.56999969482422,16.420000076293945,16.06722068786621,60332300
2023-02-14,16.059999465942383,17.530000686645508,15.670000076293944,17.329999923706055,16.957670211791992,111460800
2023-02-15,16.809999465942383,17.59000015258789,16.43000030517578,17.540000915527344,17.163158416748047,74638200
2023-02-16,16.649999618530273,17.170000076293945,16.18000030517578,16.280000686645508,15.930228233337402,81774100
2023-02-17,15.979999542236328,16.1200008392334,15.039999961853027,15.5,15.166986465454102,82871000
2023-02-21,14.789999961853027,15.3100004196167,13.890000343322754,14.010000228881836,13.708998680114746,68114400
2023-02-22,14.109999656677246,14.40999984741211,13.539999961853027,13.829999923706056,13.532866477966309,70471500
2023-02-23,15.130000114440918,15.34000015258789,14.279999732971191,15.079999923706056,14.756010055541992,94198000
2023-02-24,14.289999961853027,14.539999961853027,13.960000038146973,14.3100004196167,14.002553939819336,74689200
2023-02-27,14.960000038146973,15.010000228881836,14.5,14.5,14.188469886779783,61896900
2023-02-28,14.399999618530272,15.270000457763672,14.3100004196167,14.649999618530272,14.335247993469238,59300500
2023-03-01,14.8100004196167,15.220000267028809,14.479999542236328,14.68000030517578,14.364603996276855,63832600
2023-03-02,14.010000228881836,15.239999771118164,13.65999984741211,15.010000228881836,14.687515258789062,73485400
2023-03-03,15.050000190734863,15.770000457763672,14.649999618530272,15.68000030517578,15.343120574951172,72055200
2023-03-06,15.829999923706056,16.25,15.039999961853027,15.170000076293944,14.844076156616213,56252700
2023-03-07,15.1899995803833,15.420000076293944,14.489999771118164,14.649999618530272,14.335247993469238,66744300
2023-03-08,14.859999656677246,15.899999618530272,14.850000381469728,15.8100004196167,15.47032642364502,71670200
2023-03-09,15.75,16.540000915527344,14.800000190734863,14.90999984741211,14.589661598205566,87945700
2023-03-10,15.109999656677246,15.25,13.8100004196167,14.050000190734863,13.748139381408691,128656300
2023-03-13,13.609999656677246,14.539999961853027,13.149999618530272,14.020000457763672,13.71878433227539,121199400
2023-03-14,14.760000228881836,15.539999961853027,14.539999961853027,15.220000267028809,14.8930025100708,107012500
2023-03-15,14.600000381469728,14.850000381469728,13.75,14.6899995803833,14.374390602111816,126199700
2023-03-16,14.479999542236328,16.520000457763672,14.300000190734863,16.420000076293945,16.06722068786621,108646600
2023-03-17,16.489999771118164,16.899999618530273,15.829999923706056,16.1299991607666,15.783451080322266,79179200
2023-03-20,16.139999389648438,16.790000915527344,15.779999732971191,16.610000610351562,16.25313949584961,62536400
2023-03-21,17.010000228881836,17.530000686645508,15.9399995803833,16.670000076293945,16.33643913269043,76051300
2023-03-22,16.68000030517578,18.020000457763672,16.200000762939453,16.239999771118164,15.915040969848633,95075000
2023-03-23,17.020000457763672,18.170000076293945,16.6299991607666,17.489999771118164,17.140029907226562,97514400
2023-03-24,17.100000381469727,17.219999313354492,16.040000915527344,16.56999969482422,16.238439559936523,90583300
2023-03-27,16.760000228881836,16.920000076293945,15.8100004196167,15.970000267028809,15.650445938110352,64605200
2023-03-28,15.869999885559082,15.880000114440918,14.899999618530272,15.630000114440918,15.317246437072754,75621600
2023-03-29,16.34000015258789,17.469999313354492,16.299999237060547,17.079999923706055,16.73823356628418,90012500
2023-03-30,17.760000228881836,18.290000915527344,17.579999923706055,17.950000762939453,17.590824127197266,80622200
2023-03-31,17.559999465942383,18.34000015258789,17.43000030517578,18.299999237060547,17.933822631835938,68287500
2023-04-03,17.920000076293945,18.15999984741211,17.1299991607666,17.809999465942383,17.453628540039062,57147300
2023-04-04,17.8700008392334,17.899999618530273,16.510000228881836,16.790000915527344,16.454036712646484,64093400
2023-04-05,16.25,16.309999465942383,15.380000114440918,15.920000076293944,15.601445198059082,86953300
2023-04-06,15.449999809265137,16.010000228881836,15.09000015258789,15.65999984741211,15.34664821624756,65901100
2023-04-10,15.220000267028809,16.5,15.140000343322754,16.389999389648438,16.062042236328125,63177700
2023-04-11,16.719999313354492,16.790000915527344,16.110000610351562,16.209999084472656,15.88564109802246,52220200
2023-04-12,16.65999984741211,16.739999771118164,15.270000457763672,15.329999923706056,15.0232515335083,76962300
2023-04-13,15.390000343322754,15.949999809265137,15.039999961853027,15.670000076293944,15.356447219848633,59431400
2023-04-14,15.640000343322754,16.190000534057617,15.079999923706056,15.579999923706056,15.268247604370115,56858500
2023-04-17,15.100000381469728,15.619999885559082,14.949999809265137,15.579999923706056,15.268247604370115,56761700
2023-04-18,16.020000457763672,16.360000610351562,15.40999984741211,15.779999732971191,15.464245796203612,56833200
2023-04-19,15.199999809265137,15.380000114440918,14.979999542236328,15.260000228881836,14.954652786254885,53185600
2023-04-20,14.789999961853027,15.899999618530272,14.75,15.199999809265137,14.89585304260254,65191000
2023-04-21,15.09000015258789,15.09000015258789,14.479999542236328,14.859999656677246,14.56265640258789,68276000
2023-04-24,14.779999732971191,15.039999961853027,14.359999656677246,14.630000114440918,14.337257385253906,48740200
2023-04-25,14.420000076293944,14.420000076293944,13.170000076293944,13.199999809265137,12.935870170593262,89382800
2023-04-26,13.619999885559082,13.789999961853027,13.18000030517578,13.369999885559082,13.102469444274902,68911200
2023-04-27,13.329999923706056,13.600000381469728,12.520000457763672,13.539999961853027,13.269068717956545,87997600
2023-04-28,13.760000228881836,14.270000457763672,13.539999961853027,14.229999542236328,13.945261001586914,65456800
2023-05-01,14.460000038146973,14.789999961853027,14.31999969482422,14.65999984741211,14.366658210754396,57191000
2023-05-02,14.65999984741211,14.90999984741211,13.90999984741211,14.350000381469728,14.062861442565918,61126500
2023-05-03,14.119999885559082,14.619999885559082,13.8100004196167,13.84000015258789,13.563064575195312,71240700
2023-05-04,13.5,14.0,13.220000267028809,13.600000381469728,13.32786750793457,62383900
2023-05-05,13.619999885559082,14.68000030517578,13.4399995803833,14.470000267028809,14.180459022521973,62636200
2023-05-08,14.460000038146973,14.699999809265137,14.06999969482422,14.649999618530272,14.356857299804688,41012800
2023-05-09,14.06999969482422,14.119999885559082,13.739999771118164,13.9399995803833,13.661063194274902,57414300
2023-05-10,14.380000114440918,14.640000343322754,13.90999984741211,14.3100004196167,14.023659706115724,78346700
2023-05-11,14.329999923706056,14.43000030517578,13.640000343322754,14.06999969482422,13.788464546203612,54962200
2023-05-12,14.18000030517578,14.369999885559082,13.59000015258789,14.020000457763672,13.73946475982666,46243600
2023-05-15,14.100000381469728,15.140000343322754,13.970000267028809,15.109999656677246,14.807653427124023,64054000
2023-05-16,14.979999542236328,15.56999969482422,14.970000267028809,15.050000190734863,14.74885368347168,54294600
2023-05-17,15.479999542236328,16.34000015258789,15.140000343322754,16.139999389648438,15.817042350769045,77302900
2023-05-18,16.34000015258789,17.799999237060547,16.31999969482422,17.670000076293945,17.31642723083496,91302200
2023-05-19,17.59000015258789,17.639999389648438,17.059999465942383,17.389999389648438,17.042030334472656,49521200
2023-05-22,16.920000076293945,17.719999313354492,16.889999389648438,17.530000686645508,17.17923355102539,43944400
2023-05-23,17.200000762939453,17.549999237060547,16.790000915527344,16.920000076293945,16.581438064575195,41287200
2023-05-24,15.890000343322754,16.229999542236328,15.489999771118164,16.030000686645508,15.709245681762695,87475800
2023-05-25,18.15999984741211,19.38999938964844,17.6299991607666,19.14999961853028,18.76681137084961,124768700
2023-05-26,20.049999237060547,23.26000022888184,20.030000686645508,22.8799991607666,22.42217445373535,112964600
2023-05-30,24.56999969482422,24.799999237060547,22.59000015258789,22.8700008392334,22.41238021850586,99439100
2023-05-31,21.709999084472656,22.670000076293945,21.09000015258789,21.14999961853028,20.72679328918457,73938700
2023-06-01,21.479999542236328,22.75,20.82999992370605,22.15999984741211,21.71658706665039,74757400
2023-06-02,22.690000534057617,22.88999938964844,21.530000686645508,22.020000457763672,21.57938575744629,65015000
2023-06-05,21.75,21.75,20.65999984741211,20.96999931335449,20.550397872924805,35747700
2023-06-06,20.549999237060547,22.059999465942383,20.43000030517578,21.729999542236328,21.29518699645996,49445200
2023-06-07,22.14999961853028,23.100000381469727,21.489999771118164,21.63999938964844,21.20699119567871,65066100
2023-06-08,21.790000915527344,22.46999931335449,21.459999084472656,22.280000686645508,21.83418273925781,43045900
2023-06-09,23.030000686645508,23.489999771118164,22.09000015258789,22.39999961853028,21.9517822265625,50142100
2023-06-12,23.200000762939453,24.68000030517578,23.1299991607666,24.600000381469727,24.10775756835937,52761000
2023-06-13,25.790000915527344,26.07999992370605,24.71999931335449,25.559999465942383,25.04854965209961,82626800
2023-06-14,25.309999465942383,26.700000762939453,24.84000015258789,26.63999938964844,26.10694122314453,84622000
2023-06-15,25.75,26.56999969482422,25.420000076293945,25.950000762939453,25.43074607849121,64797200
2023-06-16,26.770000457763672,26.790000915527344,25.1299991607666,25.239999771118164,24.73495483398437,55392600
2023-06-20,24.86000061035156,25.549999237060547,23.979999542236328,24.64999961853028,24.15675926208496,43349100
2023-06-21,24.170000076293945,24.489999771118164,22.700000762939453,22.780000686645508,22.358646392822266,59099400
2023-06-22,22.280000686645508,23.3799991607666,22.21999931335449,23.100000381469727,22.672727584838867,44637500
2023-06-23,21.950000762939453,22.280000686645508,21.520000457763672,21.88999938964844,21.485107421875,44294000
2023-06-26,22.31999969482422,23.31999969482422,22.049999237060547,22.09000015258789,21.6814079284668,47524300
2023-06-27,22.290000915527344,24.489999771118164,22.01000022888184,24.3700008392334,23.919235229492188,54471000
2023-06-28,23.18000030517578,24.440000534057617,23.11000061035156,23.71999931335449,23.281259536743164,55584500
2023-06-29,24.11000061035156,24.11000061035156,23.170000076293945,23.809999465942383,23.36959457397461,45213700
2023-06-30,24.56999969482422,25.170000076293945,24.290000915527344,24.82999992370605,24.370725631713867,47598800
2023-07-03,25.26000022888184,25.75,24.68000030517578,25.489999771118164,25.018518447875977,25289900
2023-07-05,24.989999771118164,25.18000030517578,23.82999992370605,23.850000381469727,23.40885353088379,38292000
2023-07-06,22.600000381469727,23.049999237060547,22.040000915527344,22.979999542236328,22.554946899414062,49420400
2023-07-07,23.07999992370605,24.030000686645508,22.82999992370605,22.959999084472656,22.535314559936523,41284000
2023-07-10,23.15999984741211,24.440000534057617,23.07999992370605,24.31999969482422,23.87015914916992,39943500
2023-07-11,24.68000030517578,24.739999771118164,23.280000686645508,24.34000015258789,23.88979148864746,44231000
2023-07-12,25.440000534057617,25.850000381469727,25.0,25.690000534057617,25.214818954467773,54237000
2023-07-13,26.51000022888184,27.450000762939453,26.209999084472656,27.280000686645508,26.775409698486328,42645500
2023-07-14,27.34000015258789,28.030000686645508,25.89999961853028,26.229999542236328,25.74483108520508,47910200
2023-07-17,26.280000686645508,28.530000686645508,25.770000457763672,28.059999465942383,27.54098320007324,50068600
2023-07-18,27.75,28.549999237060547,27.09000015258789,28.26000022888184,27.737285614013672,45800100
2023-07-19,28.40999984741211,28.440000534057617,27.040000915527344,27.290000915527344,26.78522491455078,49085500
2023-07-20,25.790000915527344,26.059999465942383,23.8700008392334,24.290000915527344,23.840715408325195,67340600
2023-07-21,25.01000022888184,25.59000015258789,24.5,24.920000076293945,24.459062576293945,43146400
2023-07-24,24.90999984741211,25.440000534057617,24.51000022888184,24.89999961853028,24.439430236816406,29911500
2023-07-25,25.309999465942383,26.59000015258789,25.309999465942383,26.1299991607666,25.646678924560547,39288500
2023-07-26,25.200000762939453,25.729999542236328,24.209999084472656,25.059999465942383,24.596473693847656,54225500
2023-07-27,27.0,28.049999237060547,26.0,26.459999084472656,25.9705753326416,83083300
2023-07-28,27.989999771118164,28.440000534057617,27.14999961853028,28.14999961853028,27.62932014465332,60636000
2023-07-31,28.459999084472656,28.75,27.950000762939453,28.40999984741211,27.884510040283203,37007400
2023-08-01,27.809999465942383,28.71999931335449,27.440000534057617,28.530000686645508,28.00229263305664,36908400
2023-08-02,27.5,27.5,24.790000915527344,25.280000686645508,24.81240463256836,81886500
2023-08-03,24.290000915527344,25.600000381469727,24.06999969482422,25.14999961853028,24.68480491638184,51031600
2023-08-04,24.81999969482422,25.950000762939453,24.07999992370605,24.8799991607666,24.41980361938477,59250900
2023-08-07,25.459999084472656,25.780000686645508,24.979999542236328,25.65999984741211,25.18537330627441,40030800
2023-08-08,24.5,24.549999237060547,23.43000030517578,24.459999084472656,24.007572174072266,52987700
2023-08-09,24.39999961853028,24.440000534057617,22.950000762939453,23.09000015258789,22.66291046142578,49811500
2023-08-10,23.65999984741211,24.40999984741211,22.309999465942383,22.809999465942383,22.388092041015625,65350400
2023-08-11,21.93000030517578,22.0,21.01000022888184,21.13999938964844,20.748979568481445,66258400
2023-08-14,20.86000061035156,22.959999084472656,20.65999984741211,22.93000030517578,22.5058708190918,55110100
2023-08-15,22.6200008392334,22.81999969482422,21.700000762939453,21.799999237060547,21.39677047729492,45574800
2023-08-16,21.709999084472656,21.780000686645508,20.46999931335449,20.530000686645508,20.150264739990234,54398900
2023-08-17,20.6200008392334,20.75,19.709999084472656,19.90999984741211,19.541732788085938,50769000
2023-08-18,19.21999931335449,20.43000030517578,19.11000061035156,20.14999961853028,19.77729225158692,63687900
2023-08-21,20.51000022888184,22.030000686645508,20.38999938964844,21.8799991607666,21.47529029846192,60272400
2023-08-22,22.709999084472656,22.81999969482422,21.100000381469727,21.350000381469727,20.955097198486328,59640500
2023-08-23,20.950000762939453,22.88999938964844,20.89999961853028,22.600000381469727,22.181978225708008,67010200
2023-08-24,23.88999938964844,23.920000076293945,20.239999771118164,20.40999984741211,20.0324821472168,87095000
2023-08-25,20.34000015258789,21.170000076293945,19.39999961853028,20.65999984741211,20.27785873413086,73315300
2023-08-28,21.26000022888184,21.59000015258789,20.76000022888184,21.420000076293945,21.0238037109375,57976500
2023-08-29,21.09000015258789,23.309999465942383,20.96999931335449,23.06999969482422,22.643281936645508,62384100
2023-08-30,22.920000076293945,23.700000762939453,22.3700008392334,23.39999961853028,22.96717643737793,58519900
2023-08-31,23.170000076293945,24.280000686645508,23.13999938964844,23.86000061035156,23.418672561645508,57584100
2023-09-01,24.350000381469727,24.51000022888184,23.51000022888184,24.020000457763672,23.57571029663086,50183300
2023-09-05,23.75,24.57999992370605,23.3799991607666,24.020000457763672,23.57571029663086,39873800
2023-09-06,23.8700008392334,24.290000915527344,22.65999984741211,23.440000534057617,23.00643539428711,45032300
2023-09-07,21.86000061035156,22.049999237060547,21.0,21.8700008392334,21.465482711791992,61690800
2023-09-08,21.71999931335449,22.190000534057617,21.21999931335449,21.5,21.10232162475586,40693000
2023-09-11,22.239999771118164,22.309999465942383,20.59000015258789,21.450000762939453,21.053247451782227,55474600
2023-09-12,21.0,21.979999542236328,20.850000381469727,20.940000534057617,20.55268287658692,49005100
2023-09-13,20.8799991607666,21.8700008392334,20.790000915527344,21.229999542236328,20.83731460571289,56098900
2023-09-14,21.86000061035156,21.93000030517578,21.049999237060547,21.64999961853028,21.24954605102539,54201500
2023-09-15,21.239999771118164,21.270000457763672,19.450000762939453,19.790000915527344,19.423952102661133,77383000
2023-09-18,19.290000915527344,20.18000030517578,19.200000762939453,19.93000030517578,19.56136131286621,41631100
2023-09-19,19.76000022888184,19.809999465942383,19.07999992370605,19.43000030517578,19.102237701416016,50047300
2023-09-20,19.65999984741211,19.920000076293945,18.440000534057617,18.479999542236328,18.16826629638672,58695600
2023-09-21,17.760000228881836,18.1299991607666,17.389999389648438,17.420000076293945,17.12614631652832,68048000
2023-09-22,17.899999618530273,18.3700008392334,17.6299991607666,17.84000015258789,17.539060592651367,65378900
2023-09-25,17.610000610351562,18.280000686645508,17.34000015258789,18.21999931335449,17.912649154663086,56510100
2023-09-26,17.739999771118164,17.920000076293945,16.989999771118164,17.239999771118164,16.949180603027344,70947400
2023-09-27,17.639999389648438,18.07999992370605,16.889999389648438,17.68000030517578,17.38176155090332,80980900
2023-09-28,17.56999969482422,19.21999931335449,17.350000381469727,18.63999938964844,18.32556533813477,88909800
2023-09-29,19.43000030517578,19.65999984741211,18.65999984741211,18.8700008392334,18.551687240600582,75732800
2023-10-02,18.950000762939453,19.57999992370605,18.43000030517578,19.07999992370605,18.75814247131348,65982800
2023-10-03,18.600000381469727,19.38999938964844,17.530000686645508,17.889999389648438,17.58821678161621,77741000
2023-10-04,18.18000030517578,18.809999465942383,17.770000457763672,18.63999938964844,18.32556533813477,74018800
2023-10-05,18.57999992370605,18.8700008392334,17.81999969482422,18.39999961853028,18.08961677551269,63584100
2023-10-06,18.020000457763672,19.790000915527344,17.65999984741211,19.46999931335449,19.14156150817871,92805900
2023-10-09,18.920000076293945,19.530000686645508,18.450000762939453,19.3799991607666,19.05308532714844,62652500
2023-10-10,19.559999465942383,20.6200008392334,19.290000915527344,20.049999237060547,19.711780548095703,67622800
2023-10-11,20.309999465942383,20.68000030517578,19.81999969482422,20.51000022888184,20.16402244567871,62660000
2023-10-12,20.670000076293945,21.56999969482422,20.09000015258789,20.68000030517578,20.33115196228028,83392100
2023-10-13,20.799999237060547,20.88999938964844,18.850000381469727,18.979999542236328,18.65982818603516,88671200
2023-10-16,19.1299991607666,20.0,19.100000381469727,19.809999465942383,19.475828170776367,65688500
2023-10-17,18.6299991607666,19.76000022888184,17.90999984741211,19.299999237060547,18.97443389892578,90214600
2023-10-18,18.3700008392334,18.790000915527344,17.979999542236328,18.280000686645508,17.971637725830078,81406400
2023-10-19,18.76000022888184,18.93000030517578,17.229999542236328,17.43000030517578,17.135974884033203,115930900
2023-10-20,17.420000076293945,17.790000915527344,16.56999969482422,16.639999389648438,16.359304428100586,83690500
2023-10-23,16.350000381469727,17.260000228881836,15.829999923706056,16.389999389648438,16.11351776123047,89594500
2023-10-24,16.65999984741211,17.1299991607666,16.420000076293945,17.040000915527344,16.7525577545166,79093400
2023-10-25,16.3799991607666,16.520000457763672,14.710000038146973,14.970000267028809,14.717473983764648,107436500
2023-10-26,15.130000114440918,15.68000030517578,14.479999542236328,14.729999542236328,14.481522560119627,101804700
2023-10-27,15.300000190734863,15.56999969482422,14.93000030517578,15.100000381469728,14.845281600952148,91507300
2023-10-30,14.81999969482422,15.109999656677246,14.020000457763672,14.529999732971191,14.284896850585938,104353000
2023-10-31,14.539999961853027,15.029999732971191,14.010000228881836,14.899999618530272,14.648653984069824,75873100
2023-11-01,14.949999809265137,16.020000457763672,14.93000030517578,15.949999809265137,15.680940628051758,100044400
2023-11-02,16.899999618530273,17.40999984741211,16.3799991607666,17.079999923706055,16.791881561279297,89974100
2023-11-03,17.600000381469727,18.76000022888184,17.5,18.3799991607666,18.06995010375977,88065900
2023-11-06,18.450000762939453,18.63999938964844,17.729999542236328,18.25,17.94214630126953,52668800
2023-11-07,18.15999984741211,18.8799991607666,18.059999465942383,18.600000381469727,18.28624153137207,56719500
2023-11-08,18.65999984741211,18.959999084472656,18.280000686645508,18.670000076293945,18.355058670043945,50269100
2023-11-09,19.040000915527344,19.700000762939453,18.280000686645508,18.38999938964844,18.07978057861328,75784400
2023-11-10,19.059999465942383,20.780000686645508,18.82999992370605,20.600000381469727,20.25250244140625,95598900
2023-11-13,20.11000061035156,20.200000762939453,19.57999992370605,20.020000457763672,19.68228530883789,57461900
2023-11-14,21.51000022888184,22.38999938964844,21.3799991607666,22.13999938964844,21.76652336120605,94381100
2023-11-15,22.61000061035156,23.18000030517578,22.18000030517578,22.6299991607666,22.248260498046875,78026200
2023-11-16,22.3700008392334,22.90999984741211,22.13999938964844,22.71999931335449,22.33674049377441,61404400
2023-11-17,22.46999931335449,23.290000915527344,22.3700008392334,23.1299991607666,22.73982620239257,54090800
2023-11-20,23.09000015258789,24.420000076293945,23.049999237060547,24.18000030517578,23.772113800048828,56824400
2023-11-21,23.56999969482422,23.600000381469727,22.450000762939453,22.84000015258789,22.45471572875977,63297900
2023-11-22,23.229999542236328,24.1200008392334,22.81999969482422,23.0,22.612016677856445,64858200
2023-11-24,22.96999931335449,23.14999961853028,22.75,23.09000015258789,22.700498580932617,21933500
2023-11-27,22.790000915527344,23.540000915527344,22.600000381469727,22.96999931335449,22.58252143859864,40671500
2023-11-28,22.5,22.88999938964844,21.96999931335449,22.540000915527344,22.159778594970703,53548300
2023-11-29,23.459999084472656,24.299999237060547,23.13999938964844,23.21999931335449,22.82830810546875,69262600
2023-11-30,23.450000762939453,23.46999931335449,22.190000534057617,22.809999465942383,22.425222396850582,58913500
2023-12-01,22.3799991607666,23.200000762939453,21.84000015258789,23.06999969482422,22.680837631225582,54913400
2023-12-04,22.36000061035156,22.440000534057617,21.290000915527344,22.309999465942383,21.933656692504883,55773300
2023-12-05,21.68000030517578,22.09000015258789,21.34000015258789,21.93000030517578,21.560068130493164,51980900
2023-12-06,22.82999992370605,22.88999938964844,21.40999984741211,21.46999931335449,21.10782623291016,60117400
2023-12-07,22.020000457763672,23.39999961853028,21.81999969482422,23.18000030517578,22.788982391357425,77337000
2023-12-08,23.01000022888184,24.040000915527344,22.950000762939453,23.700000762939453,23.30021095275879,69286800
2023-12-11,24.38999938964844,26.3799991607666,24.309999465942383,26.11000061035156,25.6695556640625,80772700
2023-12-12,25.75,26.71999931335449,25.600000381469727,26.64999961853028,26.20044708251953,55752100
2023-12-13,26.700000762939453,28.39999961853028,26.420000076293945,27.920000076293945,27.449024200439453,80992700
2023-12-14,28.6200008392334,30.489999771118164,28.61000061035156,30.190000534057617,29.68073081970215,86502800
2023-12-15,30.459999084472656,31.59000015258789,30.350000381469727,30.56999969482422,30.054319381713867,66922000
2023-12-18,30.559999465942383,30.709999084472656,29.459999084472656,30.290000915527344,29.77904510498047,46100400
2023-12-19,30.32999992370605,30.979999542236328,30.290000915527344,30.75,30.231285095214844,39361100
2023-12-20,30.200000762939453,30.6200008392334,28.049999237060547,28.100000381469727,27.625986099243164,59562600
2023-12-21,29.75,30.40999984741211,29.350000381469727,30.26000022888184,29.816394805908203,62019200
2023-12-22,30.6200008392334,31.07999992370605,29.8799991607666,30.51000022888184,30.06273460388184,42657600
2023-12-26,30.93000030517578,32.529998779296875,30.90999984741211,32.15999984741211,31.68854713439941,48619700
2023-12-27,32.560001373291016,32.7400016784668,31.850000381469727,32.349998474121094,31.87576103210449,47991500
2023-12-28,32.59000015258789,32.779998779296875,32.04999923706055,32.220001220703125,31.74766540527344,34883800
2023-12-29,32.16999816894531,32.349998474121094,30.88999938964844,31.39999961853028,30.93968391418457,53294900
2024-01-02,29.88999938964844,29.89999961853028,27.26000022888184,28.040000915527344,27.628944396972656,79763800
2024-01-03,26.59000015258789,27.049999237060547,25.8799991607666,26.25,25.86518287658692,62304900
2024-01-04,24.959999084472656,26.32999992370605,24.799999237060547,25.57999992370605,25.20500564575196,75067000
2024-01-05,25.64999961853028,26.6200008392334,25.39999961853028,25.93000030517578,25.54987144470215,73944700
2024-01-08,26.489999771118164,28.670000076293945,26.43000030517578,28.43000030517578,28.01322555541992,73206500
2024-01-09,27.5,29.13999938964844,27.350000381469727,28.420000076293945,28.00337219238281,67616000
2024-01-10,28.63999938964844,28.68000030517578,27.09000015258789,28.170000076293945,27.757036209106445,62528400
2024-01-11,28.25,29.040000915527344,26.780000686645508,28.459999084472656,28.04278564453125,77551200
2024-01-12,28.57999992370605,28.979999542236328,27.61000061035156,28.100000381469727,27.68806266784668,48992100
2024-01-16,28.14999961853028,29.82999992370605,27.700000762939453,29.190000534057617,28.7620849609375,77707000
2024-01-17,28.3700008392334,28.549999237060547,26.959999084472656,28.43000030517578,28.01322555541992,77075400
2024-01-18,30.71999931335449,31.309999465942383,29.809999465942383,31.190000534057617,30.73276329040528,99590300
2024-01-19,32.41999816894531,34.9900016784668,31.89999961853028,34.86000061035156,34.34896469116211,91848600
2024-01-22,35.68000030517578,36.56999969482422,34.220001220703125,35.2599983215332,34.74309539794922,73322100
2024-01-23,35.22999954223633,36.0099983215332,34.220001220703125,35.91999816894531,35.3934211730957,50847400
2024-01-24,37.09999847412109,38.91999816894531,36.2599983215332,37.41999816894531,36.87143325805664,97248200
2024-01-25,39.5,39.52999877929688,36.52000045776367,37.119998931884766,36.575828552246094,82851400
2024-01-26,34.869998931884766,35.54999923706055,33.70000076293945,34.0099983215332,33.51142501831055,70933100
2024-01-29,34.22999954223633,35.130001068115234,33.5099983215332,35.040000915527344,34.52632522583008,54398800
2024-01-30,34.560001373291016,35.130001068115234,33.04999923706055,33.529998779296875,33.03845977783203,55768200
2024-01-31,31.920000076293945,33.869998931884766,31.13999938964844,32.099998474121094,31.62942314147949,85888800
2024-02-01,32.279998779296875,32.720001220703125,31.200000762939453,32.45000076293945,31.974294662475582,60671300
2024-02-02,32.349998474121094,33.91999816894531,32.16999816894531,33.650001525878906,33.15670394897461,67828900
2024-02-05,34.54999923706055,35.599998474121094,33.41999816894531,35.099998474121094,34.585445404052734,65899800
2024-02-06,35.369998931884766,35.47999954223633,32.65999984741211,33.83000183105469,33.334068298339844,62828900
2024-02-07,34.439998626708984,35.4900016784668,33.459999084472656,35.36000061035156,34.84163284301758,63261800
2024-02-08,35.7400016784668,37.95000076293945,35.63999938964844,37.150001525878906,36.60539245605469,59516900
2024-02-09,37.86000061035156,39.540000915527344,37.16999816894531,39.31999969482422,38.74357986450195,65860900
2024-02-12,39.40999984741211,41.33000183105469,38.650001525878906,39.150001525878906,38.57607650756836,72207900
2024-02-13,35.709999084472656,37.959999084472656,35.15999984741211,36.84000015258789,36.2999382019043,86489300
2024-02-14,38.13999938964844,39.27000045776367,37.61000061035156,39.119998931884766,38.5465087890625,62424100
2024-02-15,40.0,40.119998931884766,38.5,39.11000061035156,38.53666687011719,60937300
2024-02-16,39.84000015258789,40.77999877929688,37.970001220703125,38.33000183105469,37.76809310913086,77150800
2024-02-20,37.2400016784668,37.66999816894531,34.65999984741211,36.41999816894531,35.88609313964844,80980100
2024-02-21,35.11000061035156,36.150001525878906,34.58000183105469,36.13999938964844,35.610198974609375,64615200
2024-02-22,40.45000076293945,42.04999923706055,39.869998931884766,41.41999816894531,40.81279754638672,96865500
2024-02-23,42.13999938964844,42.68000030517578,39.40999984741211,40.16999816894531,39.58111572265625,68430000
2024-02-26,41.220001220703125,41.79999923706055,40.400001525878906,41.209999084472656,40.60587310791016,49475100
2024-02-27,41.810001373291016,42.15999984741211,40.77999877929688,41.11000061035156,40.50733947753906,48124600
2024-02-28,39.7400016784668,40.5,39.150001525878906,39.79999923706055,39.21654510498047,46281900
2024-02-29,41.209999084472656,43.130001068115234,40.77000045776367,42.84000015258789,42.21197891235352,67431600
2024-03-01,44.400001525878906,48.95000076293945,44.2400016784668,48.33000183105469,47.62149810791016,90615500
2024-03-04,50.0,51.40999984741211,49.0,49.77000045776367,49.04038619995117,81255500
2024-03-05,48.0099983215332,49.0,45.2599983215332,46.84000015258789,46.15333938598633,76835800
2024-03-06,49.77000045776367,51.84999847412109,48.720001220703125,50.220001220703125,49.483795166015625,91762300
2024-03-07,52.150001525878906,56.060001373291016,52.09999847412109,55.31999969482422,54.5090217590332,91590800
2024-03-08,55.93999862670898,56.9900016784668,48.79999923706055,48.95000076293945,48.2324104309082,129037200
2024-03-11,46.93999862670898,47.790000915527344,45.09999847412109,46.77000045776367,46.08436584472656,76456400
2024-03-12,48.43999862670898,49.68999862670898,46.0,49.58000183105469,48.85317611694336,89505900
2024-03-13,47.900001525878906,48.040000915527344,45.09000015258789,46.08000183105469,45.404483795166016,79513600
2024-03-14,45.5,46.34000015258789,42.18000030517578,43.52999877929688,42.8918571472168,77822900
2024-03-15,41.810001373291016,44.13999938964844,41.619998931884766,42.7400016784668,42.11344528198242,72496500
2024-03-18,44.70000076293945,45.2599983215332,42.33000183105469,42.540000915527344,41.9163818359375,65139200
2024-03-19,40.709999084472656,41.95000076293945,38.95000076293945,41.41999816894531,40.84640121459961,83450200
2024-03-20,41.59000015258789,43.79999923706055,40.619998931884766,43.400001525878906,42.79898452758789,79396800
2024-03-21,47.619998931884766,48.7599983215332,46.060001373291016,46.310001373291016,45.6686897277832,82495700
2024-03-22,45.68000030517578,47.5,45.25,46.43000030517578,45.78702163696289,57152800
2024-03-25,44.5,47.18000030517578,44.13999938964844,45.88999938964844,45.25449752807617,54917700
2024-03-26,46.81999969482422,47.369998931884766,44.880001068115234,45.02999877929688,44.40641021728516,55697600
2024-03-27,46.22999954223633,46.540000915527344,43.90999984741211,46.5,45.856056213378906,56643600
2024-03-28,46.310001373291016,47.29999923706055,46.0099983215332,46.52999877929688,45.8856315612793,45684700
2024-04-01,46.72999954223633,49.9900016784668,46.720001220703125,47.9900016784668,47.325416564941406,63270000
2024-04-02,45.83000183105469,46.15999984741211,44.380001068115234,45.880001068115234,45.24463653564453,57411500
2024-04-03,44.290000915527344,47.18000030517578,44.209999084472656,46.18999862670898,45.55034637451172,54158200
2024-04-04,48.130001068115234,48.4900016784668,41.97999954223633,42.369998931884766,41.78324508666992,82719300
2024-04-05,42.70000076293945,44.52999877929688,41.93999862670898,43.619998931884766,43.01593780517578,71151400
2024-04-08,44.5,45.18999862670898,43.5,44.0,43.39067840576172,42780900
2024-04-09,45.369998931884766,45.84999847412109,43.16999816894531,45.38999938964844,44.76142501831055,66283900
2024-04-10,43.11000061035156,44.77000045776367,42.18999862670898,43.09000015258789,42.49327850341797,74894000
2024-04-11,43.709999084472656,46.04999923706055,42.65999984741211,45.79999923706055,45.165748596191406,64703800
2024-04-12,43.31999969482422,43.54999923706055,41.02999877929688,41.5099983215332,40.93515396118164,79978400
2024-04-15,42.9900016784668,43.400001525878906,39.09999847412109,39.77999877929688,39.2291145324707,62077800
2024-04-16,39.75,41.16999816894531,39.209999084472656,40.540000915527344,39.97859191894531,62696200
2024-04-17,40.59999847412109,40.84999847412109,36.63999938964844,37.060001373291016,36.54678726196289,85426600
2024-04-18,36.040000915527344,36.79999923706055,34.529998779296875,34.90999984741211,34.42655563354492,91529700
2024-04-19,33.959999084472656,34.58000183105469,30.200000762939453,30.790000915527344,30.36361122131348,105240100
2024-04-22,31.57999992370605,32.849998474121094,30.5,32.06999969482422,31.625883102416992,65096900
2024-04-23,32.81999969482422,34.65999984741211,32.59000015258789,34.11000061035156,33.637638092041016,66511500
2024-04-24,36.90999984741211,37.47999954223633,34.599998474121094,35.4900016784668,34.99852752685547,80370100
2024-04-25,35.279998779296875,38.18000030517578,34.63999938964844,37.40999984741211,36.89192962646485,80677600
2024-04-26,37.31999969482422,40.290000915527344,37.0099983215332,39.79999923706055,39.24884033203125,59041700
2024-04-29,39.59999847412109,40.83000183105469,38.709999084472656,40.61000061035156,40.0476188659668,51120700
2024-04-30,40.08000183105469,41.4900016784668,38.119998931884766,38.18000030517578,37.65126800537109,56304200
2024-05-01,36.08000183105469,38.060001373291016,33.650001525878906,34.369998931884766,33.89403533935547,97290300
2024-05-02,35.97999954223633,36.90999984741211,34.119998931884766,36.45000076293945,35.94523239135742,56653400
2024-05-03,38.75,39.58000183105469,38.09999847412109,38.970001220703125,38.43033218383789,58599400
2024-05-06,39.970001220703125,41.380001068115234,39.47999954223633,41.29999923706055,40.72806167602539,48404800
2024-05-07,41.52999877929688,41.90999984741211,40.27999877929688,40.36000061035156,39.801082611083984,51508400
2024-05-08,39.060001373291016,40.5,38.959999084472656,40.40999984741211,39.85038757324219,53735100
2024-05-09,40.400001525878906,40.619998931884766,39.310001373291016,39.959999084472656,39.406620025634766,39132700
2024-05-10,41.150001525878906,42.2400016784668,40.52000045776367,41.02999877929688,40.46180725097656,47048400
2024-05-13,41.59999847412109,42.06999969482422,41.08000183105469,41.27000045776367,40.69848251342773,30565400
2024-05-14,41.18000030517578,43.43999862670898,41.04999923706055,43.209999084472656,42.61161804199219,41581500
2024-05-15,44.66999816894531,47.06999969482422,43.9900016784668,47.0,46.34912872314453,58063500
2024-05-16,46.959999084472656,48.02999877929688,46.209999084472656,46.2599983215332,45.61938095092773,46325500
2024-05-17,47.02000045776367,47.380001068115234,44.33000183105469,45.400001525878906,44.77128982543945,40965800
2024-05-20,45.959999084472656,49.29999923706055,45.810001373291016,48.25,47.58182144165039,55103200
2024-05-21,46.54999923706055,48.18999862670898,46.40999984741211,47.97999954223633,47.31555938720703,36437200
2024-05-22,49.25,50.0,48.09999847412109,49.380001068115234,48.69617462158203,55487800
2024-05-23,53.150001525878906,53.20000076293945,47.54999923706055,48.810001373291016,48.134063720703125,81175900
2024-05-24,50.02000045776367,52.06999969482422,49.34999847412109,51.43999862670898,50.72764587402344,48477400
2024-05-28,53.34000015258789,54.88999938964844,51.75,54.040000915527344,53.2916374206543,50658400
2024-05-29,51.150001525878906,51.91999816894531,50.650001525878906,50.97999954223633,50.27401351928711,42965600
2024-05-30,50.84000015258789,51.34000015258789,48.97999954223633,50.0,49.30758285522461,38260500
2024-05-31,50.29999923706055,50.720001220703125,44.380001068115234,48.59000015258789,47.9171142578125,72522600
2024-06-03,50.810001373291016,50.93000030517578,46.119998931884766,48.59000015258789,47.9171142578125,53127300
2024-06-04,48.459999084472656,48.650001525878906,46.43000030517578,47.59000015258789,46.930965423583984,46692500
2024-06-05,50.02999877929688,53.869998931884766,49.56999969482422,53.52000045776367,52.77884292602539,66560100
2024-06-06,53.790000915527344,53.790000915527344,51.22999954223633,52.5099983215332,51.7828254699707,43947600
2024-06-07,52.22999954223633,52.900001525878906,50.810001373291016,51.869998931884766,51.15168762207031,50248700
2024-06-10,50.52000045776367,54.58000183105469,50.41999816894531,53.95000076293945,53.20288848876953,43759400
2024-06-11,53.380001068115234,54.47999954223633,51.70000076293945,54.16999816894531,53.41983795166016,37695700
2024-06-12,57.25,59.45000076293945,56.810001373291016,58.720001220703125,57.906829833984375,73759300
2024-06-13,60.06999969482422,61.4900016784668,58.29999923706055,60.86000061035156,60.01719284057617,45660700
2024-06-14,58.95000076293945,60.54999923706055,58.34999847412109,60.09999847412109,59.26771545410156,39112000
2024-06-17,61.0,63.150001525878906,58.95000076293945,62.66999816894531,61.8021240234375,54196500
2024-06-18,63.41999816894531,66.19000244140625,63.09999847412109,65.23999786376953,64.33653259277344,47069100
2024-06-20,65.5199966430664,65.83000183105469,58.790000915527344,60.02000045776367,59.18882751464844,60852900
2024-06-21,58.41999816894531,60.18000030517578,56.02999877929688,58.20000076293945,57.39402389526367,50012300
2024-06-24,56.45000076293945,57.4900016784668,53.02999877929688,53.220001220703125,52.48299407958984,54326400
2024-06-25,54.22999954223633,55.45000076293945,52.34999847412109,55.29999923706055,54.68730163574219,43610200
2024-06-26,55.15999984741211,56.220001220703125,52.84999847412109,54.77999877929688,54.17305374145508,41093400
2024-06-27,54.33000183105469,55.58000183105469,52.81999969482422,53.79999923706055,53.203914642333984,35417000
2024-06-28,54.869998931884766,58.58000183105469,54.09000015258789,55.36000061035156,54.74662780761719,55584600
2024-07-01,55.36000061035156,55.54999923706055,52.25,55.36000061035156,54.74662780761719,43335000
2024-07-02,54.36000061035156,57.75,54.27999877929688,57.59999847412109,56.96181106567383,45011700
2024-07-03,58.09999847412109,61.52000045776367,57.18000030517578,60.38999938964844,59.72089385986328,40242700
2024-07-05,61.86000061035156,62.380001068115234,59.790000915527344,60.810001373291016,60.13624954223633,38395400
2024-07-08,62.2599983215332,64.5,62.20000076293945,64.30999755859375,63.59746170043945,42861600
2024-07-09,65.12999725341797,66.1500015258789,62.41999816894531,64.25,63.53813552856445,41789800
2024-07-10,65.88999938964844,69.0,65.01000213623047,68.58999633789062,67.83003997802734,48280800
2024-07-11,70.01000213623047,70.08000183105469,61.220001220703125,61.9900016784668,61.30317687988281,75368500
2024-07-12,62.84000015258789,67.30000305175781,61.650001525878906,63.93999862670898,63.231563568115234,51046400
2024-07-15,64.94000244140625,66.76000213623047,63.04999923706055,64.13999938964844,63.42934799194336,48228700
2024-07-16,65.0199966430664,65.58999633789062,62.22999954223633,65.30000305175781,64.57650756835938,39846400
2024-07-17,58.59999847412109,59.29999923706055,51.220001220703125,51.54999923706055,50.97883987426758,99429800
2024-07-18,54.15999984741211,54.16999816894531,49.119998931884766,51.65999984741211,51.08762741088867,94172600
2024-07-19,51.77999877929688,52.369998931884766,46.75,47.0,46.47925567626953,75969100
2024-07-22,50.04999923706055,52.95000076293945,48.810001373291016,52.93000030517578,52.34355163574219,73675300
2024-07-23,50.5,52.06999969482422,50.0,50.52999877929688,49.97014236450195,50181600
2024-07-24,48.43000030517578,48.790000915527344,42.25,42.900001525878906,42.42469024658203,90534800
2024-07-25,41.5099983215332,43.70000076293945,37.38999938964844,39.77999877929688,39.33925247192383,143325900
2024-07-26,42.2400016784668,43.0,40.709999084472656,41.91999816894531,41.45553588867188,82759200
2024-07-29,43.369998931884766,45.0,41.2599983215332,41.810001373291016,41.34675979614258,80788400
2024-07-30,42.380001068115234,42.66999816894531,36.77999877929688,37.2400016784668,36.827396392822266,108596000
2024-07-31,42.29999923706055,44.7599983215332,41.41999816894531,44.38999938964844,43.89817810058594,96880500
2024-08-01,42.04999923706055,43.41999816894531,33.41999816894531,35.0,34.612213134765625,163864400
2024-08-02,30.559999465942383,31.59000015258789,28.13999938964844,29.34000015258789,29.014923095703125,198233900
2024-08-05,23.520000457763672,30.14999961853028,23.5,27.88999938964844,27.58098793029785,220042200
2024-08-06,28.600000381469727,30.799999237060547,27.170000076293945,28.57999992370605,28.26334381103516,137309500
2024-08-07,31.31999969482422,31.940000534057617,25.940000534057617,26.21999931335449,25.92949104309082,146256500
2024-08-08,28.56999969482422,31.600000381469727,26.8700008392334,31.459999084472656,31.11143493652344,149988600
2024-08-09,30.709999084472656,31.790000915527344,29.57999992370605,31.01000022888184,30.66641998291016,96949800
2024-08-12,31.11000061035156,32.59000015258789,30.229999542236328,31.40999984741211,31.06198501586914,89135100
2024-08-13,32.65999984741211,35.43000030517578,32.189998626708984,35.279998779296875,34.88911056518555,103380000
2024-08-14,36.18000030517578,36.63999938964844,33.27000045776367,35.04999923706055,34.661659240722656,112421600
2024-08-15,37.34999847412109,40.470001220703125,36.86000061035156,39.91999816894531,39.47769927978516,107522700
2024-08-16,38.790000915527344,40.22999954223633,38.06999969482422,39.72999954223633,39.2898063659668,82364600
2024-08-19,39.27999877929688,41.75,37.88999938964844,41.59999847412109,41.13908767700195,77684200
2024-08-20,41.04999923706055,41.91999816894531,39.09999847412109,40.09000015258789,39.64581298828125,83644600
2024-08-21,40.75,42.36000061035156,40.33000183105469,41.72999954223633,41.26764678955078,83611500
2024-08-22,42.5099983215332,42.880001068115234,37.11000061035156,37.5099983215332,37.09440231323242,107889900
2024-08-23,39.15999984741211,41.209999084472656,38.59000015258789,40.400001525878906,39.9523811340332,87128100
2024-08-26,39.75,40.290000915527344,36.90999984741211,37.369998931884766,36.95595550537109,86603000
2024-08-27,36.5099983215332,38.970001220703125,35.52000045776367,38.4900016784668,38.06354522705078,74033300
2024-08-28,38.09000015258789,38.86000061035156,35.290000915527344,36.59999847412109,36.19448471069336,101998500
2024-08-29,37.060001373291016,38.93000030517578,35.630001068115234,36.18999862670898,35.78902816772461,97333200
2024-08-30,38.68000030517578,39.220001220703125,37.060001373291016,38.790000915527344,38.36022186279297,85280800
2024-09-03,36.79999923706055,36.810001373291016,29.39999961853028,30.06999969482422,29.736835479736328,140077900
2024-09-04,29.06999969482422,31.690000534057617,28.729999542236328,30.299999237060547,29.96428680419922,108759900
2024-09-05,29.049999237060547,31.200000762939453,28.82999992370605,29.75,29.420381546020508,100075900
2024-09-06,29.11000061035156,29.170000076293945,25.5,25.959999084472656,25.67237091064453,156147600
2024-09-09,27.18000030517578,27.729999542236328,26.14999961853028,27.43000030517578,27.126087188720703,84474500
2024-09-10,27.540000915527344,28.38999938964844,26.239999771118164,28.350000381469727,28.03589057922364,81557500
2024-09-11,28.88999938964844,32.41999816894531,27.07999992370605,32.220001220703125,31.863014221191406,143140900
2024-09-12,31.75,32.689998626708984,30.350000381469727,31.809999465942383,31.457555770874023,98895800
2024-09-13,32.52000045776367,33.720001220703125,32.36000061035156,33.43000030517578,33.059608459472656,78147300
2024-09-16,32.029998779296875,32.63999938964844,30.84000015258789,32.15999984741211,31.803680419921875,79670100
2024-09-17,33.310001373291016,33.560001373291016,31.36000061035156,32.15999984741211,31.803680419921875,86913700
2024-09-18,32.540000915527344,34.0,31.049999237060547,31.13999938964844,30.794979095458984,113735500
2024-09-19,34.68000030517578,36.43999862670898,33.880001068115234,35.119998931884766,34.73088073730469,123984300
2024-09-20,34.04999923706055,34.400001525878906,32.040000915527344,33.54999923706055,33.178279876708984,108589600
2024-09-23,33.970001220703125,34.380001068115234,33.189998626708984,33.91999816894531,33.54417419433594,59731600
2024-09-24,34.84000015258789,35.70000076293945,33.58000183105469,35.06999969482422,34.74289321899414,83369600
2024-09-25,34.709999084472656,36.459999084472656,34.650001525878906,35.7400016784668,35.406646728515625,73587500
2024-09-26,40.20000076293945,40.5099983215332,36.709999084472656,39.650001525878906,39.28017425537109,138171800
2024-09-27,40.0,40.0099983215332,37.09999847412109,37.65999984741211,37.30873107910156,85253500
2024-09-30,36.25,37.40999984741211,35.04999923706055,36.68000030517578,36.33787536621094,74316700
2024-10-01,36.59000015258789,36.9900016784668,32.7400016784668,33.83000183105469,33.51445770263672,124928300
2024-10-02,33.849998474121094,36.04999923706055,33.15999984741211,34.959999084472656,34.63391876220703,81729100
2024-10-03,34.06999969482422,36.61000061035156,33.97999954223633,35.209999084472656,34.881587982177734,86857200
2024-10-04,37.310001373291016,37.52999877929688,35.45000076293945,36.68000030517578,36.33787536621094,100846900
2024-10-07,35.91999816894531,37.2400016784668,35.56999969482422,36.40999984741211,36.07039642333984,73150200
2024-10-08,36.41999816894531,37.83000183105469,35.65999984741211,37.459999084472656,37.11060333251953,66629700
2024-10-09,37.290000915527344,38.7599983215332,36.52999877929688,38.61000061035156,38.2498779296875,67182800
2024-10-10,37.09999847412109,38.41999816894531,36.36000061035156,37.83000183105469,37.47715377807617,79999000
2024-10-11,36.93000030517578,39.04999923706055,36.86000061035156,38.66999816894531,38.30931091308594,58434500
2024-10-14,39.43999862670898,41.060001373291016,39.34999847412109,40.81999969482422,40.43926239013672,69661800
2024-10-15,40.4900016784668,41.18999862670898,33.63999938964844,34.470001220703125,34.14849090576172,131664200
2024-10-16,35.75,35.75,34.0,34.459999084472656,34.138580322265625,70233000
2024-10-17,37.16999816894531,37.36000061035156,35.209999084472656,35.209999084472656,34.881587982177734,97549000
2024-10-18,36.25,36.33000183105469,34.849998474121094,35.27000045776367,34.9410285949707,56704300
2024-10-21,34.84000015258789,35.380001068115234,33.72999954223633,35.09000015258789,34.7627067565918,59115800
2024-10-22,34.400001525878906,35.029998779296875,33.849998474121094,34.689998626708984,34.36643600463867,51493100
2024-10-23,34.40999984741211,34.880001068115234,32.290000915527344,33.79999923706055,33.484737396240234,81658300
2024-10-24,34.58000183105469,34.7400016784668,33.529998779296875,34.290000915527344,33.97017288208008,60128300
2024-10-25,35.189998626708984,36.869998931884766,35.16999816894531,35.279998779296875,34.95093536376953,82300500
2024-10-28,35.29999923706055,36.09000015258789,34.75,35.349998474121094,35.02027893066406,51661100
2024-10-29,35.459999084472656,38.45000076293945,34.939998626708984,37.97999954223633,37.62575149536133,72288200
2024-10-30,34.970001220703125,35.70000076293945,33.90999984741211,34.0099983215332,33.692779541015625,89440100
2024-10-31,33.0099983215332,33.02000045776367,29.229999542236328,30.09000015258789,29.809341430664062,135437800
2024-11-01,30.690000534057617,31.82999992370605,30.3799991607666,30.82999992370605,30.542442321777344,80726000
2024-11-04,30.61000061035156,31.670000076293945,30.01000022888184,30.350000381469727,30.066919326782227,60422400
2024-11-05,30.36000061035156,31.489999771118164,30.25,31.3799991607666,31.08731269836425,63174900
2024-11-06,33.25,34.5,32.400001525878906,34.119998931884766,33.801753997802734,97893100
2024-11-07,35.77000045776367,36.369998931884766,35.439998626708984,36.209999084472656,35.872257232666016,77945800
2024-11-08,35.560001373291016,36.27999877929688,34.84000015258789,35.40999984741211,35.0797233581543,62666300
2024-11-11,34.349998474121094,34.40999984741211,31.479999542236328,32.77000045776367,32.46434783935547,99155700
2024-11-12,32.369998931884766,32.54999923706055,30.3799991607666,31.670000076293945,31.374605178833008,75694800
2024-11-13,30.82999992370605,31.21999931335449,29.46999931335449,29.690000534057617,29.41307640075684,92269200
2024-11-14,30.59000015258789,30.84000015258789,29.3799991607666,29.600000381469727,29.32391357421875,68994200
2024-11-15,28.01000022888184,28.489999771118164,26.43000030517578,26.65999984741211,26.41133689880371,113560200
2024-11-18,26.700000762939453,27.82999992370605,26.299999237060547,27.670000076293945,27.41191291809082,70256700
2024-11-19,27.3700008392334,28.030000686645508,27.09000015258789,27.850000381469727,27.59023666381836,57030600
2024-11-20,27.34000015258789,27.559999465942383,26.0,27.1299991607666,26.876951217651367,90911700
2024-11-21,28.049999237060547,28.920000076293945,26.46999931335449,28.489999771118164,28.224266052246094,106013200
2024-11-22,28.25,28.690000534057617,27.84000015258789,28.489999771118164,28.224266052246094,52604100
2024-11-25,29.57999992370605,30.100000381469727,28.739999771118164,29.32999992370605,29.05643081665039,70536000
2024-11-26,30.040000915527344,30.25,27.459999084472656,28.1299991607666,27.86762428283692,73204200
2024-11-27,27.68000030517578,27.75,25.57999992370605,26.979999542236328,26.72835159301757,84235700
2024-11-29,27.549999237060547,29.040000915527344,27.5,28.059999465942383,27.79827690124512,54303400
2024-12-02,28.559999465942383,30.799999237060547,28.459999084472656,30.200000762939453,29.918317794799805,89389800
2024-12-03,29.57999992370605,30.280000686645508,29.39999961853028,29.729999542236328,29.45270156860352,59730300
2024-12-04,31.540000915527344,31.559999465942383,30.239999771118164,30.8799991607666,30.59197425842285,67498800
2024-12-05,30.75,30.8700008392334,28.8799991607666,29.1200008392334,28.848392486572266,59282100
2024-12-06,29.200000762939453,29.86000061035156,28.89999961853028,29.61000061035156,29.33382034301757,49152300
2024-12-09,29.06999969482422,30.31999969482422,28.61000061035156,29.229999542236328,28.95736312866211,54963000
2024-12-10,29.43000030517578,29.530000686645508,26.559999465942383,27.059999465942383,26.80760383605957,77681700
2024-12-11,28.32999992370605,29.6299991607666,27.790000915527344,29.1200008392334,28.848392486572266,77277400
2024-12-12,28.450000762939453,28.82999992370605,27.739999771118164,28.459999084472656,28.19454574584961,59937600
2024-12-13,30.3700008392334,31.309999465942383,29.489999771118164,30.700000762939453,30.413652420043945,103693900
2024-12-16,31.1200008392334,32.95000076293945,30.38999938964844,32.5099983215332,32.20676803588867,85469700
2024-12-17,31.57999992370605,32.09000015258789,30.549999237060547,31.1299991607666,30.83964157104492,64499000
2024-12-18,31.780000686645508,32.47999954223633,27.0,27.82999992370605,27.57042121887207,102912200
2024-12-19,27.96999931335449,28.01000022888184,26.059999465942383,26.299999237060547,26.054691314697266,86520100
2024-12-20,25.81999969482422,28.3700008392334,25.59000015258789,27.299999237060547,27.04536437988281,108080200
2024-12-23,27.88999938964844,29.76000022888184,27.86000061035156,29.59000015258789,29.39692115783692,79330900
2024-12-24,30.26000022888184,30.56999969482422,29.65999984741211,30.479999542236328,30.28111267089844,39963700
2024-12-26,29.89999961853028,31.100000381469727,29.76000022888184,30.56999969482422,30.37052726745605,45184100
2024-12-27,29.979999542236328,30.18000030517578,28.59000015258789,29.690000534057617,29.49626922607422,59316300
2024-12-30,28.239999771118164,28.780000686645508,27.31999969482422,27.940000534057617,27.757686614990234,64859000
2024-12-31,28.200000762939453,28.56999969482422,26.93000030517578,27.309999465942383,27.131797790527344,61199500
2025-01-02,28.1299991607666,29.049999237060547,27.040000915527344,27.670000076293945,27.48945045471192,80996300
2025-01-03,28.31999969482422,30.1200008392334,28.15999984741211,29.81999969482422,29.62541961669922,72119600
2025-01-06,31.809999465942383,33.630001068115234,31.809999465942383,32.4900016784668,32.27799987792969,95159500
2025-01-07,33.56999969482422,33.72999954223633,30.600000381469727,31.14999961853028,30.946741104125977,79205700
2025-01-08,30.799999237060547,31.01000022888184,29.18000030517578,30.18000030517578,29.98307037353516,69523500
2025-01-10,29.059999465942383,29.09000015258789,27.440000534057617,28.059999465942383,27.87690544128418,85395000
2025-01-13,26.440000534057617,27.8700008392334,26.25,27.850000381469727,27.66827392578125,68286400
2025-01-14,28.46999931335449,28.959999084472656,27.18000030517578,28.1200008392334,27.93651390075684,79759400
2025-01-15,29.64999961853028,30.459999084472656,29.299999237060547,29.940000534057617,29.74463653564453,69461300
2025-01-16,31.459999084472656,31.71999931335449,29.989999771118164,29.989999771118164,29.7943115234375,78881100
2025-01-17,32.029998779296875,32.709999084472656,31.479999542236328,32.4900016784668,32.27799987792969,69688900
2025-01-21,33.33000183105469,34.529998779296875,32.5,33.689998626708984,33.47016525268555,60897500
2025-01-22,34.689998626708984,36.150001525878906,34.40999984741211,35.150001525878906,34.9206428527832,57709400
2025-01-23,33.439998626708984,34.91999816894531,33.0099983215332,34.91999816894531,34.692138671875,44900600
2025-01-24,34.939998626708984,34.939998626708984,32.310001373291016,32.650001525878906,32.43695831298828,60111500
2025-01-27,27.65999984741211,28.07999992370605,23.84000015258789,25.059999465942383,24.8964786529541,198431800
2025-01-28,25.440000534057617,25.799999237060547,23.75,25.3700008392334,25.204458236694336,103185300
2025-01-29,26.11000061035156,26.299999237060547,24.850000381469727,25.68000030517578,25.512434005737305,94141700
2025-01-30,26.57999992370605,27.670000076293945,26.13999938964844,27.14999961853028,26.97283935546875,87140400
2025-01-31,27.6299991607666,29.25,26.700000762939453,27.020000457763672,26.84368896484375,102136600
2025-02-03,24.799999237060547,26.489999771118164,24.309999465942383,25.61000061035156,25.44289207458496,103914300
2025-02-04,25.34000015258789,26.600000381469727,25.200000762939453,26.25,26.07871627807617,60520500
2025-02-05,26.09000015258789,27.950000762939453,25.540000915527344,27.700000762939453,27.51925468444824,70330700
2025-02-06,27.170000076293945,27.799999237060547,26.71999931335449,27.690000534057617,27.50931930541992,59735100
2025-02-07,27.8700008392334,28.280000686645508,25.799999237060547,26.32999992370605,26.158191680908203,87930800
2025-02-10,26.920000076293945,27.549999237060547,26.89999961853028,27.350000381469727,27.171537399291992,53330500
2025-02-11,26.68000030517578,27.89999961853028,26.68000030517578,27.39999961853028,27.22121238708496,43880500
2025-02-12,26.18000030517578,27.540000915527344,25.950000762939453,27.540000915527344,27.36029815673828,57999300
2025-02-13,27.489999771118164,28.549999237060547,27.39999961853028,28.46999931335449,28.28422737121582,61026300
2025-02-14,28.489999771118164,28.81999969482422,28.11000061035156,28.549999237060547,28.36370658874512,43089600
2025-02-18,29.200000762939453,30.229999542236328,28.709999084472656,29.989999771118164,29.7943115234375,60222200
2025-02-19,30.190000534057617,31.88999938964844,29.76000022888184,31.46999931335449,31.2646541595459,58412700
2025-02-20,32.060001373291016,32.63999938964844,30.700000762939453,31.700000762939453,31.49315452575684,50903200
2025-02-21,31.90999984741211,31.959999084472656,28.39999961853028,28.809999465942383,28.62200927734375,61966500
2025-02-24,29.15999984741211,29.26000022888184,26.65999984741211,26.76000022888184,26.58538627624512,63724100
2025-02-25,26.65999984741211,26.920000076293945,24.81999969482422,25.06999969482422,24.906414031982425,90907500
2025-02-26,25.989999771118164,27.0,25.520000457763672,26.290000915527344,26.118453979492188,75869500
2025-02-27,26.780000686645508,26.89999961853028,21.729999542236328,21.75,21.60807991027832,144841600
2025-02-28,21.799999237060547,23.21999931335449,21.020000457763672,22.729999542236328,22.581682205200195,110939400
2025-03-03,23.71999931335449,23.729999542236328,19.709999084472656,20.51000022888184,20.37616920471192,141822100
2025-03-04,20.280000686645508,22.26000022888184,19.0,20.64999961853028,20.515256881713867,154119800
2025-03-05,21.25,22.15999984741211,20.1200008392334,21.950000762939453,21.806772232055664,117702400
2025-03-06,19.709999084472656,21.020000457763672,19.01000022888184,19.229999542236328,19.10452079772949,164277600
2025-03-07,19.5,21.09000015258789,18.75,20.8799991607666,20.74375343322754,139349200
2025-03-10,19.34000015258789,19.799999237060547,17.100000381469727,17.989999771118164,17.87261199951172,169215200
2025-03-11,18.049999237060547,18.5,16.510000228881836,17.40999984741211,17.296396255493164,161267000
2025-03-12,18.540000915527344,19.11000061035156,17.899999618530273,18.299999237060547,18.18058967590332,137654500
2025-03-13,18.3799991607666,19.270000457763672,17.579999923706055,18.09000015258789,17.971960067749023,117160200
2025-03-14,19.059999465942383,19.93000030517578,18.989999771118164,19.799999237060547,19.670801162719727,99718700
2025-03-17,19.51000022888184,21.280000686645508,19.5,20.790000915527344,20.654342651367188,82794200
2025-03-18,20.190000534057617,20.39999961853028,19.520000457763672,19.93000030517578,19.79995346069336,79140900
2025-03-19,19.88999938964844,21.3700008392334,19.459999084472656,20.3799991607666,20.24701690673828,83249700
2025-03-20,19.61000061035156,20.56999969482422,19.59000015258789,19.93000030517578,19.79995346069336,80380600
2025-03-21,18.81999969482422,19.489999771118164,18.3700008392334,19.280000686645508,19.15419578552246,84348300
2025-03-24,20.479999542236328,21.3700008392334,20.3700008392334,21.0,20.862972259521484,91671300
2025-03-25,20.82999992370605,21.020000457763672,20.350000381469727,20.549999237060547,20.479293823242188,57784400
2025-03-26,20.299999237060547,20.51000022888184,18.200000762939453,18.790000915527344,18.7253532409668,94328400
2025-03-27,18.170000076293945,18.40999984741211,17.360000610351562,17.760000228881836,17.698894500732422,103112800
2025-03-28,17.329999923706055,17.59000015258789,15.739999771118164,16.030000686645508,15.974847793579102,138232400
2025-03-31,15.06999969482422,15.979999542236328,14.399999618530272,15.949999809265137,15.895122528076172,111345600
2025-04-01,15.729999542236328,15.989999771118164,14.829999923706056,15.949999809265137,15.895122528076172,106085000
2025-04-02,15.1899995803833,16.889999389648438,15.029999732971191,16.260000228881836,16.204055786132812,141655200
2025-04-03,13.8100004196167,14.119999885559082,11.399999618530272,11.40999984741211,11.370742797851562,302517400
2025-04-04,10.050000190734863,10.43000030517578,8.180000305175781,8.729999542236328,8.699963569641113,499158100
2025-04-07,7.880000114440918,10.979999542236328,7.230000019073486,9.149999618530272,9.118517875671388,723467300
2025-04-08,10.40999984741211,10.84000015258789,7.599999904632568,8.25,8.221614837646484,488735500
2025-04-09,8.479999542236328,13.109999656677246,8.239999771118164,12.770000457763672,12.72606372833252,787748800
2025-04-10,10.920000076293944,11.140000343322754,8.350000381469727,9.630000114440918,9.596866607666016,686331800
2025-04-11,9.350000381469728,10.390000343322754,8.90999984741211,10.229999542236328,10.194802284240724,412972900
2025-04-14,11.149999618530272,11.15999984741211,9.970000267028809,10.470000267028809,10.433977127075195,358849500
2025-04-15,10.600000381469728,11.020000457763672,10.40999984741211,10.600000381469728,10.56352996826172,230001400
2025-04-16,9.130000114440918,9.75,8.329999923706055,9.34000015258789,9.30786418914795,362439300
2025-04-17,9.550000190734863,9.550000190734863,8.899999618530273,9.199999809265137,9.168346405029297,233659100
2025-04-21,8.670000076293945,8.739999771118164,8.149999618530273,8.710000038146973,8.680032730102539,255318100
2025-04-22,8.960000038146973,9.399999618530272,8.850000381469727,9.18000030517578,9.148415565490724,249211900
2025-04-23,10.579999923706056,10.899999618530272,10.100000381469728,10.289999961853027,10.254596710205078,368456100
2025-04-24,11.050000190734863,12.09000015258789,10.850000381469728,12.0,11.958712577819824,339636700
2025-04-25,11.630000114440918,12.59000015258789,11.510000228881836,12.34000015258789,12.2975435256958,274438500
2025-04-28,12.15999984741211,12.529999732971191,11.449999809265137,12.289999961853027,12.24771499633789,203468900
2025-04-29,11.8100004196167,12.270000457763672,11.619999885559082,11.859999656677246,11.819193840026855,184045100
2025-04-30,10.989999771118164,12.210000038146973,10.75,12.15999984741211,12.118162155151367,229393200
2025-05-01,12.539999961853027,12.8100004196167,12.050000190734863,12.100000381469728,12.058368682861328,203349500
2025-05-02,12.890000343322754,13.6899995803833,12.890000343322754,13.289999961853027,13.244274139404297,223410600
2025-05-05,12.93000030517578,13.40999984741211,12.869999885559082,13.050000190734863,13.00510025024414,127572300
2025-05-06,12.329999923706056,12.949999809265137,12.119999885559082,12.640000343322754,12.596510887145996,158548700
2025-05-07,12.609999656677246,13.399999618530272,12.229999542236328,13.279999732971191,13.234308242797852,189249300
2025-05-08,13.84000015258789,14.34000015258789,13.380000114440918,13.65999984741211,13.613001823425291,203277000
2025-05-09,14.210000038146973,14.470000267028809,13.739999771118164,14.109999656677246,14.061452865600586,149644500
2025-05-12,16.889999389648438,17.469999313354492,16.5,17.1299991607666,17.071062088012695,263806000
2025-05-13,17.360000610351562,18.86000061035156,17.280000686645508,18.600000381469727,18.5360050201416,212931800
2025-05-14,18.96999931335449,19.3700008392334,18.43000030517578,18.84000015258789,18.77517890930176,179343100
2025-05-15,18.31999969482422,18.90999984741211,17.81999969482422,18.46999931335449,18.406450271606445,141287600
2025-05-16,18.530000686645508,18.600000381469727,17.760000228881836,18.38999938964844,18.32672691345215,113068600
2025-05-19,17.149999618530273,18.209999084472656,17.09000015258789,18.059999465942383,17.997861862182617,123632000
2025-05-20,17.6200008392334,18.0,17.440000534057617,17.969999313354492,17.908170700073242,84252500
2025-05-21,17.559999465942383,18.59000015258789,16.649999618530273,17.0,16.941509246826172,149964800
2025-05-22,16.969999313354492,17.43000030517578,16.479999542236328,16.510000228881836,16.453195571899414,144981100
2025-05-23,15.210000038146973,16.0,15.100000381469728,15.729999542236328,15.675878524780272,179062600
2025-05-27,16.739999771118164,17.510000228881836,16.350000381469727,17.290000915527344,17.230512619018555,136539700
2025-05-28,17.43000030517578,17.56999969482422,16.899999618530273,17.040000915527344,16.981372833251953,126785300
2025-05-29,18.18000030517578,18.209999084472656,16.899999618530273,17.200000762939453,17.140823364257812,179820200
2025-05-30,16.899999618530273,16.899999618530273,15.239999771118164,16.170000076293945,16.114364624023438,194058700
2025-06-02,16.059999465942383,17.100000381469727,16.040000915527344,16.899999618530273,16.841854095458984,103937000
2025-06-03,16.93000030517578,18.3799991607666,16.579999923706055,18.299999237060547,18.237035751342773,158644000
2025-06-04,18.68000030517578,19.26000022888184,18.21999931335449,19.09000015258789,19.02431869506836,146325300
2025-06-05,19.489999771118164,19.989999771118164,18.420000076293945,18.809999465942383,18.74528312683105,187397100
2025-06-06,19.39999961853028,19.950000762939453,19.14999961853028,19.18000030517578,19.1140079498291,114398700
2025-06-09,19.709999084472656,21.059999465942383,19.68000030517578,20.57999992370605,20.50919342041016,162686000
2025-06-10,20.84000015258789,22.100000381469727,20.690000534057617,21.88999938964844,21.81468391418457,142811000
2025-06-11,22.36000061035156,22.600000381469727,20.989999771118164,21.63999938964844,21.56554412841797,160395000
2025-06-12,21.239999771118164,22.06999969482422,21.09000015258789,21.690000534057617,21.615373611450195,100384500
2025-06-13,20.31999969482422,21.059999465942383,19.84000015258789,20.040000915527344,19.971052169799805,166989600
2025-06-16,20.82999992370605,22.21999931335449,20.790000915527344,21.89999961853028,21.82465171813965,121972300
2025-06-17,21.61000061035156,22.530000686645508,21.34000015258789,21.420000076293945,21.346302032470703,122379500
2025-06-18,21.71999931335449,22.3799991607666,21.229999542236328,21.61000061035156,21.5356502532959,113893800
2025-06-20,22.13999938964844,22.32999992370605,20.3700008392334,21.209999084472656,21.13702392578125,137078900
2025-06-23,21.18000030517578,21.979999542236328,20.280000686645508,21.57999992370605,21.50575065612793,125143700
2025-06-24,22.65999984741211,24.030000686645508,22.6299991607666,23.950000762939453,23.943044662475582,137608000
2025-06-25,24.39999961853028,24.600000381469727,23.8700008392334,24.57999992370605,24.57286071777344,107621600
2025-06-26,25.18000030517578,25.36000061035156,24.59000015258789,25.200000762939453,25.19268226623535,92382200
2025-06-27,25.209999084472656,25.84000015258789,24.280000686645508,25.11000061035156,25.102706909179688,113655600
2025-06-30,25.489999771118164,25.5,24.68000030517578,25.11000061035156,25.102706909179688,78035000
2025-07-01,24.3799991607666,25.170000076293945,23.57999992370605,24.709999084472656,24.702821731567383,107277300
2025-07-02,24.51000022888184,26.38999938964844,24.450000762939453,26.049999237060547,26.04243278503418,107157100
2025-07-03,26.39999961853028,26.71999931335449,26.229999542236328,26.43000030517578,26.42232322692871,62695800
2025-07-07,25.729999542236328,26.049999237060547,24.6200008392334,24.96999931335449,24.96274757385254,93297600
2025-07-08,25.6299991607666,27.030000686645508,25.36000061035156,26.3700008392334,26.362340927124023,90457500
2025-07-09,26.6299991607666,27.40999984741211,25.88999938964844,26.64999961853028,26.64225959777832,86818700
2025-07-10,27.38999938964844,27.729999542236328,26.65999984741211,27.3700008392334,27.36205101013184,87602500
2025-07-11,26.850000381469727,27.540000915527344,26.549999237060547,27.290000915527344,27.28207397460937,71855400
2025-07-14,26.63999938964844,26.770000457763672,25.31999969482422,26.5,26.4923038482666,99670600
2025-07-15,28.049999237060547,28.459999084472656,27.209999084472656,27.290000915527344,27.28207397460937,108926200
2025-07-16,26.600000381469727,27.049999237060547,24.90999984741211,27.030000686645508,27.02215003967285,125700900
2025-07-17,26.959999084472656,27.51000022888184,26.420000076293945,27.31999969482422,27.31206512451172,85334100
2025-07-18,27.65999984741211,27.89999961853028,26.76000022888184,27.32999992370605,27.32206153869629,68274300
2025-07-21,27.559999465942383,28.5,27.440000534057617,27.5,27.49201202392578,79860300
2025-07-22,27.1200008392334,27.280000686645508,25.34000015258789,26.31999969482422,26.312355041503903,118871600
2025-07-23,25.64999961853028,25.90999984741211,24.84000015258789,25.780000686645508,25.77251243591309,105639200
2025-07-24,25.65999984741211,25.790000915527344,24.950000762939453,25.6200008392334,25.6125602722168,77503300
2025-07-25,25.170000076293945,25.6200008392334,24.82999992370605,25.600000381469727,25.592565536499023,68037900
2025-07-28,26.3799991607666,26.989999771118164,26.34000015258789,26.8799991607666,26.8721923828125,88108400
2025-07-29,27.40999984741211,28.15999984741211,26.5,27.030000686645508,27.02215003967285,101714500
2025-07-30,27.75,28.1299991607666,26.93000030517578,27.61000061035156,27.60198211669922,96772200
2025-07-31,26.700000762939453,26.739999771118164,24.200000762939453,24.979999542236328,24.97274398803711,133413800
2025-08-01,23.57999992370605,24.82999992370605,22.56999969482422,24.07999992370605,24.07300567626953,132665200
2025-08-04,24.59000015258789,25.18000030517578,24.239999771118164,25.0,24.992738723754883,85963800
2025-08-05,25.420000076293945,25.68000030517578,23.61000061035156,24.520000457763672,24.51287841796875,99733400
2025-08-06,23.84000015258789,24.1200008392334,22.950000762939453,23.989999771118164,23.9830322265625,103447500
2025-08-07,25.479999542236328,25.8799991607666,24.530000686645508,25.0,24.992738723754883,117228400
2025-08-08,25.15999984741211,25.82999992370605,24.89999961853028,25.709999084472656,25.702531814575195,71389900
2025-08-11,26.030000686645508,26.88999938964844,25.450000762939453,25.61000061035156,25.6025619506836,75943500
2025-08-12,26.209999084472656,28.07999992370605,25.68000030517578,28.0,27.991867065429688,125315900
2025-08-13,28.64999961853028,29.32999992370605,28.309999465942383,29.270000457763672,29.261499404907227,89497100
2025-08-14,28.1200008392334,29.65999984741211,27.950000762939453,29.420000076293945,29.411455154418945,84286800
2025-08-15,28.709999084472656,28.709999084472656,27.06999969482422,27.3700008392334,27.36205101013184,93664700
2025-08-18,27.100000381469727,27.64999961853028,27.030000686645508,27.530000686645508,27.52200508117676,50310400
2025-08-19,27.56999969482422,27.86000061035156,26.100000381469727,26.239999771118164,26.232378005981445,75595100
2025-08-20,26.11000061035156,26.11000061035156,23.65999984741211,25.799999237060547,25.792505264282227,117636500
2025-08-21,25.39999961853028,25.89999961853028,24.90999984741211,25.350000381469727,25.34263801574707,67871100
2025-08-22,25.559999465942383,28.31999969482422,25.34000015258789,27.450000762939453,27.442028045654297,117140900
2025-08-25,27.350000381469727,27.57999992370605,26.809999465942383,27.299999237060547,27.292070388793945,55018700
2025-08-26,27.530000686645508,28.21999931335449,27.520000457763672,27.940000534057617,27.931884765625,57544300
2025-08-27,27.61000061035156,28.229999542236328,27.280000686645508,28.18000030517578,28.171815872192383,61375200
2025-08-28,28.40999984741211,29.11000061035156,27.959999084472656,28.530000686645508,28.521713256835938,74466400
2025-08-29,27.31999969482422,27.350000381469727,25.670000076293945,26.040000915527344,26.03243827819824,108411300
2025-09-02,24.07999992370605,25.280000686645508,23.799999237060547,25.25,25.24266624450684,101906700
2025-09-03,25.40999984741211,25.40999984741211,24.1200008392334,24.90999984741211,24.90276527404785,79482200
2025-09-04,24.40999984741211,25.729999542236328,23.979999542236328,25.64999961853028,25.642549514770508,81641200
2025-09-05,26.81999969482422,26.96999931335449,25.600000381469727,26.450000762939453,26.442317962646484,110749400
2025-09-08,26.959999084472656,27.43000030517578,26.68000030517578,27.07999992370605,27.072134017944336,72341700
2025-09-09,27.170000076293945,27.3700008392334,26.56999969482422,27.18000030517578,27.17210578918457,55882300
2025-09-10,28.479999542236328,28.82999992370605,28.06999969482422,28.600000381469727,28.591693878173828,86721600
2025-09-11,29.059999465942383,29.61000061035156,28.96999931335449,29.170000076293945,29.161527633666992,69919800
2025-09-12,29.3700008392334,29.549999237060547,28.790000915527344,29.299999237060547,29.291488647460938,52502600
2025-09-15,29.13999938964844,30.030000686645508,28.920000076293945,30.0,29.991287231445312,61268000
2025-09-16,30.32999992370605,30.64999961853028,29.790000915527344,30.479999542236328,30.47114562988281,54148200
2025-09-17,30.280000686645508,31.25,29.15999984741211,30.46999931335449,30.46114921569824,80483900
2025-09-18,32.7599983215332,34.13999938964844,32.43000030517578,33.63999938964844,33.63022994995117,104513300
2025-09-19,33.560001373291016,33.599998474121094,32.119998931884766,33.02000045776367,33.01041030883789,66106100
2025-09-22,33.20000076293945,34.75,33.189998626708984,34.43000030517578,34.41999816894531,62948200
2025-09-23,34.70000076293945,35.29999923706055,33.66999816894531,34.29999923706055,34.29999923706055,63661700
2025-09-24,33.959999084472656,34.38999938964844,32.810001373291016,34.20000076293945,34.20000076293945,58369900
2025-09-25,32.439998626708984,34.060001373291016,31.36000061035156,33.849998474121094,33.849998474121094,79969600
2025-09-26,33.93000030517578,34.22999954223633,32.83000183105469,34.02000045776367,34.02000045776367,60944500
2025-09-29,35.029998779296875,35.4900016784668,33.9900016784668,34.02000045776367,34.02000045776367,56593700
2025-09-30,34.06999969482422,34.959999084472656,33.56999969482422,34.84000015258789,34.84000015258789,60696800
2025-10-01,34.18000030517578,36.97999954223633,33.97999954223633,36.86000061035156,36.86000061035156,67094700
2025-10-02,38.959999084472656,39.31999969482422,38.13999938964844,39.08000183105469,39.08000183105469,68834400
2025-10-03,39.47999954223633,40.060001373291016,37.619998931884766,38.22999954223633,38.22999954223633,69252500
2025-10-06,42.83000183105469,43.369998931884766,41.65999984741211,41.709999084472656,41.709999084472656,99880300
2025-10-07,42.77999877929688,43.02000045776367,38.70000076293945,38.83000183105469,38.83000183105469,96375900
2025-10-08,38.869998931884766,42.93999862670898,38.68000030517578,42.77999877929688,42.77999877929688,77149800
2025-10-09,42.58000183105469,42.84000015258789,41.0099983215332,42.2400016784668,42.2400016784668,63095700
2025-10-10,42.52000045776367,42.84000015258789,34.16999816894531,34.209999084472656,34.209999084472656,204858900
2025-10-13,38.22999954223633,39.470001220703125,37.369998931884766,39.13999938964844,39.13999938964844,89274100
2025-10-14,36.619998931884766,39.0099983215332,35.95000076293945,36.630001068115234,36.630001068115234,100358200
2025-10-15,39.54999923706055,40.16999816894531,37.709999084472656,39.97999954223633,39.97999954223633,96059800
2025-10-16,41.45000076293945,41.93000030517578,39.27999877929688,40.56999969482422,40.56999969482422,89397000
2025-10-17,39.61000061035156,40.79999923706055,38.31999969482422,40.290000915527344,40.290000915527344,92083400
2025-10-20,41.15999984741211,43.040000915527344,41.130001068115234,42.2400016784668,42.2400016784668,62424500
2025-10-21,41.810001373291016,42.02999877929688,40.52000045776367,41.5099983215332,41.5099983215332,54386700
2025-10-22,40.08000183105469,40.810001373291016,35.970001220703125,38.38999938964844,38.38999938964844,110646700
2025-10-23,37.72999954223633,41.470001220703125,37.54999923706055,41.16999816894531,41.16999816894531,72467000
2025-10-24,43.43000030517578,44.15999984741211,42.959999084472656,43.13999938964844,43.13999938964844,69872500
2025-10-27,45.4900016784668,47.15999984741211,45.13999938964844,46.84000015258789,46.84000015258789,72684100
2025-10-28,46.43999862670898,47.61000061035156,45.93999862670898,46.959999084472656,46.959999084472656,53995000
2025-10-29,49.369998931884766,50.7599983215332,48.04999923706055,49.380001068115234,49.380001068115234,88268800
2025-10-30,48.5,49.970001220703125,47.27000045776367,47.38999938964844,47.38999938964844,76956300
2025-10-31,48.77000045776367,49.9900016784668,46.709999084472656,47.77999877929688,47.77999877929688,75650400
2025-11-03,49.5,50.18999862670898,48.02999877929688,48.58000183105469,48.58000183105469,52610600
2025-11-04,44.77000045776367,46.880001068115234,42.52999877929688,42.79999923706055,42.79999923706055,87734300
2025-11-05,43.220001220703125,48.43000030517578,43.209999084472656,46.83000183105469,46.83000183105469,76488900
2025-11-06,46.459999084472656,46.9900016784668,42.150001525878906,43.0099983215332,43.0099983215332,106419600
2025-11-07,41.09999847412109,41.7400016784668,37.040000915527344,41.7400016784668,41.7400016784668,143013500
2025-11-10,45.060001373291016,45.52000045776367,43.459999084472656,44.959999084472656,44.959999084472656,74223300
2025-11-11,43.720001220703125,44.040000915527344,41.650001525878906,41.810001373291016,41.810001373291016,80862700
2025-11-12,44.0099983215332,44.630001068115234,42.84999847412109,43.709999084472656,43.709999084472656,77730900
2025-11-13,42.16999816894531,42.63999938964844,38.0,39.220001220703125,39.220001220703125,126123700
2025-11-14,35.7400016784668,40.59999847412109,35.150001525878906,38.86000061035156,38.86000061035156,125398600
2025-11-17,37.900001525878906,40.08000183105469,35.529998779296875,36.84000015258789,36.84000015258789,101936600
2025-11-18,35.310001373291016,36.0099983215332,33.150001525878906,34.349998474121094,34.349998474121094,153515800
2025-11-19,34.720001220703125,37.29999923706055,34.20000076293945,35.959999084472656,35.959999084472656,120458900
2025-11-20,38.790000915527344,39.18999862670898,30.40999984741211,30.809999465942383,30.809999465942383,228883600
2025-11-21,30.850000381469727,33.040000915527344,28.1200008392334,31.729999542236328,31.729999542236328,205537900
2025-11-24,32.689998626708984,36.310001373291016,32.650001525878906,35.86000061035156,35.86000061035156,108832500
2025-11-25,34.34000015258789,36.45000076293945,32.04999923706055,36.16999816894531,36.16999816894531,108634700
2025-11-26,37.43999862670898,40.150001525878906,37.29999923706055,39.18999862670898,39.18999862670898,104203900
2025-11-28,39.650001525878906,41.33000183105469,39.25,41.2599983215332,41.2599983215332,57190400
2025-12-01,39.58000183105469,42.36000061035156,39.459999084472656,41.310001373291016,41.310001373291016,79426200
2025-12-02,42.790000915527344,44.61000061035156,42.02999877929688,43.79999923706055,43.79999923706055,111736200
2025-12-03,44.45000076293945,46.68000030517578,43.150001525878906,46.58000183105469,46.58000183105469,94299300
2025-12-04,45.88999938964844,46.09999847412109,44.43999862670898,45.15999984741211,45.15999984741211,77656900
2025-12-05,46.470001220703125,48.04999923706055,46.29999923706055,46.5,46.5,77049800
2025-12-08,47.560001373291016,48.59999847412109,46.70000076293945,47.9900016784668,47.9900016784668,69225000
2025-12-09,47.040000915527344,48.04999923706055,46.470001220703125,47.790000915527344,47.790000915527344,56373300
2025-12-10,47.650001525878906,50.09000015258789,47.0099983215332,49.650001525878906,49.650001525878906,91153100
2025-12-11,48.0099983215332,48.900001525878906,44.65999984741211,48.790000915527344,48.790000915527344,88063000
2025-12-12,46.91999816894531,47.380001068115234,41.060001373291016,41.709999084472656,41.709999084472656,138088200
2025-12-15,43.11000061035156,43.41999816894531,40.79999923706055,41.18000030517578,41.18000030517578,78218600
2025-12-16,40.75,41.65999984741211,39.2400016784668,40.4900016784668,40.4900016784668,94566700
2025-12-17,41.0,41.31999969482422,35.70000076293945,36.0099983215332,36.0099983215332,126113900
2025-12-18,39.970001220703125,40.41999816894531,38.11000061035156,38.58000183105469,38.58000183105469,97164000
2025-12-19,39.59999847412109,42.36000061035156,39.5,41.720001220703125,41.720001220703125,92529100
2025-12-22,44.45000076293945,44.560001373291016,42.72999954223633,43.2599983215332,43.2599983215332,62717400
2025-12-23,42.619998931884766,43.79999923706055,42.220001220703125,43.70000076293945,43.70000076293945,44455700
2025-12-24,43.720001220703125,44.36000061035156,43.59000015258789,44.209999084472656,44.209999084472656,30717800
2025-12-26,44.75,44.790000915527344,43.810001373291016,44.209999084472656,44.209999084472656,38006400
2025-12-29,42.97999954223633,44.33000183105469,42.34999847412109,43.81999969482422,43.81999969482422,54612100
2025-12-30,44.150001525878906,44.75,43.56999969482422,43.66999816894531,43.66999816894531,40697400
2025-12-31,43.88999938964844,44.150001525878906,42.0099983215332,42.02999877929688,42.02999877929688,44754800
2026-01-02,45.130001068115234,48.09000015258789,45.08000183105469,47.2400016784668,47.2400016784668,132719700
2026-01-05,50.34999847412109,51.220001220703125,48.630001068115234,49.220001220703125,49.220001220703125,94987500
2026-01-06,51.11000061035156,54.29999923706055,51.06999969482422,54.0099983215332,54.0099983215332,92678600
2026-01-07,52.20000076293945,52.7400016784668,50.84000015258789,52.290000915527344,52.290000915527344,65698500
2026-01-08,51.79999923706055,51.810001373291016,48.130001068115234,49.650001525878906,49.650001525878906,79844800
2026-01-09,51.09000015258789,54.7599983215332,50.310001373291016,53.95000076293945,53.95000076293945,87214400
2026-01-12,52.38999938964844,55.150001525878906,52.34999847412109,54.650001525878906,54.650001525878906,53193700
2026-01-13,55.68999862670898,57.630001068115234,55.43000030517578,56.06999969482422,56.06999969482422,61895400
2026-01-14,54.88999938964844,55.43999862670898,53.0,55.380001068115234,55.380001068115234,70434900
2026-01-15,60.959999084472656,61.66999816894531,58.0099983215332,58.08000183105469,58.08000183105469,89664300
2026-01-16,61.18999862670898,62.18999862670898,59.5,60.75,60.75,58559500
2026-01-20,57.34000015258789,61.04999923706055,57.220001220703125,57.93999862670898,57.93999862670898,71408300
2026-01-21,60.2400016784668,65.11000061035156,59.459999084472656,63.47999954223633,63.47999954223633,103027300
2026-01-22,66.9000015258789,66.95999908447266,63.040000915527344,63.720001220703125,63.720001220703125,62594200
2026-01-23,62.47999954223633,63.36000061035156,60.150001525878906,61.59999847412109,61.59999847412109,58613600
2026-01-26,60.75,61.959999084472656,59.59999847412109,60.70000076293945,60.70000076293945,42592400
2026-01-27,63.310001373291016,65.98999786376953,62.540000915527344,64.95999908447266,64.95999908447266,61155400
2026-01-28,69.0,70.93000030517578,67.9800033569336,70.08999633789062,70.08999633789062,74205500
2026-01-29,70.4000015258789,71.9800033569336,62.650001525878906,70.47000122070312,70.47000122070312,78058200
2026-01-30,67.12000274658203,69.86000061035156,60.290000915527344,61.790000915527344,61.790000915527344,83504200
2026-02-02,59.459999084472656,66.94000244140625,59.09999847412109,65.19999694824219,65.19999694824219,66961000
2026-02-03,66.80999755859375,67.62000274658203,57.02000045776367,61.20000076293945,61.20000076293945,101338500
2026-02-04,59.43999862670898,61.02999877929688,49.33000183105469,53.18999862670898,53.18999862670898,139149400
2026-02-05,51.310001373291016,55.4900016784668,50.0099983215332,53.25,53.25,109350300
2026-02-06,56.400001525878906,62.25,55.66999816894531,61.75,61.75,108594200
2026-02-09,59.9900016784668,65.05000305175781,59.290000915527344,64.02999877929688,64.02999877929688,66670500
2026-02-10,64.66999816894531,65.20999908447266,61.41999816894531,63.34000015258789,63.34000015258789,58273900
2026-02-11,67.20999908447266,69.0999984741211,63.22999954223633,68.05000305175781,68.05000305175781,89724200
2026-02-12,69.66999816894531,70.86000061035156,62.77000045776367,63.09999847412109,63.09999847412109,90896100
2026-02-13,63.93000030517578,66.25,61.43000030517578,64.58999633789062,64.58999633789062,79931300
2026-02-17,62.02000045776367,65.95999908447266,59.560001373291016,64.3499984741211,64.3499984741211,79420400
2026-02-18,65.26000213623047,68.44999694824219,64.06999969482422,66.29000091552734,66.29000091552734,69349000
2026-02-19,64.33000183105469,65.51000213623047,62.959999084472656,65.2300033569336,65.2300033569336,68827500
2026-02-20,63.7599983215332,68.22000122070312,63.58000183105469,67.11000061035156,67.11000061035156,81017900
2026-02-23,65.8499984741211,67.6500015258789,63.470001220703125,65.86000061035156,65.86000061035156,66926300
2026-02-24,68.11000061035156,70.0,66.3499984741211,68.52999877929688,68.52999877929688,66892100
2026-02-25,70.88999938964844,72.36000061035156,70.4800033569336,71.86000061035156,71.86000061035156,52929300
2026-02-26,71.02999877929688,71.11000061035156,61.630001068115234,65.33999633789062,65.33999633789062,97787900
2026-02-27,61.5099983215332,63.7599983215332,60.65999984741211,62.77000045776367,62.77000045776367,70112700
2026-03-02,58.11000061035156,62.81999969482422,58.04999923706055,62.7599983215332,62.7599983215332,81699800
2026-03-03,55.119998931884766,55.86000061035156,51.36000061035156,53.41999816894531,53.41999816894531,131198300
2026-03-04,55.959999084472656,57.720001220703125,54.380001068115234,56.619998931884766,56.619998931884766,78143300
2026-03-05,55.31999969482422,57.68999862670898,51.130001068115234,54.79999923706055,54.79999923706055,110055800
2026-03-06,50.09000015258789,53.36000061035156,46.79999923706055,47.88999938964844,47.88999938964844,125241500
2026-03-09,45.5099983215332,53.77999877929688,44.52999877929688,53.31999969482422,53.31999969482422,114897700
2026-03-10,53.36000061035156,57.77999877929688,53.36000061035156,54.59000015258789,54.59000015258789,104717600
2026-03-11,55.5,57.7400016784668,55.34999847412109,56.09000015258789,56.09000015258789,83007700
2026-03-12,53.52999877929688,53.880001068115234,49.52999877929688,50.27999877929688,50.27999877929688,105674400
2026-03-13,51.880001068115234,53.959999084472656,50.040000915527344,50.720001220703125,50.720001220703125,83244300
2026-03-16,54.060001373291016,55.68000030517578,53.0099983215332,53.68999862670898,53.68999862670898,79819200
2026-03-17,55.09999847412109,55.400001525878906,53.29999923706055,54.95000076293945,54.95000076293945,59567700
2026-03-18,55.02999877929688,56.47999954223633,54.0,54.02000045776367,54.02000045776367,75470000
2026-03-19,49.52999877929688,56.11000061035156,48.5,54.84999847412109,54.84999847412109,93732700
2026-03-20,54.68999862670898,55.36000061035156,49.0,51.13999938964844,51.13999938964844,101773000
2026-03-23,54.630001068115234,56.810001373291016,52.27999877929688,53.02999877929688,53.02999877929688,115257400
2026-03-24,51.540000915527344,56.09000015258789,51.540000915527344,54.959999084472656,54.959999084472656,92153500
2026-03-25,56.63999938964844,58.25,55.59000015258789,57.040000915527344,57.040000915527344,84440300
2026-03-26,54.18999862670898,54.43999862670898,48.869998931884766,48.970001220703125,48.970001220703125,116603800
2026-03-27,48.040000915527344,49.380001068115234,45.959999084472656,46.61000061035156,46.61000061035156,99401400
2026-03-30,47.86000061035156,48.290000915527344,39.52000045776367,40.619998931884766,40.619998931884766,139746200
2026-03-31,42.880001068115234,48.18000030517578,42.61000061035156,47.90999984741211,47.90999984741211,138002100
2026-04-01,50.040000915527344,54.09000015258789,49.619998931884766,52.2599983215332,52.2599983215332,121955600
2026-04-02,46.060001373291016,53.06999969482422,46.04999923706055,52.75,52.75,104471700
2026-04-06,53.75,55.59999847412109,52.880001068115234,54.810001373291016,54.810001373291016,68780400
2026-04-07,54.31999969482422,56.59999847412109,52.130001068115234,56.54999923706055,56.54999923706055,107326500
2026-04-08,66.33000183105469,67.9800033569336,63.560001373291016,67.5,67.5,111697300
2026-04-09,68.12000274658203,72.27999877929688,68.12000274658203,71.9800033569336,71.9800033569336,79331600
2026-04-10,74.30000305175781,78.30000305175781,74.30000305175781,76.38999938964844,76.38999938964844,78863600
2026-04-13,75.58999633789062,80.73999786376953,75.25,80.55999755859375,80.55999755859375,64504600
2026-04-14,83.2699966430664,85.56999969482422,80.70999908447266,85.30999755859375,85.30999755859375,61657000
2026-04-15,84.66000366210938,85.9800033569336,79.76000213623047,85.95999908447266,85.95999908447266,68425400
2026-04-16,85.01000213623047,89.38999938964844,83.30999755859375,88.37000274658203,88.37000274658203,63777500
2026-04-17,93.1999969482422,94.75,90.66000366210938,94.68000030517578,94.68000030517578,67081400
2026-04-20,95.97000122070312,96.93000030517578,92.02999877929688,95.94000244140624,95.94000244140624,49367800
2026-04-21,97.97000122070312,99.9499969482422,95.31999969482422,98.08999633789062,98.08999633789062,65206900
2026-04-22,102.94000244140624,106.08999633789062,99.5999984741211,105.63999938964844,105.63999938964844,58165200
2026-04-23,108.62000274658205,116.7699966430664,107.45999908447266,112.7699966430664,112.7699966430664,96510200
2026-04-24,125.20999908447266,130.1199951171875,120.23999786376952,128.32000732421875,128.32000732421875,83092400
2026-04-27,128.3300018310547,129.58999633789062,117.79000091552734,123.38999938964844,123.38999938964844,73334600
2026-04-28,108.75,115.62000274658205,103.98999786376952,109.55999755859376,109.55999755859376,94099700
2026-04-29,114.76000213623048,118.31999969482422,112.3000030517578,117.97000122070312,117.97000122070312,55503700
2026-04-30,122.80999755859376,127.4499969482422,117.5,126.9800033569336,126.9800033569336,58536700
2026-05-01,124.38999938964844,131.3800048828125,121.66000366210938,130.39999389648438,130.39999389648438,40940300
2026-05-04,132.1999969482422,133.6699981689453,123.8000030517578,127.5500030517578,127.5500030517578,46455700
2026-05-05,135.0,147.25999450683594,134.02000427246094,144.16000366210938,144.16000366210938,52130100
2026-05-06,157.83999633789062,166.0,149.05999755859375,165.85000610351562,165.85000610351562,65579200
2026-05-07,162.1199951171875,162.89999389648438,147.61000061035156,152.10000610351562,152.10000610351562,72375200
2026-05-08,163.0,177.5,161.50999450683594,176.94000244140625,176.94000244140625,47016500
2026-05-11,181.0,191.2899932861328,178.94000244140625,190.4199981689453,190.4199981689453,50496000
2026-05-12,177.6199951171875,182.2400054931641,150.5800018310547,172.52000427246094,172.52000427246094,91705600
2026-05-13,183.83999633789065,188.4900054931641,172.25999450683594,184.2400054931641,184.2400054931641,59522300
2026-05-14,182.6699981689453,189.5599975585937,178.27999877929688,186.19000244140625,186.19000244140625,43319000
2026-05-15,167.0,174.39999389648438,161.13999938964844,164.17999267578125,164.17999267578125,62126600
2026-05-18,172.9499969482422,174.61000061035156,142.69000244140625,151.75,151.75,75610500
2026-05-19,141.24000549316406,160.60000610351562,135.02000427246094,151.88999938964844,151.88999938964844,85384000
2026-05-20,161.0,173.6999969482422,161.0,173.1999969482422,173.1999969482422,58913200
2026-05-21,171.25999450683594,179.97000122070312,168.22999572753906,178.38999938964844,178.38999938964844,52278700
2026-05-22,184.8000030517578,195.2700042724609,183.33999633789065,190.5599975585937,190.5599975585937,45133000
2026-05-26,211.3800048828125,228.5,209.88999938964844,225.7899932861328,225.7899932861328,52533000
2026-05-27,242.6600036621093,242.6600036621093,204.0,217.97999572753903,217.97999572753903,74732700
2026-05-28,219.0,231.88999938964844,207.5599975585937,224.6300048828125,224.6300048828125,47153500
2026-05-29,231.82000732421875,239.07000732421875,218.5599975585937,224.33999633789065,224.33999633789065,37035700
2026-06-01,217.2700042724609,234.0599975585937,210.13999938964844,227.02999877929688,227.02999877929688,37499600
2026-06-02,243.17999267578125,267.0799865722656,238.82000732421875,266.32000732421875,266.32000732421875,42799700
2026-06-03,281.4700012207031,284.5799865722656,257.260009765625,280.5400085449219,280.5400085449219,49817200
2026-06-04,242.0399932861328,274.5,228.5500030517578,262.70001220703125,262.70001220703125,59036000
2026-06-05,230.8500061035156,233.69000244140625,181.8099975585937,182.5399932861328,182.5399932861328,108280300
2026-06-08,210.6199951171875,222.19000244140625,201.69000244140625,211.44000244140625,211.44000244140625,68180500
2026-06-09,227.0599975585937,231.0200042724609,157.55999755859375,201.67999267578125,201.67999267578125,124754300
2026-06-10,191.5399932861328,212.9900054931641,177.3000030517578,180.6499938964844,180.6499938964844,94924200
2026-06-11,192.3000030517578,225.6300048828125,192.3000030517578,223.9900054931641,223.9900054931641,72493400
2026-06-12,222.22000122070312,242.3999938964844,214.7400054931641,234.67999267578125,234.67999267578125,50419100
2026-06-15,265.989990234375,274.8800048828125,261.6000061035156,272.5,272.5,39914100
2026-06-16,267.1300048828125,274.92999267578125,226.0,226.19000244140625,226.19000244140625,54771900
2026-06-17,247.4199981689453,259.7900085449219,233.3000030517578,233.8600006103516,233.8600006103516,49127300
2026-06-18,266.0400085449219,286.1499938964844,265.0,279.2900085449219,279.2900085449219,49319800
2026-06-22,299.260009765625,302.0,286.239990234375,300.7699890136719,300.7699890136719,36399600
2026-06-23,236.0,252.97999572753903,223.0,231.4199981689453,231.4199981689453,70699700
2026-06-24,233.1100006103516,237.0,211.1300048828125,229.57000732421875,229.57000732421875,57018500
2026-06-25,268.04998779296875,268.3999938964844,225.7400054931641,252.6100006103516,252.6100006103516,57401800
2026-06-26,226.2400054931641,231.25,212.1000061035156,215.6000061035156,215.6000061035156,51987400
2026-06-29,216.3600006103516,238.6499938964844,192.3000030517578,236.5200042724609,236.5200042724609,48952600
2026-06-30,241.4499969482422,272.0,240.58999633789065,266.7099914550781,266.7099914550781,36721000
2026-07-01,237.7899932861328,246.47000122070312,215.3800048828125,217.5500030517578,217.5500030517578,60156300
2026-07-02,219.22999572753903,226.1300048828125,168.8800048828125,181.47000122070312,181.47000122070312,91060900
2026-07-06,197.2100067138672,210.8000030517578,194.22000122070312,194.6499938964844,194.6499938964844,42756600
2026-07-07,165.39999389648438,171.8800048828125,150.0800018310547,165.27999877929688,165.27999877929688,78957300
2026-07-08,159.2100067138672,176.75,158.8699951171875,174.82000732421875,174.82000732421875,63175900
2026-07-09,199.8099975585937,204.5500030517578,189.4600067138672,192.4499969482422,192.4499969482422,52530500
2026-07-10,182.3999938964844,195.94000244140625,176.8000030517578,192.259994506836,192.259994506836,37626300
2026-07-13,174.61000061035156,177.6699981689453,161.5500030517578,165.3699951171875,165.3699951171875,52686700
2026-07-14,187.69000244140625,188.42999267578125,170.25999450683594,176.66000366210938,176.66000366210938,49269200
2026-07-15,183.7700042724609,184.0,150.0,165.5500030517578,165.5500030517578,67008900
2026-07-16,150.44000244140625,155.8300018310547,138.0,142.47999572753906,142.47999572753906,76391300
2026-07-17,124.7300033569336,144.39999389648438,116.47000122070312,135.47000122070312,135.47000122070312,105762300
2026-07-20,143.52000427246094,148.74000549316406,135.6699981689453,136.80999755859375,136.80999755859375,52804300
2026-07-21,155.83999633789062,160.63999938964844,148.8699951171875,158.5399932861328,158.5399932861328,55698500
2026-07-22,147.10000610351562,165.75,147.0,160.99000549316406,160.99000549316406,46926500
2026-07-23,152.16000366210938,162.9199981689453,150.64999389648438,157.5,157.5,57831400
2026-07-24,151.4499969482422,154.5,132.5500030517578,136.80999755859375,136.80999755859375,71734900
2026-07-27,140.64999389648438,148.02000427246094,115.4499969482422,128.14999389648438,128.14999389648438,90434900
2026-07-28,113.1500015258789,114.9499969482422,101.52999877929688,109.54000091552734,109.54000091552734,125338900
2026-07-29,107.62000274658205,112.66999816894533,91.5,91.98999786376952,91.98999786376952,149950200
2026-07-30,107.37999725341795,118.0,105.12000274658205,114.72000122070312,114.72000122070312,109931900
2026-07-31,129.89999389648438,133.8800048828125,112.41999816894533,114.72000122070312,114.72000122070312,102613300
2026-08-03,106.1500015258789,118.87000274658205,102.08999633789062,116.70999908447266,116.70999908447266,81117500
2026-08-04,131.50999450683594,142.4199981689453,129.66000366210938,139.89999389648438,139.89999389648438,78456600
2026-08-05,135.5399932861328,144.33999633789062,130.0,132.07000732421875,132.07000732421875,67515700
2026-08-06,125.2300033569336,140.0,120.75,132.3300018310547,132.3300018310547,57025200
2026-08-07,141.97000122070312,143.9199981689453,131.55999755859375,140.25,140.25,61350700
2026-08-10,142.8000030517578,143.4499969482422,130.0,130.0,130.0,50105400
2026-08-11,136.25999450683594,136.60000610351562,130.05999755859375,133.0,133.0,38282500
2026-08-12,147.3000030517578,147.6999969482422,141.88999938964844,142.16000366210938,142.16000366210938,55970000
2026-08-13,142.16000366210938,154.1300048828125,141.83999633789062,145.36000061035156,145.36000061035156,54831600
2026-08-14,143.7899932861328,146.64999389648438,138.89999389648438,144.9499969482422,144.9499969482422,45331100
2026-08-17,150.61000061035156,156.9199981689453,148.89999389648438,151.52999877929688,151.52999877929688,43560500
2026-08-18,134.1999969482422,137.60000610351562,122.4000015258789,129.10000610351562,129.10000610351562,87105200
2026-08-19,132.6300048828125,133.74000549316406,116.83999633789062,120.73999786376952,120.73999786376952,78078100
2026-08-20,119.98999786376952,124.55999755859376,117.41999816894533,122.20999908447266,122.20999908447266,50500900
2026-08-21,126.58999633789062,126.79000091552734,116.70999908447266,120.5999984741211,120.5999984741211,48174900
2026-08-24,115.06999969482422,115.06999969482422,106.0,111.16000366210938,111.16000366210938,67194300
2026-08-25,117.37000274658205,119.87999725341795,113.12999725341795,115.66999816894533,115.66999816894533,47392300
2026-08-26,114.6999969482422,117.38999938964844,112.52999877929688,116.5999984741211,116.5999984741211,39918800
2026-08-27,123.4000015258789,124.87999725341795,117.69000244140624,123.0500030517578,123.0500030517578,55965600
2026-08-28,119.91999816894533,121.1999969482422,110.20999908447266,111.33999633789062,111.33999633789062,60995600
2026-08-31,112.41000366210938,115.0500030517578,110.33000183105467,112.79000091552734,112.79000091552734,34269700
2026-09-01,106.36000061035156,108.63999938964844,102.30999755859375,105.91000366210938,105.91000366210938,63954400
2026-09-02,104.5,108.06999969482422,101.33999633789062,106.3499984741211,106.3499984741211,47235300
2026-09-03,103.0,107.48999786376953,98.62000274658203,106.73999786376953,106.73999786376953,55094500
2026-09-04,111.22000122070312,118.18000030517578,109.7300033569336,117.27999877929688,117.27999877929688,63548000
2026-09-08,125.12000274658203,127.54000091552734,121.5999984741211,123.2699966430664,123.2699966430664,52279600
