Date,Open,High,Low,Close,Adj Close,Volume
2001-07-13,24.100000381469727,24.530000686645508,23.52666664123535,24.21666717529297,19.88509750366211,603300
2001-07-16,23.78333282470703,23.850000381469727,22.81333351135254,22.81333351135254,18.732784271240234,180000
2001-07-17,22.64999961853028,23.75,22.63333320617676,23.75,19.501909255981445,287100
2001-07-18,23.03333282470703,23.203332901000977,22.76666641235352,22.76666641235352,18.694456100463867,301800
2001-07-19,24.13333320617676,24.233333587646484,23.733333587646484,23.733333587646484,19.48822021484375,405000
2001-07-20,23.25,23.63333320617676,23.25,23.61666679382324,19.392410278320312,360000
2001-07-23,23.75,23.75,22.89999961853028,22.89999961853028,18.80394172668457,195300
2001-07-24,22.76666641235352,22.76666641235352,22.26666641235352,22.28333282470703,18.29757499694824,150300
2001-07-25,22.200000762939453,22.61666679382324,21.88333320617676,21.88333320617676,17.969120025634766,179100
2001-07-26,22.850000381469727,24.14999961853028,22.76666641235352,23.916667938232425,19.63875961303711,281700
2001-07-27,24.166667938232425,24.733333587646484,24.166667938232425,24.46999931335449,20.09312057495117,121500
2001-07-30,24.59666633605957,24.84666633605957,24.43000030517578,24.63333320617676,20.22724151611328,7800
2001-07-31,25.13333320617676,25.13333320617676,24.63333320617676,24.63333320617676,20.22724151611328,152100
2001-08-01,25.58333206176757,26.233333587646484,25.58333206176757,25.916667938232425,21.28101921081543,28500
2001-08-02,26.56666755676269,26.64999961853028,26.38333320617676,26.416667938232425,21.69159507751465,64800
2001-08-03,26.416667938232425,26.416667938232425,25.916667938232425,26.08333206176757,21.417877197265625,9600
2001-08-06,25.51666641235352,25.71666717529297,25.46666717529297,25.61666679382324,21.034683227539062,21900
2001-08-07,25.200000762939453,25.21999931335449,25.0,25.21999931335449,20.70895767211914,18600
2001-08-08,25.11333274841309,25.51666641235352,24.933332443237305,24.933332443237305,20.473573684692383,18900
2001-08-09,24.0,24.25,24.0,24.25,19.91246795654297,3000
2001-08-10,24.200000762939453,24.33333206176757,24.200000762939453,24.299999237060547,19.953533172607425,12600
2001-08-13,24.83333206176757,24.933332443237305,24.700000762939453,24.88333320617676,20.432518005371094,24300
2001-08-14,25.06666755676269,25.06666755676269,24.983333587646484,24.983333587646484,20.514629364013672,4200
2001-08-15,24.58333206176757,24.58333206176757,24.00666618347168,24.00666618347168,19.712661743164062,6300
2001-08-16,23.33333206176757,23.700000762939453,23.100000381469727,23.700000762939453,19.460845947265625,13500
2001-08-17,23.33333206176757,23.33333206176757,22.86666679382324,22.86666679382324,18.776567459106445,1500
2001-08-20,23.0,23.14999961853028,22.850000381469727,23.11666679382324,18.98185157775879,32700
2001-08-21,23.100000381469727,23.100000381469727,22.53333282470703,22.53333282470703,18.502859115600582,4200
2001-08-22,22.729999542236328,23.233333587646484,22.5,23.233333587646484,19.07765388488769,8400
2001-08-23,23.3700008392334,23.663333892822266,23.309999465942383,23.350000381469727,19.17344856262207,3000
2001-08-24,23.75666618347168,24.483333587646484,23.666667938232425,24.356666564941406,20.00006484985352,1200
2001-08-27,24.5,25.1299991607666,24.5,24.89999961853028,20.44620513916016,12300
2001-08-28,24.450000762939453,24.549999237060547,24.31666755676269,24.31666755676269,19.96721267700196,3000
2001-08-29,24.433332443237305,24.433332443237305,23.46666717529297,23.46666717529297,19.269256591796875,900
2001-08-30,22.549999237060547,22.83333206176757,22.5,22.83333206176757,18.74920082092285,3600
2001-08-31,22.666667938232425,23.15999984741211,22.666667938232425,22.946666717529297,18.842262268066406,6000
2001-09-04,22.86666679382324,23.156667709350582,22.33333206176757,22.33333206176757,18.338626861572266,3300
2001-09-05,22.24666786193848,22.24666786193848,21.53333282470703,21.56666755676269,17.709102630615234,22500
2001-09-06,21.33333206176757,21.666667938232425,20.46666717529297,20.56666755676269,16.887969970703125,792000
2001-09-07,20.38333320617676,21.226667404174805,20.38333320617676,20.71666717529297,17.011127471923828,9900
2001-09-10,20.61333274841309,20.913333892822266,20.61333274841309,20.696666717529297,16.99471092224121,3900
2001-09-17,19.0,19.59333229064941,18.799999237060547,18.799999237060547,15.437296867370604,24600
2001-09-18,18.75,18.906667709350582,18.503332138061523,18.906667709350582,15.524890899658203,1200
2001-09-19,17.123332977294922,17.316667556762695,15.899999618530272,17.316667556762695,14.219279289245604,40200
2001-09-20,16.549999237060547,17.066667556762695,16.200000762939453,16.200000762939453,13.30235195159912,51000
2001-09-21,15.133333206176758,16.100000381469727,15.133333206176758,15.416666984558104,12.659130096435549,11400
2001-09-24,16.333332061767578,16.950000762939453,16.333332061767578,16.950000762939453,13.91819953918457,28500
2001-09-25,17.233333587646484,17.233333587646484,16.5,16.5,13.548687934875488,12900
2001-09-26,16.899999618530273,16.899999618530273,16.0,16.03333282470703,13.165496826171877,9600
2001-09-27,15.333333015441896,15.550000190734863,14.963333129882812,15.550000190734863,12.7686128616333,3600
2001-09-28,15.916666984558104,16.166667938232422,15.633333206176758,15.983332633972168,13.124438285827637,14400
2001-10-01,15.733332633972168,15.733332633972168,15.449999809265137,15.449999809265137,12.686503410339355,5100
2001-10-02,15.75,15.75,15.166666984558104,15.166666984558104,12.453847885131836,12900
2001-10-03,15.0,16.78333282470703,14.966667175292969,16.616666793823242,13.644495010375977,12900
2001-10-04,17.0,17.979999542236328,16.633333206176758,17.583332061767578,14.438246726989746,22800
2001-10-05,17.333332061767578,17.799999237060547,16.633333206176758,17.690000534057617,14.525834083557127,23700
2001-10-08,17.333332061767578,18.56666755676269,17.299999237060547,18.39999961853028,15.108843803405762,49200
2001-10-09,17.96666717529297,17.96666717529297,17.516666412353516,17.566667556762695,14.424565315246582,22200
2001-10-10,17.53333282470703,18.56666755676269,17.416667938232422,18.56666755676269,15.245694160461426,28200
2001-10-11,19.26333236694336,20.27666664123535,19.26333236694336,20.21333312988281,16.59783172607422,62100
2001-10-12,19.733333587646484,20.01666641235352,19.26666641235352,19.86666679382324,16.31316375732422,26400
2001-10-15,19.71666717529297,19.71666717529297,19.31999969482422,19.450000762939453,15.971033096313477,7800
2001-10-16,19.76666641235352,20.049999237060547,19.5,20.049999237060547,16.46370506286621,6600
2001-10-17,20.549999237060547,20.600000381469727,19.233333587646484,19.233333587646484,15.793107986450195,15000
2001-10-18,18.75,18.88333320617676,18.299999237060547,18.53333282470703,15.21833324432373,13200
2001-10-19,18.14999961853028,18.68000030517578,18.14999961853028,18.68000030517578,15.338760375976562,6900
2001-10-22,18.51666641235352,19.600000381469727,18.51666641235352,19.600000381469727,16.09419822692871,23100
2001-10-23,19.799999237060547,20.08666610717773,19.46999931335449,19.51666641235352,16.02577018737793,4500
2001-10-24,20.06666755676269,20.296667098999023,19.97333335876465,20.1299991607666,16.529403686523438,16800
2001-10-25,19.700000762939453,21.0,19.450000762939453,21.0,17.243789672851562,10200
2001-10-26,21.13333320617676,21.183332443237305,20.799999237060547,21.07999992370605,17.309476852416992,22500
2001-10-29,20.416667938232425,20.416667938232425,19.916667938232425,19.916667938232425,16.354228973388672,7500
2001-10-30,19.183332443237305,19.183332443237305,18.676666259765625,18.71666717529297,15.36887264251709,16800
2001-10-31,19.43666648864746,20.046667098999023,19.406667709350582,19.406667709350582,15.935457229614258,8100
2001-11-01,19.78333282470703,20.64666748046875,19.78333282470703,20.600000381469727,16.915334701538086,3612900
2001-11-02,20.983333587646484,20.99666786193848,20.503332138061523,20.799999237060547,17.079561233520508,2115300
2001-11-05,21.549999237060547,21.6299991607666,21.433332443237305,21.6299991607666,17.761104583740234,2100
2001-11-06,21.200000762939453,22.28333282470703,21.200000762939453,22.233333587646484,18.25652313232422,13500
2001-11-07,22.059999465942383,22.63666725158692,22.020000457763672,22.3933334350586,18.387901306152344,144000
2001-11-08,22.666667938232425,23.17333221435547,21.76666641235352,21.786666870117188,17.889741897583008,627300
2001-11-09,22.00666618347168,22.200000762939453,21.753332138061523,21.96333312988281,18.03481101989746,207900
2001-11-12,21.53333282470703,22.51666641235352,21.5,22.38999938964844,18.38515853881836,76800
2001-11-13,23.233333587646484,23.46666717529297,22.97333335876465,23.38333320617676,19.20081901550293,18900
2001-11-14,24.0,24.0,22.96666717529297,23.5,19.296613693237305,60900
2001-11-15,23.38333320617676,23.58333206176757,23.049999237060547,23.26666641235352,19.105018615722656,200400
2001-11-16,23.416667938232425,23.46666717529297,23.0,23.183332443237305,19.036592483520508,24600
2001-11-19,23.42333221435547,23.44333267211914,22.75,23.08666610717773,18.957218170166016,24300
2001-11-20,22.78333282470703,22.83333206176757,21.77666664123535,21.77666664123535,17.88153076171875,29100
2001-11-21,21.683332443237305,22.049999237060547,21.51333236694336,22.049999237060547,18.105972290039062,42300
2001-11-23,22.049999237060547,22.46999931335449,22.049999237060547,22.416667938232425,18.40705299377441,13200
2001-11-26,22.733333587646484,23.33333206176757,22.733333587646484,23.31999969482422,19.1488094329834,9300
2001-11-27,22.799999237060547,23.89666748046875,22.656667709350582,23.34333229064941,19.16797065734864,43500
2001-11-28,23.01666641235352,23.01666641235352,22.303333282470703,22.303333282470703,18.313995361328125,18600
2001-11-29,22.433332443237305,22.946666717529297,22.21666717529297,22.913333892822266,18.81488609313965,19200
2001-11-30,22.63333320617676,22.709999084472656,22.34000015258789,22.61333274841309,18.568546295166016,50400
2001-12-03,22.36666679382324,22.6433334350586,22.21666717529297,22.31666755676269,18.32494354248047,10500
2001-12-04,22.683332443237305,23.416667938232425,22.683332443237305,23.416667938232425,19.228191375732425,14400
2001-12-05,24.08333206176757,25.46666717529297,24.08333206176757,25.28333282470703,20.760974884033203,33000
2001-12-06,25.11666679382324,25.43666648864746,24.85333251953125,25.11666679382324,20.624122619628903,28500
2001-12-07,24.933332443237305,24.933332443237305,24.0,24.21666717529297,19.88509750366211,19200
2001-12-10,24.13333320617676,24.13333320617676,23.656667709350582,23.700000762939453,19.460845947265625,132000
2001-12-11,24.13333320617676,24.433332443237305,23.93666648864746,23.953332901000977,19.668869018554688,30600
2001-12-12,24.21666717529297,24.309999465942383,23.75,23.88333320617676,19.611387252807617,4800
2001-12-13,23.58333206176757,23.58333206176757,22.753332138061523,22.753332138061523,18.683500289916992,36600
2001-12-14,22.916667938232425,23.38666725158692,22.75,23.21999931335449,19.06670379638672,75900
2001-12-17,23.543333053588867,23.850000381469727,23.49666786193848,23.733333587646484,19.48822021484375,31500
2001-12-18,23.96333312988281,23.96333312988281,23.71666717529297,23.916667938232425,19.63875961303711,45000
2001-12-19,23.0,23.30666732788086,22.683332443237305,22.683332443237305,18.62602996826172,519600
2001-12-20,22.33333206176757,22.433332443237305,21.52666664123535,21.536666870117188,17.684459686279297,62400
2001-12-21,22.0,22.07999992370605,21.86666679382324,22.07999992370605,18.130615234375,24900
2001-12-24,22.03333282470703,22.03333282470703,21.916667938232425,21.916667938232425,17.996492385864258,4500
2001-12-26,22.36333274841309,22.540000915527344,22.040000915527344,22.183332443237305,18.2154541015625,34200
2001-12-27,22.33666610717773,22.57666778564453,22.33666610717773,22.52666664123535,18.49738502502441,103800
2001-12-28,22.799999237060547,22.959999084472656,22.56666755676269,22.71666717529297,18.653396606445312,132300
2001-12-31,22.733333587646484,22.733333587646484,22.100000381469727,22.166667938232425,18.201780319213867,23100
2002-01-02,22.63333320617676,23.06666755676269,22.46666717529297,23.06666755676269,18.9407958984375,207900
2002-01-03,23.5,24.906667709350582,23.5,24.83333206176757,20.39146041870117,251700
2002-01-04,25.299999237060547,25.32999992370605,24.299999237060547,24.74666786193848,20.32030296325684,111600
2002-01-07,25.0,25.0,24.13333320617676,24.203332901000977,19.8741512298584,24900
2002-01-08,24.15333366394043,24.663333892822266,23.983333587646484,24.26666641235352,19.92615509033203,79500
2002-01-09,24.666667938232425,25.036666870117188,24.13333320617676,24.13333320617676,19.81666755676269,19200
2002-01-10,24.036666870117188,24.15333366394043,23.82333374023437,23.86000061035156,19.592220306396484,32700
2002-01-11,24.26666641235352,24.26666641235352,23.666667938232425,23.733333587646484,19.48822021484375,43800
2002-01-14,23.666667938232425,23.676666259765625,23.253332138061523,23.270000457763672,19.107755661010746,52200
2002-01-15,23.549999237060547,23.549999237060547,23.003332138061523,23.33333206176757,19.159761428833008,765300
2002-01-16,22.64999961853028,22.82333374023437,22.34666633605957,22.34666633605957,18.34958267211914,1594800
2002-01-17,22.700000762939453,22.916667938232425,22.31666755676269,22.88333320617676,18.790266036987305,25200
2002-01-18,22.166667938232425,22.559999465942383,22.166667938232425,22.299999237060547,18.31125831604004,18000
2002-01-22,22.433332443237305,22.433332443237305,21.299999237060547,21.299999237060547,17.490123748779297,16500
2002-01-23,21.75,22.053333282470703,21.36666679382324,21.933332443237305,18.010168075561523,34500
2002-01-24,22.13333320617676,22.57333374023437,22.13333320617676,22.273332595825195,18.289365768432617,27900
2002-01-25,22.25666618347168,22.666667938232425,22.166667938232425,22.489999771118164,18.46727752685547,4500
2002-01-28,22.799999237060547,22.96666717529297,22.540000915527344,22.88666725158692,18.79298591613769,9300
2002-01-29,23.25,23.25,22.293333053588867,22.36000061035156,18.360536575317383,27300
2002-01-30,22.233333587646484,22.933332443237305,22.233333587646484,22.933332443237305,18.83131217956543,16800
2002-01-31,23.33333206176757,23.33333206176757,22.809999465942383,23.11333274841309,18.979114532470703,12600
2002-02-01,22.983333587646484,22.983333587646484,22.88333320617676,22.88333320617676,18.790266036987305,7200
2002-02-04,22.916667938232425,22.916667938232425,22.299999237060547,22.456666946411133,18.43990135192871,14400
2002-02-05,22.33333206176757,22.57999992370605,22.13333320617676,22.13333320617676,18.17440414428711,2700
2002-02-06,22.33333206176757,22.33333206176757,21.950000762939453,22.06666755676269,18.119659423828125,429900
2002-02-07,21.78333282470703,22.100000381469727,21.350000381469727,21.350000381469727,17.531190872192383,11400
2002-02-08,21.53333282470703,21.82999992370605,21.206666946411133,21.81666755676269,17.914382934570312,62100
2002-02-11,22.049999237060547,22.65999984741211,22.049999237060547,22.65999984741211,18.606876373291016,207000
2002-02-12,22.46666717529297,22.92333221435547,22.26000022888184,22.53333282470703,18.502859115600582,14700
2002-02-13,22.99333381652832,23.049999237060547,22.96999931335449,23.03333282470703,18.91342544555664,9900
2002-02-14,23.270000457763672,23.34666633605957,22.773332595825195,22.90999984741211,18.81214904785156,12900
2002-02-15,22.700000762939453,22.700000762939453,22.36000061035156,22.36000061035156,18.360536575317383,1800
2002-02-19,22.0,22.00666618347168,21.3799991607666,21.3799991607666,17.55581283569336,26400
2002-02-20,21.600000381469727,21.81666755676269,20.940000534057617,21.81666755676269,17.914382934570312,38700
2002-02-21,21.11333274841309,21.25666618347168,20.416667938232425,20.46666717529297,16.805849075317383,246300
2002-02-22,20.5,20.6200008392334,20.18000030517578,20.553333282470703,16.87702178955078,104400
2002-02-25,20.71666717529297,21.733333587646484,20.71666717529297,21.63333320617676,17.763835906982422,182100
2002-02-26,21.75,21.799999237060547,21.1433334350586,21.31666755676269,17.503820419311523,14700
2002-02-27,21.63333320617676,21.93000030517578,21.07333374023437,21.21999931335449,17.424436569213867,90300
2002-02-28,21.3933334350586,21.3933334350586,20.56666755676269,20.56666755676269,16.887969970703125,325500
2002-03-01,21.25,22.53333282470703,21.25,22.47333335876465,18.453598022460938,250200
2002-03-04,22.83333206176757,24.049999237060547,22.63666725158692,23.950000762939453,19.6661319732666,172800
2002-03-05,23.88333320617676,24.53333282470703,23.88333320617676,24.356666564941406,20.00006484985352,492600
2002-03-06,24.13333320617676,24.39999961853028,23.67333221435547,24.30666732788086,19.95899772644043,504600
2002-03-07,24.83333206176757,24.89666748046875,24.14999961853028,24.51333236694336,20.128700256347656,304200
2002-03-08,25.06666755676269,25.50666618347168,25.06666755676269,25.39999961853028,20.85676956176757,40500
2002-03-11,24.89999961853028,25.19333267211914,24.51666641235352,24.8933334350586,20.440732955932617,145800
2002-03-12,23.86666679382324,24.106666564941406,23.75,24.01000022888184,19.715394973754883,18900
2002-03-13,23.58333206176757,23.65999984741211,23.166667938232425,23.356666564941406,19.17892265319824,330000
2002-03-14,23.58333206176757,23.58333206176757,23.226667404174805,23.293333053588867,19.12692070007324,9600
2002-03-15,23.26666641235352,23.700000762939453,23.26666641235352,23.63666725158692,19.40883445739746,32400
2002-03-18,24.200000762939453,24.433332443237305,23.86666679382324,23.916667938232425,19.63875961303711,45300
2002-03-19,24.046667098999023,24.31333351135254,23.983333587646484,24.06666755676269,19.76193046569824,42900
2002-03-20,23.48666763305664,23.58333206176757,23.23666763305664,23.23666763305664,19.08039283752441,22500
2002-03-21,23.33333206176757,23.83333206176757,23.12666702270508,23.83333206176757,19.570331573486328,217500
2002-03-22,23.76666641235352,23.88333320617676,23.56666755676269,23.56666755676269,19.35135078430176,20100
2002-03-25,23.63333320617676,23.799999237060547,22.92333221435547,22.92333221435547,18.82309913635254,27000
2002-03-26,22.96666717529297,23.56333351135254,22.81666755676269,23.28333282470703,19.118701934814453,27900
2002-03-27,23.39999961853028,23.479999542236328,23.12333297729492,23.31999969482422,19.1488094329834,310200
2002-03-28,23.81666755676269,24.0,23.74333381652832,23.74333381652832,19.49643325805664,481500
2002-04-01,23.46666717529297,24.49666786193848,23.46666717529297,24.33333206176757,19.98090362548828,128100
2002-04-02,24.06666755676269,24.06666755676269,23.6200008392334,23.6200008392334,19.395160675048828,21300
2002-04-03,23.549999237060547,23.56666755676269,22.926666259765625,23.1200008392334,18.98459243774414,237000
2002-04-04,23.38333320617676,23.38333320617676,22.950000762939453,23.200000762939453,19.050281524658203,468000
2002-04-05,23.100000381469727,23.11666679382324,22.933332443237305,23.00666618347168,18.89152336120605,4500
2002-04-08,22.24333381652832,23.03333282470703,22.08333206176757,22.933332443237305,18.83131217956543,33600
2002-04-09,22.850000381469727,22.850000381469727,22.350000381469727,22.416667938232425,18.40705299377441,36900
2002-04-10,22.46666717529297,22.56666755676269,21.85333251953125,22.5,18.47548484802246,92700
2002-04-11,22.200000762939453,22.49333381652832,21.913333892822266,22.049999237060547,18.105972290039062,24000
2002-04-12,22.200000762939453,22.233333587646484,21.803333282470703,22.166667938232425,18.201780319213867,42300
2002-04-15,22.5,22.666667938232425,22.200000762939453,22.64999961853028,18.5986557006836,28500
2002-04-16,23.666667938232425,23.98666763305664,23.6200008392334,23.88666725158692,19.614126205444336,46500
2002-04-17,24.299999237060547,24.690000534057617,24.09000015258789,24.406667709350582,20.04111671447754,1386600
2002-04-18,23.916667938232425,24.08333206176757,23.33333206176757,23.676666259765625,19.441694259643555,34800
2002-04-19,23.83333206176757,23.983333587646484,23.299999237060547,23.36666679382324,19.187129974365234,37500
2002-04-22,23.03333282470703,23.03333282470703,22.76666641235352,22.950000762939453,18.84500312805176,471300
2002-04-23,23.049999237060547,23.28333282470703,22.413333892822266,22.5,18.47548484802246,67800
2002-04-24,22.700000762939453,22.76666641235352,21.733333587646484,21.76666641235352,17.873323440551758,41400
2002-04-25,21.733333587646484,21.983333587646484,21.450000762939453,21.950000762939453,18.02386474609375,251400
2002-04-26,22.166667938232425,22.200000762939453,20.976667404174805,21.0,17.243789672851562,239400
2002-04-29,21.14999961853028,21.62666702270508,20.86000061035156,21.049999237060547,17.284841537475586,209400
2002-04-30,21.11666679382324,21.950000762939453,21.11666679382324,21.5,17.654359817504883,93300
2002-05-01,21.433332443237305,21.82666778564453,20.856666564941406,21.57999992370605,17.72004508972168,27900
2002-05-02,21.56666755676269,21.916667938232425,20.656667709350582,20.700000762939453,16.997447967529297,89400
2002-05-03,20.416667938232425,20.416667938232425,19.64999961853028,19.84666633605957,16.296751022338867,99300
2002-05-06,20.08333206176757,20.26666641235352,19.406667709350582,19.450000762939453,15.971033096313477,21300
2002-05-07,19.51666641235352,19.63999938964844,18.950000762939453,19.33333206176757,15.875236511230469,542700
2002-05-08,20.733333587646484,21.709999084472656,20.61666679382324,21.600000381469727,17.736469268798828,215100
2002-05-09,21.53333282470703,21.61333274841309,20.89999961853028,21.25666618347168,17.454547882080078,46800
2002-05-10,21.049999237060547,21.049999237060547,19.906667709350582,20.059999465942383,16.471920013427734,72900
2002-05-13,20.38333320617676,21.1299991607666,20.33333206176757,21.1299991607666,17.35053253173828,37800
2002-05-14,22.350000381469727,22.53333282470703,22.003332138061523,22.48666763305664,18.464534759521484,107700
2002-05-15,22.0,23.049999237060547,21.81999969482422,22.303333282470703,18.313995361328125,87300
2002-05-16,22.33333206176757,22.6299991607666,22.03333282470703,22.6299991607666,18.582231521606445,42600
2002-05-17,22.933332443237305,22.946666717529297,22.33333206176757,22.64666748046875,18.59592056274414,40800
2002-05-20,22.433332443237305,22.46666717529297,22.166667938232425,22.36333274841309,18.363269805908203,17700
2002-05-21,22.433332443237305,22.53333282470703,21.56333351135254,21.75,17.859636306762695,45000
2002-05-22,21.5,21.83333206176757,21.14999961853028,21.21333312988281,17.418964385986328,147000
2002-05-23,21.666667938232425,21.666667938232425,21.0,21.663333892822266,17.788469314575195,41700
2002-05-24,20.89999961853028,21.030000686645508,20.78333282470703,20.89999961853028,17.161670684814453,49500
2002-05-28,21.0,21.0,20.56666755676269,20.81666755676269,17.093246459960938,16200
2002-05-29,20.33333206176757,20.413333892822266,20.13333320617676,20.18666648864746,16.5759334564209,38400
2002-05-30,19.733333587646484,20.11666679382324,19.450000762939453,19.96333312988281,16.392541885375977,57300
2002-05-31,20.21666717529297,20.46666717529297,19.916667938232425,19.933332443237305,16.367910385131836,375600
2002-06-03,19.700000762939453,19.700000762939453,18.916667938232425,18.96666717529297,15.574148178100586,80700
2002-06-04,18.89999961853028,19.600000381469727,18.799999237060547,19.3799991607666,15.91355037689209,65400
2002-06-05,19.56666755676269,19.56666755676269,19.0,19.49666786193848,16.009349822998047,40500
2002-06-06,18.93666648864746,19.01666641235352,18.63333320617676,18.796667098999023,15.43455696105957,91500
2002-06-07,17.600000381469727,18.21666717529297,17.333332061767578,18.21333312988281,14.955564498901367,100800
2002-06-10,18.166667938232425,18.413333892822266,17.989999771118164,18.02666664123535,14.80228042602539,359100
2002-06-11,18.08666610717773,18.1299991607666,17.25,17.25,14.164538383483888,324900
2002-06-12,17.450000762939453,17.816667556762695,17.023332595825195,17.780000686645508,14.599742889404297,94800
2002-06-13,17.636667251586914,18.11333274841309,17.446666717529297,17.536666870117188,14.399932861328123,1902600
2002-06-14,16.666667938232422,17.666667938232422,16.600000381469727,17.5,14.369827270507812,42600
2002-06-17,17.950000762939453,18.549999237060547,17.950000762939453,18.38333320617676,15.095160484313965,53700
2002-06-18,18.36666679382324,18.89999961853028,18.166667938232425,18.166667938232425,14.917245864868164,68400
2002-06-19,17.516666412353516,17.75,16.916667938232422,16.950000762939453,13.91819953918457,352500
2002-06-20,17.25,17.25,16.083332061767578,16.200000762939453,13.30235195159912,125700
2002-06-21,16.170000076293945,16.376667022705078,15.68333339691162,15.760000228881836,12.94105339050293,125700
2002-06-24,15.783332824707031,16.549999237060547,15.56666660308838,16.46666717529297,13.521319389343262,62100
2002-06-25,16.583332061767578,16.583332061767578,15.483332633972168,15.56666660308838,12.78230094909668,76800
2002-06-26,14.800000190734863,15.56666660308838,14.800000190734863,15.50333309173584,12.73029327392578,26700
2002-06-27,16.166667938232422,16.3799991607666,15.75,16.233333587646484,13.32972526550293,240300
2002-06-28,16.266666412353516,16.703332901000977,15.949999809265137,15.970000267028809,13.113487243652344,105000
2002-07-01,16.100000381469727,16.21666717529297,15.25,15.25,12.5222749710083,75600
2002-07-02,15.0,15.116666793823242,14.56666660308838,14.696666717529297,12.067914009094238,51000
2002-07-03,14.416666984558104,15.216667175292969,14.416666984558104,15.199999809265137,12.48121738433838,70200
2002-07-05,16.0,16.450000762939453,15.93333339691162,16.450000762939453,13.507636070251465,39000
2002-07-08,16.483333587646484,16.483333587646484,15.833333015441896,15.833333015441896,13.00126838684082,16800
2002-07-09,15.600000381469728,15.616666793823242,15.266667366027832,15.266667366027832,12.535962104797363,29400
2002-07-10,15.449999809265137,15.453332901000977,14.696666717529297,14.796667098999023,12.150031089782717,36900
2002-07-11,14.516667366027832,15.539999961853027,14.380000114440918,15.539999961853027,12.760401725769045,107400
2002-07-12,15.666666984558104,15.983332633972168,15.42666721343994,15.84333324432373,13.009474754333496,114000
2002-07-15,15.466667175292969,16.0,15.24666690826416,15.883333206176758,13.04232120513916,63600
2002-07-16,16.399999618530273,16.933332443237305,16.0,16.209999084472656,13.31056022644043,239700
2002-07-17,17.183332443237305,17.183332443237305,15.93000030517578,16.28333282470703,13.37077808380127,317100
2002-07-18,16.22333335876465,16.433332443237305,15.83666706085205,15.916666984558104,13.069696426391602,61200
2002-07-19,15.583333015441896,16.053333282470703,15.366666793823242,15.466667175292969,12.700185775756836,149400
2002-07-22,15.5,15.726667404174805,15.0,15.116666793823242,12.41279125213623,150300
2002-07-23,15.083333015441896,15.270000457763672,14.333333015441896,14.333333015441896,11.769567489624023,245100
2002-07-24,13.866666793823242,14.936667442321776,13.866666793823242,14.936667442321776,12.264986038208008,103800
2002-07-25,14.383333206176758,14.383333206176758,12.973333358764648,13.526666641235352,11.107190132141112,259500
2002-07-26,13.56666660308838,13.596667289733888,12.916666984558104,13.216667175292969,10.852638244628906,89400
2002-07-29,13.699999809265137,14.17666721343994,13.466667175292969,14.133333206176758,11.6053466796875,77100
2002-07-30,14.18000030517578,14.643333435058594,13.9399995803833,14.516667366027832,11.920109748840332,69000
2002-07-31,14.19333267211914,14.216667175292969,13.65999984741211,13.800000190734863,11.331635475158691,72600
2002-08-01,13.699999809265137,13.899999618530272,13.039999961853027,13.039999961853027,10.707571029663086,51600
2002-08-02,13.0,13.0,12.32333278656006,12.50333309173584,10.26689624786377,153900
2002-08-05,12.5,12.50333309173584,11.703332901000977,11.796667098999023,9.686628341674805,80100
2002-08-06,12.25,12.81999969482422,12.233332633972168,12.5,10.264156341552734,76800
2002-08-07,13.216667175292969,13.216667175292969,12.166666984558104,12.763333320617676,10.480391502380373,217800
2002-08-08,12.536666870117188,13.333333015441896,12.383333206176758,13.236666679382324,10.869058609008787,54300
2002-08-09,12.866666793823242,13.256667137145996,12.770000457763672,13.166666984558104,10.811580657958984,78000
2002-08-12,12.766667366027832,12.899999618530272,12.716667175292969,12.850000381469728,10.551558494567873,104400
2002-08-13,12.866666793823242,13.270000457763672,12.386667251586914,12.386667251586914,10.171097755432127,30600
2002-08-14,12.350000381469728,13.18333339691162,12.203332901000977,13.143333435058594,10.792420387268066,85200
2002-08-15,13.383333206176758,13.58666706085205,13.033332824707031,13.416666984558104,11.01686191558838,109200
2002-08-16,13.300000190734863,14.449999809265137,13.283332824707031,14.25,11.701143264770508,243600
2002-08-19,14.25,15.083333015441896,14.229999542236328,14.920000076293944,12.251300811767578,129300
2002-08-20,14.666666984558104,14.666666984558104,14.216667175292969,14.283332824707031,11.728508949279783,124200
2002-08-21,14.716667175292969,14.99666690826416,14.356666564941406,14.883333206176758,12.22119426727295,66300
2002-08-22,14.883333206176758,15.273332595825195,14.68333339691162,14.966667175292969,12.289618492126465,170100
2002-08-23,14.466667175292969,14.623332977294922,14.0,14.079999923706056,11.561551094055176,120000
2002-08-26,14.0,14.206666946411133,13.670000076293944,14.096667289733888,11.575233459472656,73800
2002-08-27,14.149999618530272,14.149999618530272,13.366666793823242,13.466667175292969,11.05792236328125,135900
2002-08-28,13.016667366027832,13.289999961853027,12.706666946411133,12.770000457763672,10.485862731933594,70200
2002-08-29,12.5,13.00333309173584,12.363332748413086,12.813332557678224,10.521448135375977,136800
2002-08-30,12.546667098999023,12.949999809265137,12.546667098999023,12.666666984558104,10.401015281677246,150000
2002-09-03,12.41333293914795,12.41333293914795,11.966667175292969,12.033332824707031,9.88096523284912,83400
2002-09-04,12.0,12.216667175292969,11.649999618530272,12.100000381469728,9.935707092285156,157200
2002-09-05,11.866666793823242,11.866666793823242,11.5600004196167,11.58666706085205,9.514190673828123,143400
2002-09-06,12.300000190734863,12.350000381469728,12.170000076293944,12.270000457763672,10.07529640197754,120000
2002-09-09,11.93333339691162,12.263333320617676,11.81666660308838,12.233332633972168,10.045191764831545,93000
2002-09-10,12.266667366027832,12.729999542236328,12.233332633972168,12.513333320617676,10.275110244750977,99900
2002-09-11,13.06666660308838,13.06666660308838,12.703332901000977,12.716667175292969,10.442075729370115,166200
2002-09-12,12.25,12.313332557678224,11.90666675567627,11.90666675567627,9.776955604553224,131400
2002-09-13,11.766667366027832,12.006667137145996,11.633333206176758,11.733332633972168,9.63462734222412,169200
2002-09-16,11.533332824707031,11.533332824707031,11.133333206176758,11.216667175292969,9.210372924804688,192300
2002-09-17,11.699999809265137,11.699999809265137,10.920000076293944,10.979999542236328,9.016039848327637,264900
2002-09-18,10.766667366027832,11.0,10.603333473205566,10.783332824707031,8.8545503616333,846300
2002-09-19,10.5600004196167,10.793333053588867,10.41333293914795,10.520000457763672,8.638319969177246,274800
2002-09-20,10.626667022705078,10.6899995803833,10.303333282470703,10.363332748413086,8.509674072265625,48900
2002-09-23,10.199999809265137,10.199999809265137,9.720000267028809,9.896666526794434,8.12647533416748,193800
2002-09-24,9.796667098999023,10.25,9.773332595825195,9.93000030517578,8.153851509094238,168600
2002-09-25,10.216667175292969,10.776666641235352,10.0600004196167,10.616666793823242,8.717692375183105,193500
2002-09-26,10.716667175292969,10.84333324432373,10.1899995803833,10.399999618530272,8.539780616760254,68400
2002-09-27,10.220000267028809,10.616666793823242,10.143333435058594,10.153332710266112,8.337235450744629,42300
2002-09-30,9.833333015441896,9.896666526794434,9.69333267211914,9.84333324432373,8.082681655883789,29100
2002-10-01,10.06666660308838,10.399999618530272,9.720000267028809,10.399999618530272,8.539780616760254,57300
2002-10-02,10.333333015441896,10.766667366027832,10.153332710266112,10.203332901000977,8.378289222717285,217800
2002-10-03,10.020000457763672,10.06666660308838,9.80666732788086,9.899999618530272,8.129209518432617,41400
2002-10-04,9.850000381469728,9.850000381469728,9.279999732971191,9.383333206176758,7.704967975616455,435600
2002-10-07,9.119999885559082,9.293333053588867,8.963333129882812,8.963333129882812,7.360085010528564,44400
2002-10-08,9.100000381469728,9.100000381469728,8.616666793823242,8.866666793823242,7.280710220336914,106500
2002-10-09,8.75,9.050000190734863,8.649999618530273,8.649999618530273,7.102797031402588,60000
2002-10-10,8.699999809265137,9.523332595825195,8.699999809265137,9.34333324432373,7.672112941741943,686700
2002-10-11,9.800000190734863,10.40999984741211,9.800000190734863,10.18333339691162,8.361865997314453,661500
2002-10-14,10.050000190734863,10.283332824707031,9.916666984558104,10.216667175292969,8.389236450195312,100200
2002-10-15,11.149999618530272,11.229999542236328,10.9399995803833,11.229999542236328,9.221321105957031,143400
2002-10-16,10.266667366027832,10.333333015441896,10.0,10.0,8.21132755279541,127200
2002-10-17,10.760000228881836,10.90666675567627,10.619999885559082,10.756667137145996,8.83265209197998,282600
2002-10-18,10.50333309173584,11.020000457763672,10.399999618530272,10.94333267211914,8.98592758178711,140400
2002-10-21,10.800000190734863,11.616666793823242,10.653332710266112,11.616666793823242,9.538826942443848,95100
2002-10-22,10.766667366027832,11.203332901000977,10.699999809265137,10.833333015441896,8.89560317993164,106200
2002-10-23,10.989999771118164,11.68333339691162,10.81999969482422,11.666666984558104,9.57988166809082,66900
2002-10-24,11.800000190734863,12.100000381469728,11.286666870117188,11.333333015441896,9.306169509887695,276300
2002-10-25,11.403332710266112,11.899999618530272,11.403332710266112,11.880000114440918,9.75505828857422,78900
2002-10-28,12.266667366027832,12.350000381469728,11.893333435058594,11.963333129882812,9.823485374450684,75900
2002-10-29,11.953332901000977,12.06666660308838,11.09000015258789,11.563332557678224,9.495031356811523,165000
2002-10-30,11.670000076293944,12.346667289733888,11.603333473205566,12.206666946411133,10.023293495178224,104700
2002-10-31,12.399999618530272,12.493332862854004,12.06666660308838,12.166666984558104,9.990452766418455,64500
2002-11-01,12.033332824707031,12.883333206176758,12.033332824707031,12.760000228881836,10.477654457092283,132000
2002-11-04,13.333333015441896,13.93000030517578,13.270000457763672,13.449999809265137,11.044233322143556,570300
2002-11-05,13.166666984558104,13.483332633972168,12.883333206176758,13.199999809265137,10.83895492553711,107400
2002-11-06,13.399999618530272,13.699999809265137,13.023332595825195,13.56999969482422,11.142770767211914,150600
2002-11-07,13.166666984558104,13.196666717529297,12.600000381469728,12.616666793823242,10.35995864868164,428700
2002-11-08,12.666666984558104,12.743332862854004,12.216667175292969,12.399999618530272,10.182045936584473,188100
2002-11-11,12.100000381469728,12.100000381469728,11.58666706085205,11.733332633972168,9.63462734222412,207000
2002-11-12,11.916666984558104,12.513333320617676,11.853333473205566,12.166666984558104,9.990452766418455,96600
2002-11-13,12.149999618530272,12.446666717529297,11.916666984558104,12.106666564941406,9.941177368164062,81000
2002-11-14,12.666666984558104,13.126667022705078,12.516667366027832,13.100000381469728,10.75683879852295,308700
2002-11-15,12.733332633972168,13.18000030517578,12.673333168029783,13.100000381469728,10.75683879852295,184200
2002-11-18,13.416666984558104,13.57333278656006,13.149999618530272,13.149999618530272,10.797896385192873,100200
2002-11-19,13.076666831970217,13.18000030517578,12.736666679382324,12.81666660308838,10.524185180664062,201900
2002-11-20,13.029999732971191,13.74666690826416,13.026666641235352,13.643333435058594,11.202984809875488,93000
2002-11-21,14.116666793823242,14.833333015441896,14.100000381469728,14.833333015441896,12.180136680603027,270300
2002-11-22,14.43333339691162,14.896666526794434,14.43333339691162,14.696666717529297,12.067914009094238,355800
2002-11-25,14.949999809265137,15.256667137145996,14.803333282470703,15.186667442321776,12.4702730178833,225300
2002-11-26,14.866666793823242,15.0,14.470000267028809,14.553333282470703,11.950218200683594,126900
2002-11-27,15.0,15.49666690826416,14.93333339691162,15.446666717529297,12.683762550354004,152700
2002-11-29,15.600000381469728,15.600000381469728,15.06666660308838,15.06666660308838,12.371729850769045,81000
2002-12-02,15.949999809265137,16.0,15.083333015441896,15.266667366027832,12.535962104797363,816600
2002-12-03,14.833333015441896,14.876667022705078,14.366666793823242,14.453332901000977,11.86810302734375,305100
2002-12-04,13.5,13.890000343322754,13.386667251586914,13.606666564941406,11.172881126403809,1289400
2002-12-05,13.75,13.793333053588867,13.333333015441896,13.533332824707031,11.112664222717283,562500
2002-12-06,13.083333015441896,13.630000114440918,13.083333015441896,13.386667251586914,10.992230415344238,412200
2002-12-09,13.083333015441896,13.100000381469728,12.470000267028809,12.583333015441896,10.332590103149414,367800
2002-12-10,12.733332633972168,13.166666984558104,12.533332824707031,13.149999618530272,10.797896385192873,252600
2002-12-11,12.833333015441896,13.333333015441896,12.783332824707031,13.050000190734863,10.715785026550291,146100
2002-12-12,13.083333015441896,13.31666660308838,12.826666831970217,12.916666984558104,10.606298446655272,706500
2002-12-13,12.600000381469728,12.66333293914795,12.466667175292969,12.50333309173584,10.26689624786377,273000
2002-12-16,12.56666660308838,13.116666793823242,12.453332901000977,13.083333015441896,10.743152618408203,102900
2002-12-17,12.916666984558104,13.243332862854004,12.733332633972168,12.803333282470703,10.513238906860352,1558200
2002-12-18,12.333333015441896,12.333333015441896,11.886667251586914,11.989999771118164,9.845381736755373,228300
2002-12-19,12.0,12.19333267211914,11.673333168029783,11.896666526794434,9.768741607666016,394200
2002-12-20,11.966667175292969,12.133333206176758,11.83666706085205,11.923333168029783,9.790639877319336,520200
2002-12-23,11.966667175292969,12.273332595825195,11.966667175292969,12.149999618530272,9.976766586303713,988200
2002-12-24,12.133333206176758,12.166666984558104,11.966667175292969,11.983332633972168,9.839906692504885,35700
2002-12-26,12.263333320617676,12.386667251586914,11.899999618530272,11.93333339691162,9.798850059509276,60000
2002-12-27,11.986666679382324,12.016667366027832,11.800000190734863,11.850000381469728,9.730422973632812,179700
2002-12-30,12.033332824707031,12.033332824707031,11.506667137145996,11.600000381469728,9.525140762329102,168600
2002-12-31,11.5,11.673333168029783,11.353333473205566,11.5600004196167,9.49229621887207,119400
2003-01-02,11.766667366027832,12.346667289733888,11.5600004196167,12.326666831970217,10.121831893920898,386100
2003-01-03,12.31666660308838,12.579999923706056,12.203332901000977,12.513333320617676,10.275110244750977,114600
2003-01-06,12.766667366027832,13.279999732971191,12.716667175292969,13.149999618530272,10.797896385192873,130800
2003-01-07,13.266667366027832,13.513333320617676,13.00333309173584,13.083333015441896,10.743152618408203,97200
2003-01-08,12.916666984558104,12.93333339691162,12.529999732971191,12.59333324432373,10.340797424316406,83700
2003-01-09,12.93333339691162,13.263333320617676,12.93333339691162,12.979999542236328,10.658302307128906,348600
2003-01-10,12.833333015441896,13.366666793823242,12.736666679382324,13.270000457763672,10.896431922912598,254700
2003-01-13,13.576666831970217,13.576666831970217,12.93333339691162,13.063332557678224,10.726731300354004,77400
2003-01-14,13.033332824707031,13.356666564941406,12.966667175292969,13.100000381469728,10.75683879852295,97200
2003-01-15,13.083333015441896,13.083333015441896,12.699999809265137,12.833333015441896,10.537872314453123,70800
2003-01-16,12.833333015441896,12.833333015441896,12.356666564941406,12.383333206176758,10.168363571166992,587700
2003-01-17,11.916666984558104,12.013333320617676,11.649999618530272,11.666666984558104,9.57988166809082,707700
2003-01-21,11.833333015441896,11.863332748413086,11.506667137145996,11.59000015258789,9.516924858093262,70800
2003-01-22,11.583333015441896,11.796667098999023,11.506667137145996,11.510000228881836,9.451238632202148,121800
2003-01-23,11.833333015441896,11.986666679382324,11.636667251586914,11.92666721343994,9.79337215423584,499200
2003-01-24,11.699999809265137,11.699999809265137,11.333333015441896,11.43333339691162,9.388283729553224,123600
2003-01-27,11.266667366027832,11.40999984741211,11.133333206176758,11.216667175292969,9.210372924804688,168000
2003-01-28,11.333333015441896,11.43333339691162,11.133333206176758,11.33666706085205,9.30890941619873,126600
2003-01-29,11.136667251586914,11.74666690826416,11.133333206176758,11.633333206176758,9.552509307861328,155100
2003-01-30,11.649999618530272,11.649999618530272,11.06999969482422,11.07333278656006,9.09267520904541,138600
2003-01-31,10.600000381469728,11.113332748413086,10.56999969482422,11.0,9.032459259033203,322500
2003-02-03,11.0,11.24666690826416,10.99666690826416,11.0,9.032459259033203,3028500
2003-02-04,10.800000190734863,10.9399995803833,10.800000190734863,10.826666831970217,8.890135765075684,49500
2003-02-05,11.0,11.3100004196167,10.866666793823242,10.899999618530272,8.950346946716309,52800
2003-02-06,10.866666793823242,10.923333168029783,10.68333339691162,10.706666946411133,8.791596412658691,71400
2003-02-07,10.81666660308838,10.81666660308838,10.596667289733888,10.600000381469728,8.704007148742676,32700
2003-02-10,10.600000381469728,10.776666641235352,10.473333358764648,10.776666641235352,8.849079132080078,50700
2003-02-11,10.850000381469728,11.046667098999023,10.75333309173584,10.779999732971191,8.851813316345215,33300
2003-02-12,10.84333324432373,10.979999542236328,10.733332633972168,10.776666641235352,8.849079132080078,40200
2003-02-13,10.666666984558104,10.726667404174805,10.50333309173584,10.65666675567627,8.750536918640137,285000
2003-02-14,10.833333015441896,11.31666660308838,10.833333015441896,11.31666660308838,9.292486190795898,75000
2003-02-18,11.473333358764648,11.763333320617676,11.473333358764648,11.743332862854004,9.642840385437012,279900
2003-02-19,11.766667366027832,11.779999732971191,11.43333339691162,11.576666831970217,9.5059814453125,149100
2003-02-20,11.75,11.856666564941406,11.636667251586914,11.833333015441896,9.716737747192385,549300
2003-02-21,11.800000190734863,11.829999923706056,11.506667137145996,11.75,9.648306846618652,374700
2003-02-24,11.666666984558104,11.856666564941406,11.606666564941406,11.616666793823242,9.538826942443848,170400
2003-02-25,11.350000381469728,11.630000114440918,11.199999809265137,11.520000457763672,9.45944881439209,340200
2003-02-26,11.4399995803833,11.66333293914795,11.223333358764648,11.223333358764648,9.215848922729492,104400
2003-02-27,11.393333435058594,11.600000381469728,11.303333282470703,11.59333324432373,9.51966381072998,925200
2003-02-28,11.666666984558104,11.949999809265137,11.66333293914795,11.949999809265137,9.81253719329834,2178600
2003-03-03,12.100000381469728,12.113332748413086,11.50333309173584,11.506667137145996,9.448500633239746,207900
2003-03-04,11.5,11.56666660308838,11.366666793823242,11.366666793823242,9.333540916442873,27600
2003-03-05,11.399999618530272,11.59333324432373,11.350000381469728,11.50333309173584,9.445761680603027,64500
2003-03-06,11.366666793823242,11.5600004196167,11.366666793823242,11.466667175292969,9.415657043457031,27600
2003-03-07,11.100000381469728,11.393333435058594,11.100000381469728,11.283332824707031,9.26511573791504,93300
2003-03-10,11.199999809265137,11.260000228881836,11.036666870117188,11.06666660308838,9.087202072143556,52800
2003-03-11,11.033332824707031,11.16333293914795,11.016667366027832,11.016667366027832,9.046147346496582,29400
2003-03-12,11.166666984558104,11.333333015441896,10.970000267028809,11.329999923706056,9.303438186645508,84000
2003-03-13,11.666666984558104,12.166666984558104,11.49666690826416,12.149999618530272,9.976766586303713,176700
2003-03-14,12.166666984558104,12.333333015441896,11.866666793823242,11.936667442321776,9.801587104797363,568800
2003-03-17,11.866666793823242,12.760000228881836,11.80666732788086,12.649999618530272,10.3873291015625,589800
2003-03-18,12.699999809265137,12.876667022705078,12.516667366027832,12.846667289733888,10.548818588256836,499800
2003-03-19,12.666666984558104,12.8100004196167,12.453332901000977,12.733332633972168,10.455759048461914,160200
2003-03-20,12.56666660308838,12.983332633972168,12.50333309173584,12.783332824707031,10.496814727783203,114600
2003-03-21,13.016667366027832,13.146666526794434,12.886667251586914,13.116666793823242,10.770523071289062,381900
2003-03-24,12.666666984558104,12.6899995803833,12.40666675567627,12.40666675567627,10.187517166137695,2379000
2003-03-25,12.43333339691162,12.766667366027832,12.383333206176758,12.6899995803833,10.420173645019531,312300
2003-03-26,12.666666984558104,12.796667098999023,12.533332824707031,12.626667022705078,10.368168830871582,132000
2003-03-27,12.350000381469728,12.526666641235352,12.273332595825195,12.43333339691162,10.209418296813965,1483800
2003-03-28,12.300000190734863,12.463333129882812,12.07333278656006,12.133333206176758,9.963077545166016,84900
2003-03-31,11.866666793823242,11.880000114440918,11.606666564941406,11.646666526794434,9.56346035003662,360900
2003-04-01,11.666666984558104,11.893333435058594,11.666666984558104,11.720000267028809,9.623677253723145,30300
2003-04-02,12.333333015441896,12.579999923706056,12.216667175292969,12.5,10.264156341552734,111300
2003-04-03,12.56666660308838,12.726667404174805,12.356666564941406,12.516667366027832,10.277849197387695,356700
2003-04-04,12.366666793823242,12.40999984741211,12.039999961853027,12.18333339691162,10.004133224487305,165900
2003-04-07,12.800000190734863,12.800000190734863,12.333333015441896,12.366666793823242,10.15467643737793,126300
2003-04-08,12.133333206176758,12.133333206176758,11.833333015441896,11.853333473205566,9.73315715789795,217500
2003-04-09,11.853333473205566,12.010000228881836,11.670000076293944,11.733332633972168,9.63462734222412,308100
2003-04-10,11.666666984558104,11.863332748413086,11.583333015441896,11.720000267028809,9.623677253723145,43800
2003-04-11,11.93333339691162,11.93333339691162,11.56999969482422,11.58666706085205,9.514190673828123,22500
2003-04-14,11.716667175292969,11.960000038146973,11.609999656677246,11.960000038146973,9.820746421813965,43200
2003-04-15,11.716667175292969,12.149999618530272,11.703332901000977,11.946666717529297,9.809799194335938,38100
2003-04-16,12.399999618530272,12.646666526794434,12.353333473205566,12.476667404174805,10.244997024536133,365700
2003-04-17,12.550000190734863,13.063332557678224,12.476667404174805,13.0,10.674724578857422,357300
2003-04-21,12.93333339691162,13.096667289733888,12.916666984558104,13.0600004196167,10.72399616241455,276600
2003-04-22,12.833333015441896,13.483332633972168,12.833333015441896,13.476667404174805,11.066134452819824,489600
2003-04-23,13.43333339691162,13.623332977294922,13.369999885559082,13.56999969482422,11.142770767211914,54000
2003-04-24,13.366666793823242,13.493332862854004,13.256667137145996,13.393333435058594,10.997706413269045,125700
2003-04-25,13.0,13.026666641235352,12.699999809265137,12.770000457763672,10.485862731933594,86100
2003-04-28,12.770000457763672,13.15999984741211,12.770000457763672,13.126667022705078,10.778736114501951,41700
2003-04-29,13.31666660308838,13.5,13.223333358764648,13.399999618530272,11.003179550170898,1008900
2003-04-30,13.239999771118164,13.293333053588867,13.076666831970217,13.133333206176758,10.784214973449709,574500
2003-05-01,13.133333206176758,13.213333129882812,12.916666984558104,13.123332977294922,10.776001930236816,116700
2003-05-02,13.293333053588867,13.630000114440918,13.293333053588867,13.539999961853027,11.118134498596191,84600
2003-05-05,13.766667366027832,14.116666793823242,13.636667251586914,13.793333053588867,11.326154708862305,186600
2003-05-06,13.766667366027832,14.149999618530272,13.766667366027832,13.923333168029783,11.432905197143556,53400
2003-05-07,13.766667366027832,14.00333309173584,13.603333473205566,13.699999809265137,11.249520301818848,535200
2003-05-08,13.43333339691162,13.563332557678224,13.369999885559082,13.376667022705078,10.984017372131348,84300
2003-05-09,13.69333267211914,14.0,13.666666984558104,14.0,11.495858192443848,83100
2003-05-12,13.966667175292969,14.296667098999023,13.886667251586914,14.289999961853027,11.733983993530272,260700
2003-05-13,14.083333015441896,14.19333267211914,14.0,14.053333282470703,11.539652824401855,804300
2003-05-14,14.216667175292969,14.220000267028809,13.773332595825195,14.050000190734863,11.53691577911377,769800
2003-05-15,14.300000190734863,14.363332748413086,14.100000381469728,14.206666946411133,11.665559768676758,90300
2003-05-16,14.133333206176758,14.149999618530272,13.920000076293944,14.023332595825195,11.515009880065918,79800
2003-05-19,13.766667366027832,13.833333015441896,13.383333206176758,13.386667251586914,10.992230415344238,129300
2003-05-20,13.516667366027832,13.5600004196167,13.243332862854004,13.399999618530272,11.003179550170898,154200
2003-05-21,13.333333015441896,13.476667404174805,13.216667175292969,13.456666946411133,11.049711227416992,72900
2003-05-22,13.399999618530272,13.74666690826416,13.369999885559082,13.606666564941406,11.172881126403809,65700
2003-05-23,13.583333015441896,13.796667098999023,13.583333015441896,13.699999809265137,11.249520301818848,30900
2003-05-27,13.633333206176758,14.493332862854004,13.633333206176758,14.416666984558104,11.83799648284912,137100
2003-05-28,14.5,14.75,14.423333168029783,14.473333358764648,11.884523391723633,85200
2003-05-29,14.649999618530272,15.09333324432373,14.649999618530272,14.920000076293944,12.251300811767578,69600
2003-05-30,15.100000381469728,15.216667175292969,15.083333015441896,15.133333206176758,12.426475524902344,545100
2003-06-02,15.399999618530272,15.399999618530272,14.789999961853027,14.826666831970217,12.174663543701172,854400
2003-06-03,14.699999809265137,15.063332557678224,14.699999809265137,15.023332595825195,12.336152076721191,381000
2003-06-04,15.100000381469728,15.609999656677246,15.100000381469728,15.576666831970217,12.790510177612305,75000
2003-06-05,15.166666984558104,15.796667098999023,15.143333435058594,15.75,12.93284034729004,285600
2003-06-06,16.416667938232422,16.446666717529297,15.403332710266112,15.486666679382324,12.7166109085083,269100
2003-06-09,15.166666984558104,15.266667366027832,14.896666526794434,15.06666660308838,12.371729850769045,341400
2003-06-10,15.06666660308838,15.263333320617676,14.833333015441896,15.199999809265137,12.48121738433838,51000
2003-06-11,14.733332633972168,15.199999809265137,14.619999885559082,15.199999809265137,12.48121738433838,104700
2003-06-12,15.233332633972168,15.233332633972168,14.83666706085205,15.0,12.31698989868164,164400
2003-06-13,14.833333015441896,14.833333015441896,14.383333206176758,14.516667366027832,11.920109748840332,202200
2003-06-16,14.533332824707031,14.899999618530272,14.420000076293944,14.770000457763672,12.128129959106444,132300
2003-06-17,14.880000114440918,14.916666984558104,14.616666793823242,14.859999656677246,12.202033996582031,244800
2003-06-18,14.800000190734863,15.24666690826416,14.66333293914795,15.17666721343994,12.46205711364746,67800
2003-06-19,15.399999618530272,15.399999618530272,14.970000267028809,15.033332824707031,12.344365119934082,96900
2003-06-20,15.033332824707031,15.033332824707031,14.773332595825195,14.81666660308838,12.16645050048828,47400
2003-06-23,14.739999771118164,14.893333435058594,14.369999885559082,14.420000076293944,11.840733528137209,145800
2003-06-24,14.25,14.5,14.100000381469728,14.300000190734863,11.742197036743164,585600
2003-06-25,14.5,14.706666946411133,14.270000457763672,14.383333206176758,11.810626029968262,199800
2003-06-26,14.43333339691162,14.763333320617676,14.423333168029783,14.726667404174805,12.092547416687012,59400
2003-06-27,14.850000381469728,14.880000114440918,14.506667137145996,14.630000114440918,12.013166427612305,213300
2003-06-30,14.783332824707031,14.883333206176758,14.533332824707031,14.533332824707031,11.933794975280762,355800
2003-07-01,14.483332633972168,14.803333282470703,14.25,14.803333282470703,12.155502319335938,552300
2003-07-02,14.949999809265137,15.296667098999023,14.94333267211914,15.296667098999023,12.560595512390137,222300
2003-07-03,15.06666660308838,15.333333015441896,15.06666660308838,15.130000114440918,12.423741340637209,31200
2003-07-07,15.533332824707031,16.049999237060547,15.466667175292969,16.043333053588867,13.1737060546875,198900
2003-07-08,16.03333282470703,16.280000686645508,15.826666831970217,16.233333587646484,13.32972526550293,252900
2003-07-09,16.21666717529297,16.616666793823242,16.059999465942383,16.39666748046875,13.46384048461914,245400
2003-07-10,16.100000381469727,16.149999618530273,15.763333320617676,15.850000381469728,13.014954566955566,198300
2003-07-11,15.866666793823242,16.049999237060547,15.866666793823242,16.0,13.138123512268066,102300
2003-07-14,16.46666717529297,16.616666793823242,16.333332061767578,16.416667938232422,13.480265617370604,404100
2003-07-15,16.600000381469727,16.733333587646484,16.343332290649414,16.44333267211914,13.502155303955078,267900
2003-07-16,16.666667938232422,16.666667938232422,16.133333206176758,16.416667938232422,13.480265617370604,396000
2003-07-17,15.92666721343994,15.966667175292969,15.539999961853027,15.706666946411133,12.897261619567873,273300
2003-07-18,15.739999771118164,15.893333435058594,15.350000381469728,15.75,12.93284034729004,177900
2003-07-21,15.68333339691162,15.68333339691162,15.30666732788086,15.463333129882812,12.6974515914917,411600
2003-07-22,15.733332633972168,16.01333236694336,15.706666946411133,15.976667404174805,13.118963241577148,163500
2003-07-23,15.966667175292969,16.280000686645508,15.84333324432373,16.280000686645508,13.368043899536133,147000
2003-07-24,16.316667556762695,16.383333206176758,15.83666706085205,15.83666706085205,13.004000663757324,327300
2003-07-25,15.866666793823242,16.15999984741211,15.533332824707031,16.15999984741211,13.26950454711914,170100
2003-07-28,16.083332061767578,16.393333435058594,16.06999969482422,16.35333251953125,13.428252220153809,101400
2003-07-29,16.28333282470703,16.28333282470703,15.873332977294922,15.966667175292969,13.11075496673584,282600
2003-07-30,16.016666412353516,16.016666412353516,15.829999923706056,15.866666793823242,13.028639793395996,141900
2003-07-31,16.25,16.469999313354492,16.100000381469727,16.100000381469727,13.220237731933594,447300
2003-08-01,16.166667938232422,16.299999237060547,16.003332138061523,16.299999237060547,13.384462356567385,327900
2003-08-04,16.266666412353516,16.433332443237305,16.016666412353516,16.360000610351562,13.433733940124512,56700
2003-08-05,16.350000381469727,16.350000381469727,15.833333015441896,15.833333015441896,13.00126838684082,194100
2003-08-06,15.783332824707031,15.963333129882812,15.583333015441896,15.699999809265137,12.891783714294434,162600
2003-08-07,15.666666984558104,15.706666946411133,15.470000267028809,15.56666660308838,12.78230094909668,231900
2003-08-08,15.583333015441896,15.666666984558104,14.953332901000977,15.16333293914795,12.451112747192385,467400
2003-08-11,15.229999542236328,15.506667137145996,15.229999542236328,15.4399995803833,12.678289413452148,245100
2003-08-12,15.43333339691162,15.733332633972168,15.43333339691162,15.733332633972168,12.919153213500977,45300
2003-08-13,15.80666732788086,16.200000762939453,15.736666679382324,16.023332595825195,13.157282829284668,153300
2003-08-14,16.066667556762695,16.219999313354492,15.963333129882812,16.206666946411133,13.307823181152344,42300
2003-08-15,16.15999984741211,16.25,16.15999984741211,16.25,13.34341049194336,4800
2003-08-18,16.260000228881836,17.0,16.260000228881836,17.0,13.959260940551758,331500
2003-08-19,17.049999237060547,17.333332061767578,16.996667861938477,17.333332061767578,14.232967376708984,1208700
2003-08-20,17.066667556762695,17.459999084472656,17.020000457763672,17.166667938232422,14.096112251281738,397500
2003-08-21,17.5,17.84666633605957,17.416667938232422,17.733333587646484,14.561420440673828,1836600
2003-08-22,18.600000381469727,18.71666717529297,18.003332138061523,18.06666755676269,14.835129737854004,3881700
2003-08-25,18.0,18.030000686645508,17.729999542236328,17.84666633605957,14.654484748840332,3254700
2003-08-26,17.633333206176758,17.916667938232422,17.420000076293945,17.916667938232422,14.711959838867188,129000
2003-08-27,17.96666717529297,18.459999084472656,17.963333129882812,18.459999084472656,15.158114433288574,157200
2003-08-28,18.56666755676269,18.65333366394043,18.206666946411133,18.6200008392334,15.2894926071167,1809300
2003-08-29,18.58333206176757,18.796667098999023,18.51666641235352,18.733333587646484,15.382559776306152,1696800
2003-09-02,18.799999237060547,18.803333282470703,18.416667938232425,18.76666641235352,15.40993595123291,278700
2003-09-03,18.76666641235352,18.81333351135254,18.26666641235352,18.39999961853028,15.108843803405762,695100
2003-09-04,18.36666679382324,18.81333351135254,18.30666732788086,18.670000076293945,15.33054256439209,276000
2003-09-05,18.700000762939453,19.32666778564453,18.63333320617676,18.916667938232425,15.533087730407717,480300
2003-09-08,19.233333587646484,19.61333274841309,19.203332901000977,19.55666732788086,16.05862045288086,801000
2003-09-09,19.51666641235352,19.56666755676269,19.239999771118164,19.33333206176757,15.875236511230469,522300
2003-09-10,18.733333587646484,18.81666755676269,18.183332443237305,18.21666717529297,14.958300590515137,3028500
2003-09-11,18.433332443237305,18.706666946411133,17.916667938232422,18.47333335876465,15.169061660766602,836400
2003-09-12,18.33333206176757,18.809999465942383,18.170000076293945,18.56999969482422,15.24842929840088,574200
2003-09-15,18.733333587646484,18.74333381652832,18.26666641235352,18.27666664123535,15.00864601135254,98100
2003-09-16,18.51666641235352,18.989999771118164,18.433332443237305,18.983333587646484,15.58896255493164,1340400
2003-09-17,18.96666717529297,19.08666610717773,18.77666664123535,18.86666679382324,15.493145942687988,156600
2003-09-18,18.62333297729492,19.03333282470703,18.5,18.98666763305664,15.591694831848145,205800
2003-09-19,18.933332443237305,19.07999992370605,18.73666763305664,18.913333892822266,15.531476020812988,62100
2003-09-22,18.63333320617676,18.666667938232425,18.38999938964844,18.47333335876465,15.17015266418457,217800
2003-09-23,18.549999237060547,18.76666641235352,18.416667938232425,18.74666786193848,15.39460563659668,107700
2003-09-24,18.82666778564453,18.82666778564453,17.913333892822266,17.913333892822266,14.710278511047363,202500
2003-09-25,18.08333206176757,18.5,17.866666793823242,17.916667938232422,14.713010787963867,94500
2003-09-26,17.700000762939453,17.90999984741211,17.483333587646484,17.586666107177734,14.442031860351562,888600
2003-09-29,17.833332061767578,17.983333587646484,17.516666412353516,17.883333206176758,14.685643196105955,917400
2003-09-30,17.816667556762695,17.816667556762695,17.35333251953125,17.46666717529297,14.343475341796877,423600
2003-10-01,17.600000381469727,17.766666412353516,17.46666717529297,17.726667404174805,14.556986808776855,337800
2003-10-02,17.766666412353516,18.100000381469727,17.766666412353516,17.959999084472656,14.74860382080078,345900
2003-10-03,18.56666755676269,18.89999961853028,18.46666717529297,18.700000762939453,15.356280326843262,613200
2003-10-06,18.76666641235352,18.88333320617676,18.670000076293945,18.84000015258789,15.4712553024292,214500
2003-10-07,18.77666664123535,19.25,18.63333320617676,19.233333587646484,15.794248580932615,157500
2003-10-08,19.299999237060547,19.33333206176757,19.0,19.12666702270508,15.706652641296388,344400
2003-10-09,19.416667938232425,19.65999984741211,19.13666725158692,19.26000022888184,15.816155433654783,2020500
2003-10-10,19.5,19.56666755676269,19.33666610717773,19.5,16.01324462890625,178500
2003-10-13,19.700000762939453,19.87333297729492,19.453332901000977,19.63333320617676,16.12273406982422,253200
2003-10-14,19.39999961853028,19.799999237060547,19.35333251953125,19.799999237060547,16.25959014892578,73500
2003-10-15,20.31666755676269,20.32999992370605,19.793333053588867,19.84000015258789,16.292442321777344,2100600
2003-10-16,19.83333206176757,20.030000686645508,19.71999931335449,20.023332595825195,16.442996978759766,101700
2003-10-17,20.049999237060547,20.08333206176757,19.416667938232425,19.51000022888184,16.021442413330078,196500
2003-10-20,19.51000022888184,19.726667404174805,19.36666679382324,19.726667404174805,16.199378967285156,187500
2003-10-21,20.0,20.293333053588867,19.96666717529297,20.25,16.629127502441406,241200
2003-10-22,19.950000762939453,19.950000762939453,19.64999961853028,19.77666664123535,16.240436553955078,112200
2003-10-23,19.03333282470703,19.38333320617676,19.0,19.33333206176757,15.876380920410156,941400
2003-10-24,19.25,19.36666679382324,18.920000076293945,19.30666732788086,15.854474067687988,1503000
2003-10-27,19.666667938232425,19.666667938232425,19.38333320617676,19.489999771118164,16.00501823425293,470100
2003-10-28,19.916667938232425,20.60333251953125,19.86000061035156,20.60333251953125,16.919282913208008,543000
2003-10-29,20.600000381469727,20.940000534057617,20.46999931335449,20.83333206176757,17.1081600189209,353100
2003-10-30,21.11666679382324,21.19333267211914,20.850000381469727,21.0,17.245025634765625,325800
2003-10-31,21.0,21.0,20.63666725158692,20.76666641235352,17.05341148376465,141900
2003-11-03,21.03333282470703,21.53333282470703,21.01333236694336,21.46666717529297,17.628244400024414,183300
2003-11-04,21.39999961853028,21.71333312988281,21.33333206176757,21.559999465942383,17.70489501953125,267900
2003-11-05,21.5,21.703332901000977,21.17333221435547,21.696666717529297,17.817119598388672,202200
2003-11-06,21.86666679382324,22.020000457763672,21.523332595825195,21.92333221435547,18.003253936767578,990600
2003-11-07,22.166667938232425,22.233333587646484,21.959999084472656,21.96666717529297,18.0388412475586,443700
2003-11-10,21.950000762939453,21.97333335876465,21.209999084472656,21.32666778564453,17.513280868530273,133200
2003-11-11,21.26666641235352,21.34666633605957,21.036666870117188,21.26000022888184,17.45853614807129,648900
2003-11-12,21.58333206176757,22.040000915527344,21.56666755676269,22.040000915527344,18.099071502685547,571800
2003-11-13,21.86666679382324,22.06333351135254,21.46666717529297,21.75,17.860923767089844,285600
2003-11-14,21.67333221435547,21.81666755676269,21.00666618347168,21.1433334350586,17.362735748291016,168900
2003-11-17,20.76666641235352,20.950000762939453,20.483333587646484,20.82999992370605,17.105424880981445,2065200
2003-11-18,21.14999961853028,21.233333587646484,20.5,20.51666641235352,16.848114013671875,324300
2003-11-19,20.58333206176757,20.933332443237305,20.450000762939453,20.88666725158692,17.151958465576172,663000
2003-11-20,20.666667938232425,21.036666870117188,20.46999931335449,20.483333587646484,16.820737838745117,116700
2003-11-21,20.700000762939453,20.86666679382324,20.5,20.726667404174805,17.020570755004883,269400
2003-11-24,21.0,21.5,21.0,21.39999961853028,17.57349395751953,304800
2003-11-25,21.53333282470703,21.73666763305664,21.46666717529297,21.523332595825195,17.674779891967773,198900
2003-11-26,21.81666755676269,21.83333206176757,21.33333206176757,21.6299991607666,17.762378692626953,137400
2003-11-28,21.64999961853028,21.8933334350586,21.63999938964844,21.86333274841309,17.953989028930664,66900
2003-12-01,22.166667938232425,22.23666763305664,21.803333282470703,22.07666778564453,18.129169464111328,353700
2003-12-02,22.0,22.14999961853028,21.89999961853028,21.906667709350582,17.989564895629883,557100
2003-12-03,22.11666679382324,22.163333892822266,21.5,21.53333282470703,17.68299102783203,240000
2003-12-04,21.58333206176757,21.71666717529297,20.8700008392334,21.286666870117188,17.480430603027344,378900
2003-12-05,20.76666641235352,21.09333229064941,20.55666732788086,20.670000076293945,16.974031448364258,1639800
2003-12-08,20.733333587646484,20.81333351135254,20.350000381469727,20.6200008392334,16.93297576904297,179100
2003-12-09,20.666667938232425,20.86333274841309,19.61666679382324,19.76666641235352,16.232219696044922,1197600
2003-12-10,19.799999237060547,20.036666870117188,19.58333206176757,19.88666725158692,16.33077049255371,1527900
2003-12-11,19.940000534057617,20.6299991607666,19.90333366394043,20.56666755676269,16.889188766479492,473400
2003-12-12,20.700000762939453,20.76000022888184,20.34000015258789,20.57999992370605,16.900127410888672,414600
2003-12-15,21.0,21.0,19.94333267211914,19.94333267211914,16.377296447753906,243000
2003-12-16,20.01666641235352,20.01666641235352,19.420000076293945,19.8700008392334,16.317081451416016,403800
2003-12-17,19.793333053588867,19.93000030517578,19.540000915527344,19.67333221435547,16.15557861328125,112500
2003-12-18,19.86666679382324,20.433332443237305,19.85333251953125,20.33333206176757,16.697561264038086,222600
2003-12-19,20.33333206176757,20.46333312988281,20.100000381469727,20.206666946411133,16.59354591369629,165900
2003-12-22,20.14999961853028,20.3799991607666,20.06333351135254,20.190000534057617,16.579862594604492,102600
2003-12-23,20.25,20.6299991607666,20.25,20.540000915527344,16.86727523803711,127500
2003-12-24,20.600000381469727,20.71666717529297,20.5,20.540000915527344,16.86727523803711,43200
2003-12-26,20.600000381469727,20.706666946411133,20.600000381469727,20.64999961853028,16.957611083984375,49800
2003-12-29,20.71666717529297,21.03333282470703,20.71666717529297,20.97333335876465,17.223127365112305,110700
2003-12-30,21.03333282470703,21.183332443237305,20.87333297729492,21.01000022888184,17.253238677978516,180900
2003-12-31,21.08333206176757,21.183332443237305,20.78333282470703,20.916667938232425,17.176593780517578,418800
2004-01-02,21.11666679382324,21.24666786193848,20.920000076293945,21.0,17.245025634765625,222000
2004-01-05,21.38333320617676,21.76333236694336,21.299999237060547,21.683332443237305,17.806177139282227,309900
2004-01-06,21.75,22.0,21.57333374023437,21.916667938232425,17.99778938293457,510300
2004-01-07,21.983333587646484,22.13333320617676,21.753332138061523,22.11333274841309,18.15928840637207,354900
2004-01-08,22.61666679382324,22.84000015258789,22.25,22.773332595825195,18.701271057128903,625800
2004-01-09,22.666667938232425,23.09666633605957,22.46999931335449,22.78333282470703,18.70947456359864,275700
2004-01-12,22.916667938232425,23.350000381469727,22.700000762939453,23.350000381469727,19.174819946289062,255900
2004-01-13,23.39999961853028,23.40333366394043,22.58333206176757,22.809999465942383,18.73138999938965,735000
2004-01-14,22.88333320617676,22.89999961853028,22.520000457763672,22.706666946411133,18.64652442932129,290100
2004-01-15,22.683332443237305,23.1433334350586,22.476667404174805,22.96666717529297,18.86003875732422,558900
2004-01-16,23.233333587646484,23.416667938232425,22.96999931335449,23.38666725158692,19.204933166503903,93900
2004-01-20,23.51666641235352,23.55666732788086,23.15333366394043,23.38999938964844,19.207672119140625,974400
2004-01-21,23.0,23.0,22.553333282470703,22.796667098999023,18.72043800354004,311700
2004-01-22,23.166667938232425,23.166667938232425,22.37666702270508,22.453332901000977,18.438486099243164,302400
2004-01-23,22.416667938232425,22.51333236694336,21.96666717529297,22.100000381469727,18.148334503173828,614700
2004-01-26,22.166667938232425,22.63666725158692,22.13333320617676,22.62666702270508,18.5808334350586,113100
2004-01-27,22.416667938232425,22.51000022888184,21.946666717529297,21.946666717529297,18.02241897583008,291900
2004-01-28,22.33333206176757,22.39999961853028,21.683332443237305,21.770000457763672,17.877351760864258,464400
2004-01-29,22.0,22.0,21.166667938232425,21.520000457763672,17.672042846679688,950400
2004-01-30,21.58333206176757,21.76666641235352,21.5,21.666667938232425,17.7924861907959,132300
2004-02-02,21.89999961853028,21.913333892822266,21.27666664123535,21.33333206176757,17.518753051757812,243900
2004-02-03,21.25,21.543333053588867,21.25,21.420000076293945,17.58993148803711,153000
2004-02-04,21.08333206176757,21.13666725158692,20.76333236694336,20.773332595825195,17.058883666992188,569400
2004-02-05,21.13333320617676,21.15333366394043,20.86666679382324,21.049999237060547,17.286081314086914,319500
2004-02-06,21.416667938232425,21.920000076293945,21.26000022888184,21.83333206176757,17.929359436035156,1054800
2004-02-09,22.06666755676269,22.06666755676269,21.739999771118164,21.76666641235352,17.874608993530273,387300
2004-02-10,21.78333282470703,21.946666717529297,21.69333267211914,21.81666755676269,17.915668487548828,161400
2004-02-11,21.983333587646484,22.32999992370605,21.96333312988281,22.286666870117188,18.301633834838867,254400
2004-02-12,22.13333320617676,22.39666748046875,21.916667938232425,21.916667938232425,17.99778938293457,142800
2004-02-13,22.166667938232425,22.166667938232425,21.426666259765625,21.666667938232425,17.7924861907959,257700
2004-02-17,21.933332443237305,22.020000457763672,21.739999771118164,21.950000762939453,18.0251579284668,97500
2004-02-18,22.200000762939453,22.303333282470703,22.0,22.100000381469727,18.148334503173828,140700
2004-02-19,22.666667938232425,22.666667938232425,21.82666778564453,21.83333206176757,17.929359436035156,551400
2004-02-20,21.81666755676269,21.81666755676269,21.356666564941406,21.64666748046875,17.776071548461914,270300
2004-02-23,21.666667938232425,21.696666717529297,20.790000915527344,20.983333587646484,17.231332778930664,486300
2004-02-24,20.83333206176757,21.21999931335449,20.75,21.00666618347168,17.250497817993164,312900
2004-02-25,21.200000762939453,21.49333381652832,21.200000762939453,21.416667938232425,17.587194442749023,92700
2004-02-26,21.416667938232425,21.786666870117188,21.25,21.6433334350586,17.773326873779297,112800
2004-02-27,21.71666717529297,21.76333236694336,21.26666641235352,21.476667404174805,17.636459350585938,70500
2004-03-01,21.350000381469727,21.89999961853028,21.33333206176757,21.850000381469727,17.943037033081055,165600
2004-03-02,22.06666755676269,22.15333366394043,21.700000762939453,21.700000762939453,17.819868087768555,285000
2004-03-03,21.63333320617676,21.63999938964844,21.303333282470703,21.440000534057617,17.606353759765625,127200
2004-03-04,21.5,21.700000762939453,21.446666717529297,21.700000762939453,17.819868087768555,840900
2004-03-05,21.299999237060547,21.82666778564453,21.299999237060547,21.58666610717773,17.726783752441406,542700
2004-03-08,21.600000381469727,21.68666648864746,20.733333587646484,20.733333587646484,17.026039123535156,243300
2004-03-09,20.733333587646484,20.74333381652832,20.36333274841309,20.63333320617676,16.943923950195312,1046700
2004-03-10,20.63333320617676,20.786666870117188,20.07333374023437,20.21999931335449,16.6044921875,260100
2004-03-11,20.06666755676269,20.549999237060547,19.950000762939453,19.96666717529297,16.396461486816406,736200
2004-03-12,20.33333206176757,20.52666664123535,20.239999771118164,20.520000457763672,16.85085105895996,599100
2004-03-15,20.33333206176757,20.33333206176757,19.83333206176757,19.87666702270508,16.322546005249023,198900
2004-03-16,20.11666679382324,20.21666717529297,19.74333381652832,20.100000381469727,16.505952835083008,471000
2004-03-17,20.299999237060547,20.559999465942383,20.299999237060547,20.546667098999023,16.872745513916016,80400
2004-03-18,20.416667938232425,20.489999771118164,20.08333206176757,20.24333381652832,16.6236572265625,81000
2004-03-19,20.03333282470703,20.170000076293945,19.53333282470703,19.59333229064941,16.08988380432129,150000
2004-03-22,19.26666641235352,19.46999931335449,19.043333053588867,19.303333282470703,15.851739883422852,399300
2004-03-23,19.53333282470703,19.600000381469727,19.15333366394043,19.33333206176757,15.876380920410156,97800
2004-03-24,19.40999984741211,19.86666679382324,19.38333320617676,19.666667938232425,16.150102615356445,183300
2004-03-25,20.03333282470703,20.47333335876465,19.89999961853028,20.406667709350582,16.75778579711914,321900
2004-03-26,20.33333206176757,20.5,20.253332138061523,20.26333236694336,16.64008140563965,342900
2004-03-29,20.666667938232425,20.786666870117188,20.5,20.64999961853028,16.957611083984375,311400
2004-03-30,20.46666717529297,20.62666702270508,20.270000457763672,20.600000381469727,16.91655158996582,199500
2004-03-31,20.58333206176757,20.76000022888184,20.37666702270508,20.553333282470703,16.878223419189453,237600
2004-04-01,20.83333206176757,21.11333274841309,20.71999931335449,20.96666717529297,17.217655181884766,361800
2004-04-02,21.666667938232425,21.696666717529297,21.32999992370605,21.666667938232425,17.7924861907959,522000
2004-04-05,21.71666717529297,21.83333206176757,21.540000915527344,21.83333206176757,17.929359436035156,216600
2004-04-06,21.416667938232425,21.46666717529297,21.183332443237305,21.36666679382324,17.546133041381836,726900
2004-04-07,21.33333206176757,21.46666717529297,21.003332138061523,21.34000015258789,17.524242401123047,88200
2004-04-08,21.63333320617676,21.63666725158692,21.233333587646484,21.43666648864746,17.603601455688477,174000
2004-04-12,21.53333282470703,21.546667098999023,21.32333374023437,21.47333335876465,17.633724212646484,245400
2004-04-13,21.63333320617676,21.63333320617676,21.053333282470703,21.176666259765625,17.390106201171875,156900
2004-04-14,20.96666717529297,21.26333236694336,20.82666778564453,20.96666717529297,17.217655181884766,213300
2004-04-15,20.92333221435547,20.933332443237305,20.17333221435547,20.413333892822266,16.76325798034668,146400
2004-04-16,19.90999984741211,20.1299991607666,19.670000076293945,19.956666946411133,16.38825035095215,338100
2004-04-19,20.043333053588867,20.25,19.88999938964844,20.200000762939453,16.588069915771484,111900
2004-04-20,20.26000022888184,20.31999969482422,19.50666618347168,19.57333374023437,16.073448181152344,109200
2004-04-21,19.989999771118164,20.233333587646484,19.81999969482422,20.100000381469727,16.505952835083008,114600
2004-04-22,19.77666664123535,20.433332443237305,19.726667404174805,20.36000061035156,16.719459533691406,109800
2004-04-23,20.413333892822266,20.67333221435547,20.413333892822266,20.61000061035156,16.924760818481445,82200
2004-04-26,20.53333282470703,20.61333274841309,20.053333282470703,20.14999961853028,16.547014236450195,192900
2004-04-27,20.08333206176757,20.270000457763672,19.78333282470703,19.83666610717773,16.289709091186523,59100
2004-04-28,19.600000381469727,19.86333274841309,19.37333297729492,19.420000076293945,15.947543144226074,152100
2004-04-29,19.433332443237305,19.433332443237305,18.559999465942383,18.75,15.397346496582031,431400
2004-04-30,18.86666679382324,19.0,18.38666725158692,18.433332443237305,15.13729190826416,112800
2004-05-03,18.51000022888184,18.913333892822266,18.11666679382324,18.38333320617676,15.09624195098877,204600
2004-05-04,18.666667938232425,19.06666755676269,18.536666870117188,18.75,15.397346496582031,232200
2004-05-05,18.8799991607666,19.15333366394043,18.75,19.049999237060547,15.643701553344728,92100
2004-05-06,18.71666717529297,18.989999771118164,18.6299991607666,18.950000762939453,15.561582565307615,260400
2004-05-07,19.09000015258789,19.420000076293945,19.03333282470703,19.11000061035156,15.692970275878906,177600
2004-05-10,18.81333351135254,19.253332138061523,18.81333351135254,19.049999237060547,15.643701553344728,457500
2004-05-11,19.38333320617676,19.57333374023437,19.296667098999023,19.36666679382324,15.903748512268066,267000
2004-05-12,19.36666679382324,19.36666679382324,18.68000030517578,19.299999237060547,15.848998069763184,317700
2004-05-13,19.200000762939453,19.37666702270508,19.07999992370605,19.21333312988281,15.777823448181152,234900
2004-05-14,19.253332138061523,19.253332138061523,18.803333282470703,18.84666633605957,15.476731300354004,162900
2004-05-17,18.33666610717773,18.753332138061523,18.33666610717773,18.503332138061523,15.194779396057127,145500
2004-05-18,18.8933334350586,19.05666732788086,18.82999992370605,18.916667938232425,15.53420639038086,129300
2004-05-19,19.36666679382324,19.63999938964844,19.13666725158692,19.166667938232425,15.739509582519531,266100
2004-05-20,19.31333351135254,19.31333351135254,18.933332443237305,19.05666732788086,15.649169921875,20100
2004-05-21,19.28333282470703,19.28333282470703,19.0,19.13333320617676,15.71213436126709,77400
2004-05-24,19.433332443237305,19.450000762939453,19.22333335876465,19.34000015258789,15.881841659545898,66600
2004-05-25,19.24666786193848,19.88333320617676,19.06999969482422,19.80666732788086,16.26506805419922,152400
2004-05-26,19.850000381469727,20.0,19.706666946411133,19.8799991607666,16.32528305053711,118200
2004-05-27,20.18000030517578,20.296667098999023,20.023332595825195,20.200000762939453,16.588069915771484,182100
2004-05-28,20.25666618347168,20.3933334350586,20.14999961853028,20.34000015258789,16.703039169311523,366900
2004-06-01,20.253332138061523,20.38666725158692,20.020000457763672,20.166667938232425,16.560699462890625,283800
2004-06-02,20.08666610717773,20.08666610717773,19.74666786193848,19.88999938964844,16.33350944519043,342000
2004-06-03,19.666667938232425,19.666667938232425,19.296667098999023,19.33333206176757,15.876380920410156,391800
2004-06-04,19.733333587646484,19.89999961853028,19.62666702270508,19.676666259765625,16.158315658569336,203400
2004-06-07,19.953332901000977,20.40999984741211,19.94333267211914,20.36666679382324,16.72493553161621,308700
2004-06-08,20.19333267211914,20.36666679382324,20.1200008392334,20.36666679382324,16.72493553161621,181800
2004-06-09,20.176666259765625,20.21333312988281,19.696666717529297,19.696666717529297,16.17473602294922,132300
2004-06-10,19.946666717529297,19.96333312988281,19.63666725158692,19.74666786193848,16.215795516967773,96000
2004-06-14,19.549999237060547,19.559999465942383,19.196666717529297,19.253332138061523,15.810678482055664,120300
2004-06-15,19.59000015258789,19.61666679382324,19.350000381469727,19.416667938232425,15.94481372833252,81600
2004-06-16,19.39999961853028,19.406667709350582,19.21666717529297,19.34333229064941,15.88458251953125,165900
2004-06-17,19.01666641235352,19.036666870117188,18.690000534057617,18.726667404174805,15.37818717956543,313500
2004-06-18,18.53333282470703,18.916667938232425,18.53333282470703,18.64666748046875,15.312493324279783,158100
2004-06-21,18.799999237060547,18.913333892822266,18.47333335876465,18.483333587646484,15.17835807800293,66600
2004-06-22,18.600000381469727,19.08666610717773,18.58333206176757,19.046667098999023,15.640963554382324,307500
2004-06-23,19.200000762939453,19.530000686645508,19.10333251953125,19.483333587646484,15.999552726745604,545100
2004-06-24,19.483333587646484,19.63333320617676,19.26666641235352,19.32999992370605,15.87364101409912,357300
2004-06-25,19.38999938964844,19.53333282470703,19.36333274841309,19.446666717529297,15.969444274902344,149700
2004-06-28,19.67333221435547,19.67333221435547,19.166667938232425,19.21999931335449,15.783308029174805,81000
2004-06-29,19.280000686645508,19.59000015258789,19.280000686645508,19.59000015258789,16.08715057373047,806700
2004-06-30,19.67333221435547,19.86666679382324,19.540000915527344,19.75,16.21854019165039,539100
2004-07-01,19.5,19.5,18.920000076293945,19.020000457763672,15.619065284729004,575400
2004-07-02,18.86666679382324,18.86666679382324,18.63333320617676,18.663333892822266,15.326175689697266,250800
2004-07-06,18.33333206176757,18.350000381469727,17.790000915527344,17.883333206176758,14.685643196105955,386400
2004-07-07,18.05666732788086,18.26000022888184,18.05666732788086,18.13333320617676,14.89094066619873,254100
2004-07-08,18.053333282470703,18.24666786193848,17.953332901000977,17.953332901000977,14.74313259124756,230400
2004-07-09,18.21666717529297,18.38333320617676,18.14999961853028,18.21999931335449,14.96210765838623,130500
2004-07-12,17.75,17.883333206176758,17.600000381469727,17.786666870117188,14.606267929077148,617400
2004-07-13,17.93666648864746,18.0,17.709999084472656,17.816667556762695,14.630898475646973,445500
2004-07-14,17.083332061767578,17.393333435058594,16.96666717529297,17.083332061767578,14.028691291809082,320700
2004-07-15,17.100000381469727,17.303333282470703,16.956666946411133,17.09000015258789,14.034164428710938,280500
2004-07-16,17.200000762939453,17.200000762939453,16.636667251586914,16.69333267211914,13.708425521850586,468000
2004-07-19,16.75,16.889999389648438,16.549999237060547,16.803333282470703,13.798754692077637,456300
2004-07-20,16.766666412353516,17.21666717529297,16.766666412353516,17.21666717529297,14.13818359375,264000
2004-07-21,17.46666717529297,17.48666763305664,16.456666946411133,16.456666946411133,13.51407527923584,1143600
2004-07-22,16.59666633605957,17.049999237060547,16.433332443237305,16.916667938232422,13.891827583312988,726000
2004-07-23,16.71666717529297,16.766666412353516,16.366666793823242,16.3700008392334,13.442911148071287,390600
2004-07-26,16.433332443237305,16.49333381652832,16.079999923706055,16.22333335876465,13.322463989257812,573300
2004-07-27,16.31999969482422,16.40999984741211,15.93333339691162,16.309999465942383,13.393635749816896,336900
2004-07-28,16.163333892822266,16.32666778564453,15.84000015258789,16.233333587646484,13.330678939819336,388800
2004-07-29,16.46666717529297,16.80666732788086,16.39666748046875,16.700000762939453,13.713900566101074,390600
2004-07-30,16.700000762939453,17.016666412353516,16.616666793823242,16.89666748046875,13.875402450561523,750600
2004-08-02,16.676666259765625,17.0,16.676666259765625,16.906667709350586,13.883612632751465,258300
2004-08-03,16.856666564941406,16.863332748413086,16.316667556762695,16.316667556762695,13.399109840393066,266700
2004-08-04,16.233333587646484,16.60333251953125,16.136667251586914,16.47333335876465,13.527764320373535,348000
2004-08-05,16.553333282470703,16.666667938232422,16.233333587646484,16.233333587646484,13.330678939819336,280200
2004-08-06,16.253332138061523,16.253332138061523,15.523332595825195,15.653332710266112,12.854385375976562,868800
2004-08-09,15.68333339691162,15.75333309173584,15.546667098999023,15.649999618530272,12.85164737701416,311400
2004-08-10,15.81666660308838,15.883333206176758,15.68333339691162,15.873332977294922,13.035048484802246,138600
2004-08-11,15.00333309173584,15.1899995803833,14.866666793823242,15.136667251586914,12.430105209350586,650700
2004-08-12,14.970000267028809,15.06666660308838,14.666666984558104,14.74666690826416,12.109840393066406,719700
2004-08-13,14.813332557678224,14.813332557678224,14.56666660308838,14.800000190734863,12.15363597869873,365700
2004-08-16,14.973333358764648,15.08666706085205,14.920000076293944,14.99666690826416,12.315135955810549,261600
2004-08-17,15.326666831970217,15.423333168029783,15.239999771118164,15.24666690826416,12.520435333251951,240000
2004-08-18,15.116666793823242,15.833333015441896,15.116666793823242,15.833333015441896,13.002198219299316,402600
2004-08-19,15.766667366027832,15.876667022705078,15.550000190734863,15.696666717529297,12.889971733093262,115200
2004-08-20,15.616666793823242,15.90666675567627,15.56666660308838,15.803333282470703,12.977569580078123,118200
2004-08-23,15.886667251586914,16.1299991607666,15.880000114440918,15.963333129882812,13.10895538330078,418200
2004-08-24,15.966667175292969,16.016666412353516,15.510000228881836,15.616666793823242,12.824277877807615,401100
2004-08-25,15.5,15.856666564941406,15.396666526794434,15.779999732971191,12.95840549468994,289500
2004-08-26,15.776666641235352,15.776666641235352,15.56666660308838,15.630000114440918,12.835224151611328,322200
2004-08-27,15.713333129882812,15.846667289733888,15.65999984741211,15.75,12.933771133422852,115200
2004-08-30,15.633333206176758,15.67666721343994,15.359999656677246,15.40999984741211,12.654566764831545,305100
2004-08-31,15.333333015441896,15.350000381469728,14.966667175292969,15.24666690826416,12.520435333251951,275700
2004-09-01,15.289999961853027,15.623332977294922,15.289999961853027,15.44333267211914,12.681937217712402,93300
2004-09-02,15.359999656677246,15.579999923706056,15.296667098999023,15.546667098999023,12.76679515838623,43200
2004-09-03,15.106666564941406,15.166666984558104,14.800000190734863,14.81666660308838,12.167322158813477,430800
2004-09-07,14.983332633972168,15.033332824707031,14.623332977294922,14.686667442321776,12.060565948486328,171600
2004-09-08,14.666666984558104,14.83666706085205,14.576666831970217,14.619999885559082,12.005824089050291,146100
2004-09-09,14.99666690826416,15.5600004196167,14.866666793823242,15.43333339691162,12.67372226715088,407100
2004-09-10,15.460000038146973,16.06999969482422,15.44333267211914,16.010000228881836,13.14727783203125,949200
2004-09-13,16.299999237060547,16.59666633605957,16.10333251953125,16.329999923706055,13.410062789916992,3798000
2004-09-14,16.299999237060547,16.399999618530273,16.143333435058594,16.373332977294922,13.445648193359377,795300
2004-09-15,16.126667022705078,16.126667022705078,15.803333282470703,15.890000343322754,13.04874038696289,451500
2004-09-16,16.043333053588867,16.100000381469727,15.859999656677246,15.90666675567627,13.062420845031738,524700
2004-09-17,16.06999969482422,16.196666717529297,15.91333293914795,16.176666259765625,13.284144401550291,431400
2004-09-20,16.083332061767578,16.81333351135254,16.046667098999023,16.64666748046875,13.670105934143066,837600
2004-09-21,16.78333282470703,16.920000076293945,16.68666648864746,16.836666107177734,13.826128959655762,1195500
2004-09-22,16.65999984741211,16.67333221435547,16.333332061767578,16.35333251953125,13.429216384887695,482100
2004-09-23,16.399999618530273,16.549999237060547,16.22333335876465,16.416667938232422,13.481231689453123,168000
2004-09-24,16.5,16.543333053588867,15.92666721343994,16.016666412353516,13.152752876281738,448800
2004-09-27,15.720000267028809,16.01333236694336,15.666666984558104,15.786666870117188,12.963878631591797,1411800
2004-09-28,15.770000457763672,15.803333282470703,15.483332633972168,15.609999656677246,12.818802833557127,587100
2004-09-29,15.640000343322754,15.970000267028809,15.640000343322754,15.84000015258789,13.007676124572754,856500
2004-09-30,15.90666675567627,16.163333892822266,15.896666526794434,16.00666618347168,13.144538879394531,1130400
2004-10-01,16.316667556762695,16.753332138061523,16.27666664123535,16.753332138061523,13.75769329071045,610200
2004-10-04,17.0,17.21666717529297,16.899999618530273,16.93666648864746,13.908251762390137,673200
2004-10-05,16.916667938232422,17.040000915527344,16.68666648864746,16.8799991607666,13.86171531677246,389100
2004-10-06,16.866666793823242,16.956666946411133,16.65333366394043,16.956666946411133,13.92467212677002,255000
2004-10-07,16.96666717529297,17.113332748413086,16.81333351135254,16.833332061767578,13.823393821716309,365100
2004-10-08,16.633333206176758,16.696666717529297,16.17333221435547,16.28333282470703,13.371736526489258,404400
2004-10-11,16.226667404174805,16.329999923706055,16.03333282470703,16.31333351135254,13.396371841430664,211200
2004-10-12,15.993332862854004,16.133333206176758,15.850000381469728,16.07666778564453,13.202022552490234,617400
2004-10-13,16.479999542236328,16.649999618530273,16.25,16.32666778564453,13.407320976257324,423000
2004-10-14,16.200000762939453,16.299999237060547,15.81666660308838,15.850000381469728,13.015887260437012,281700
2004-10-15,15.983332633972168,16.043333053588867,15.779999732971191,15.880000114440918,13.04052448272705,207000
2004-10-18,15.833333015441896,15.989999771118164,15.640000343322754,15.989999771118164,13.13085651397705,326100
2004-10-19,16.386667251586914,16.520000457763672,16.166667938232422,16.166667938232422,13.275935173034668,453900
2004-10-20,16.040000915527344,16.433332443237305,15.93000030517578,16.303333282470703,13.388158798217772,273900
2004-10-21,16.3799991607666,16.906667709350586,16.3799991607666,16.81999969482422,13.812445640563965,258900
2004-10-22,16.883333206176758,16.883333206176758,16.233333587646484,16.25,13.344366073608398,345600
2004-10-25,16.316667556762695,16.530000686645508,16.213333129882812,16.383333206176758,13.453853607177734,401400
2004-10-26,16.44333267211914,16.44333267211914,16.156667709350586,16.266666412353516,13.358051300048828,183300
2004-10-27,16.416667938232422,16.906667709350586,16.31999969482422,16.873332977294922,13.856244087219238,416100
2004-10-28,16.899999618530273,17.149999618530273,16.850000381469727,16.983333587646484,13.94657039642334,994500
2004-10-29,16.989999771118164,17.06999969482422,16.799999237060547,16.956666946411133,13.92467212677002,186600
2004-11-01,16.913333892822266,17.049999237060547,16.866666793823242,17.020000457763672,13.976683616638184,465600
2004-11-02,16.950000762939453,17.166667938232422,16.80666732788086,16.946666717529297,13.916462898254396,1016400
2004-11-03,17.503332138061523,17.503332138061523,16.770000457763672,16.81999969482422,13.812445640563965,710700
2004-11-04,16.656667709350586,16.996667861938477,16.606666564941406,16.926666259765625,13.90004062652588,396300
2004-11-05,17.233333587646484,17.393333435058594,17.083332061767578,17.196666717529297,14.121767044067385,687900
2004-11-08,17.196666717529297,17.343332290649414,17.123332977294922,17.203332901000977,14.12723445892334,178500
2004-11-09,17.21666717529297,17.226667404174805,17.023332595825195,17.07666778564453,14.02321720123291,157500
2004-11-10,17.066667556762695,17.066667556762695,16.780000686645508,16.823333740234375,13.81518268585205,405900
2004-11-11,16.950000762939453,17.200000762939453,16.920000076293945,17.166667938232422,14.097123146057127,223200
2004-11-12,17.299999237060547,17.510000228881836,17.100000381469727,17.476667404174805,14.351693153381348,447300
2004-11-15,17.440000534057617,17.843332290649414,17.373332977294922,17.75,14.576151847839355,364500
2004-11-16,17.593332290649414,17.80666732788086,17.510000228881836,17.636667251586914,14.48308277130127,297300
2004-11-17,17.99333381652832,18.356666564941406,17.92333221435547,18.106666564941406,14.869047164916992,676200
2004-11-18,17.996667861938477,18.36333274841309,17.889999389648438,18.34333229064941,15.06339168548584,585000
2004-11-19,18.293333053588867,18.293333053588867,17.793333053588867,17.796667098999023,14.614473342895508,687300
2004-11-22,17.68000030517578,17.863332748413086,17.610000610351562,17.860000610351562,14.666486740112305,259200
2004-11-23,17.893333435058594,17.98666763305664,17.623332977294922,17.733333587646484,14.562460899353027,188700
2004-11-24,17.89666748046875,17.940000534057617,17.78333282470703,17.8799991607666,14.682905197143556,180900
2004-11-26,17.93666648864746,17.93666648864746,17.773332595825195,17.77666664123535,14.598047256469728,50100
2004-11-29,17.99333381652832,18.07333374023437,17.65999984741211,17.73666763305664,14.565205574035645,360600
2004-11-30,17.799999237060547,17.799999237060547,17.5,17.5,14.370856285095217,324900
2004-12-01,17.616666793823242,18.233333587646484,17.616666793823242,18.233333587646484,14.973061561584473,238500
2004-12-02,18.08333206176757,18.446666717529297,18.030000686645508,18.07999992370605,14.847147941589355,648900
2004-12-03,18.63666725158692,18.75,18.420000076293945,18.433332443237305,15.13729190826416,417000
2004-12-06,18.450000762939453,18.6433334350586,18.28333282470703,18.549999237060547,15.233105659484863,219000
2004-12-07,18.57666778564453,18.773332595825195,18.18000030517578,18.183332443237305,14.932003021240234,383100
2004-12-08,18.08333206176757,18.08333206176757,17.81333351135254,17.873332977294922,14.677425384521484,575400
2004-12-09,17.416667938232422,17.786666870117188,17.206666946411133,17.65333366394043,14.496776580810549,1047300
2004-12-10,17.796667098999023,17.796667098999023,17.459999084472656,17.459999084472656,14.338006019592283,206400
2004-12-13,17.706666946411133,17.706666946411133,17.540000915527344,17.616666793823242,14.466668128967283,138300
2004-12-14,17.77666664123535,17.99333381652832,17.77666664123535,17.906667709350586,14.70480728149414,711000
2004-12-15,17.940000534057617,18.12333297729492,17.89666748046875,17.983333587646484,14.767765998840332,341700
2004-12-16,17.983333587646484,18.1200008392334,17.636667251586914,17.739999771118164,14.56794261932373,849300
2004-12-17,17.746667861938477,17.760000228881836,17.52666664123535,17.573333740234375,14.431073188781738,747600
2004-12-20,17.600000381469727,17.739999771118164,17.360000610351562,17.373332977294922,14.26683521270752,572700
2004-12-21,17.450000762939453,17.649999618530273,17.393333435058594,17.613332748413086,14.46391773223877,1310100
2004-12-22,17.683332443237305,17.766666412353516,17.60333251953125,17.700000762939453,14.5350923538208,409200
2004-12-23,17.700000762939453,17.786666870117188,17.65999984741211,17.739999771118164,14.56794261932373,279300
2004-12-27,17.770000457763672,17.866666793823242,17.56333351135254,17.639999389648438,14.485814094543455,125100
2004-12-28,17.586666107177734,17.733333587646484,17.549999237060547,17.670000076293945,14.510456085205078,212700
2004-12-29,17.706666946411133,17.92333221435547,17.649999618530273,17.836666107177734,14.647323608398438,174900
2004-12-30,17.843332290649414,17.963333129882812,17.843332290649414,17.90999984741211,14.70754337310791,328500
2004-12-31,17.906667709350586,18.01333236694336,17.866666793823242,17.933332443237305,14.72670841217041,359400
2005-01-03,18.12666702270508,18.13333320617676,17.586666107177734,17.633333206176758,14.480345726013184,674700
2005-01-04,17.633333206176758,17.683332443237305,16.860000610351562,17.100000381469727,14.042375564575195,1019700
2005-01-05,16.94333267211914,17.1299991607666,16.753332138061523,16.829999923706055,13.820652961730955,1136100
2005-01-06,16.866666793823242,17.003332138061523,16.709999084472656,16.75,13.754961967468262,1602000
2005-01-07,16.856666564941406,17.03333282470703,16.65999984741211,16.833332061767578,13.823393821716309,585300
2005-01-10,16.856666564941406,17.02666664123535,16.793333053588867,16.833332061767578,13.823393821716309,247500
2005-01-11,16.55666732788086,16.636667251586914,16.360000610351562,16.446666717529297,13.505867004394531,678900
2005-01-12,16.65333366394043,16.77666664123535,16.416667938232422,16.67333221435547,13.691998481750488,341100
2005-01-13,16.610000610351562,16.73666763305664,16.483333587646484,16.51333236694336,13.560611724853516,2932500
2005-01-14,16.649999618530273,16.829999923706055,16.6200008392334,16.700000762939453,13.713900566101074,198300
2005-01-18,16.666667938232422,16.85333251953125,16.600000381469727,16.836666107177734,13.826128959655762,106200
2005-01-19,16.816667556762695,16.816667556762695,16.360000610351562,16.386667251586914,13.456595420837402,588900
2005-01-20,16.266666412353516,16.483333587646484,16.219999313354492,16.233333587646484,13.330678939819336,741000
2005-01-21,16.39666748046875,16.39666748046875,16.066667556762695,16.066667556762695,13.193815231323242,882600
2005-01-24,16.1200008392334,16.1200008392334,15.710000038146973,15.710000038146973,12.900925636291504,3387300
2005-01-25,15.93333339691162,16.066667556762695,15.93333339691162,15.973333358764648,13.11716651916504,463800
2005-01-26,16.23666763305664,16.44333267211914,15.899999618530272,16.393333435058594,13.462066650390623,871500
2005-01-27,16.406667709350586,16.586666107177734,16.329999923706055,16.573333740234375,13.609885215759276,296400
2005-01-28,16.633333206176758,16.666667938232422,16.31333351135254,16.40999984741211,13.475751876831056,193800
2005-01-31,16.666667938232422,16.709999084472656,16.553333282470703,16.613332748413086,13.642728805541992,404100
2005-02-01,16.626667022705078,16.860000610351562,16.626667022705078,16.816667556762695,13.809709548950195,306000
2005-02-02,16.883333206176758,16.916667938232422,16.753332138061523,16.816667556762695,13.809709548950195,80100
2005-02-03,16.670000076293945,16.69333267211914,16.47333335876465,16.579999923706055,13.615361213684082,155400
2005-02-04,16.80666732788086,17.296667098999023,16.770000457763672,17.280000686645508,14.190191268920898,223200
2005-02-07,17.246667861938477,17.440000534057617,17.200000762939453,17.233333587646484,14.15187168121338,166800
2005-02-08,17.206666946411133,17.68666648864746,17.206666946411133,17.579999923706055,14.436546325683594,735600
2005-02-09,17.583332061767578,17.583332061767578,17.139999389648438,17.15333366394043,14.086176872253418,266400
2005-02-10,17.46666717529297,17.46666717529297,17.1299991607666,17.260000228881836,14.173768043518066,163800
2005-02-11,17.266666412353516,17.926666259765625,17.200000762939453,17.80666732788086,14.62269115447998,981900
2005-02-14,17.843332290649414,17.913333892822266,17.75,17.860000610351562,14.666486740112305,195000
2005-02-15,17.94333267211914,18.18666648864746,17.80666732788086,17.959999084472656,14.74860382080078,686400
2005-02-16,17.823333740234375,17.953332901000977,17.700000762939453,17.82666778564453,14.639111518859863,499800
2005-02-17,17.790000915527344,17.93666648864746,17.53333282470703,17.559999465942383,14.420129776000977,264300
2005-02-18,17.50666618347168,17.663333892822266,17.5,17.546667098999023,14.4091796875,325200
2005-02-22,17.386667251586914,17.950000762939453,17.386667251586914,17.51333236694336,14.381808280944824,468900
2005-02-23,17.666667938232422,17.666667938232422,17.25666618347168,17.44333267211914,14.324317932128906,381900
2005-02-24,17.56999969482422,17.829999923706055,17.3799991607666,17.81999969482422,14.63363552093506,674700
2005-02-25,17.883333206176758,18.15999984741211,17.793333053588867,18.13666725158692,14.89368724822998,622800
2005-02-28,18.21666717529297,18.33666610717773,17.809999465942383,17.920000076293945,14.715755462646484,423300
2005-03-01,18.14999961853028,18.32666778564453,18.07999992370605,18.31666755676269,15.041494369506836,420000
2005-03-02,18.31666755676269,18.31666755676269,17.946666717529297,18.053333282470703,14.825246810913086,365700
2005-03-03,18.049999237060547,18.049999237060547,17.64666748046875,17.809999465942383,14.625418663024902,614100
2005-03-04,17.926666259765625,18.03333282470703,17.733333587646484,17.80666732788086,14.62269115447998,199500
2005-03-07,17.916667938232422,18.26666641235352,17.913333892822266,18.10333251953125,14.866311073303224,371100
2005-03-08,18.03333282470703,18.26666641235352,17.799999237060547,17.829999923706055,14.641858100891112,469500
2005-03-09,17.90999984741211,18.03333282470703,17.719999313354492,17.719999313354492,14.551517486572266,357600
2005-03-10,17.75,17.976667404174805,17.626667022705078,17.953332901000977,14.74313259124756,584700
2005-03-11,18.023332595825195,18.07999992370605,17.469999313354492,17.553333282470703,14.414652824401855,385800
2005-03-14,17.566667556762695,17.649999618530273,17.503332138061523,17.579999923706055,14.436546325683594,241800
2005-03-15,17.666667938232422,17.67333221435547,17.270000457763672,17.273332595825195,14.18471622467041,320400
2005-03-16,17.226667404174805,17.46666717529297,17.05666732788086,17.10333251953125,14.045114517211914,721200
2005-03-17,17.136667251586914,17.24333381652832,17.083332061767578,17.139999389648438,14.07522678375244,519900
2005-03-18,17.110000610351562,17.123332977294922,16.883333206176758,16.920000076293945,13.89455795288086,430800
2005-03-21,17.02666664123535,17.093332290649414,16.809999465942383,16.97333335876465,13.93836784362793,1236900
2005-03-22,17.176666259765625,17.183332443237305,16.81333351135254,16.81333351135254,13.806967735290527,431400
2005-03-23,16.93666648864746,17.1200008392334,16.93666648864746,17.00666618347168,13.965731620788574,406500
2005-03-24,17.126667022705078,17.176666259765625,17.020000457763672,17.030000686645508,13.984892845153809,153300
2005-03-28,17.170000076293945,17.266666412353516,16.989999771118164,16.989999771118164,13.952046394348145,225900
2005-03-29,16.946666717529297,17.05666732788086,16.709999084472656,16.709999084472656,13.7221097946167,168300
2005-03-30,16.883333206176758,17.133333206176758,16.803333282470703,17.133333206176758,14.069748878479004,159000
2005-03-31,17.133333206176758,17.133333206176758,16.96666717529297,16.989999771118164,13.952046394348145,209700
2005-04-01,17.116666793823242,17.176666259765625,16.76333236694336,16.770000457763672,13.771387100219728,221700
2005-04-04,16.713333129882812,16.770000457763672,16.59000015258789,16.706666946411133,13.719374656677246,302100
2005-04-05,16.700000762939453,16.876667022705078,16.64666748046875,16.69333267211914,13.708425521850586,387300
2005-04-06,16.833332061767578,16.92333221435547,16.700000762939453,16.706666946411133,13.719374656677246,135600
2005-04-07,16.799999237060547,17.003332138061523,16.713333129882812,16.989999771118164,13.952046394348145,181800
2005-04-08,17.049999237060547,17.093332290649414,16.926666259765625,16.940000534057617,13.910984992980955,305700
2005-04-11,16.96666717529297,17.010000228881836,16.770000457763672,16.799999237060547,13.796024322509766,160200
2005-04-12,16.766666412353516,16.793333053588867,16.386667251586914,16.760000228881836,13.763165473937988,304200
2005-04-13,16.733333587646484,16.733333587646484,16.323333740234375,16.366666793823242,13.440167427062988,278700
2005-04-14,16.32666778564453,16.389999389648438,16.1200008392334,16.123332977294922,13.240346908569336,371700
2005-04-15,15.866666793823242,15.886667251586914,15.56666660308838,15.616666793823242,12.824277877807615,764100
2005-04-18,15.623332977294922,15.84333324432373,15.563332557678224,15.69333267211914,12.887235641479492,603600
2005-04-19,16.010000228881836,16.106666564941406,15.91333293914795,16.040000915527344,13.171915054321287,255900
2005-04-20,16.28333282470703,16.316667556762695,15.789999961853027,15.813332557678224,12.985777854919434,423300
2005-04-21,16.126667022705078,16.399999618530273,16.083332061767578,16.386667251586914,13.456595420837402,433500
2005-04-22,16.316667556762695,16.329999923706055,16.0,16.133333206176758,13.248558044433594,254400
2005-04-25,16.233333587646484,16.28333282470703,16.083332061767578,16.19333267211914,13.297832489013672,195600
2005-04-26,16.133333206176758,16.44333267211914,16.073333740234375,16.139999389648438,13.254036903381348,147000
2005-04-27,15.923333168029783,16.139999389648438,15.84333324432373,16.02666664123535,13.160965919494627,166200
2005-04-28,16.126667022705078,16.126667022705078,15.833333015441896,15.833333015441896,13.002198219299316,742500
2005-04-29,15.923333168029783,16.053333282470703,15.633333206176758,16.010000228881836,13.14727783203125,1150800
2005-05-02,16.010000228881836,16.093332290649414,15.916666984558104,16.0,13.139068603515623,124800
2005-05-03,16.049999237060547,16.143333435058594,15.93000030517578,15.960000038146973,13.10622215270996,367200
2005-05-04,16.03333282470703,16.389999389648438,16.030000686645508,16.31999969482422,13.401848793029783,462000
2005-05-05,16.366666793823242,16.530000686645508,16.296667098999023,16.360000610351562,13.434697151184082,183600
2005-05-06,16.44333267211914,16.520000457763672,16.35333251953125,16.479999542236328,13.533241271972656,123600
2005-05-09,16.49333381652832,16.549999237060547,16.34666633605957,16.543333053588867,13.585247993469238,118200
2005-05-10,16.483333587646484,16.483333587646484,16.31999969482422,16.366666793823242,13.440167427062988,81900
2005-05-11,16.47333335876465,16.47333335876465,16.15999984741211,16.393333435058594,13.462066650390623,257400
2005-05-12,16.496667861938477,16.64666748046875,16.40333366394043,16.456666946411133,13.51407527923584,180300
2005-05-13,16.540000915527344,17.066667556762695,16.540000915527344,16.979999542236328,13.94383430480957,830700
2005-05-16,17.0,17.07666778564453,16.873332977294922,17.043333053588867,13.995848655700684,178200
2005-05-17,17.02666664123535,17.176666259765625,16.963333129882812,17.176666259765625,14.105339050292969,333300
2005-05-18,17.28333282470703,17.426666259765625,17.07666778564453,17.383333206176758,14.275053977966309,1954500
2005-05-19,17.440000534057617,17.583332061767578,17.333332061767578,17.416667938232422,14.302423477172852,2020800
2005-05-20,17.40999984741211,17.56333351135254,17.30666732788086,17.546667098999023,14.4091796875,204900
2005-05-23,17.566667556762695,17.68666648864746,17.463333129882812,17.586666107177734,14.442031860351562,168300
2005-05-24,17.543333053588867,17.803333282470703,17.5,17.796667098999023,14.614473342895508,364500
2005-05-25,17.766666412353516,17.766666412353516,17.516666412353516,17.64666748046875,14.491296768188477,292800
2005-05-26,17.78333282470703,18.0,17.78333282470703,17.946666717529297,14.737658500671388,255600
2005-05-27,17.946666717529297,17.946666717529297,17.719999313354492,17.8700008392334,14.67469596862793,873000
2005-05-31,17.94333267211914,18.0,17.793333053588867,17.833332061767578,14.644593238830566,846900
2005-06-01,17.829999923706055,18.08333206176757,17.76333236694336,17.96666717529297,14.754079818725586,683100
2005-06-02,17.96666717529297,18.233333587646484,17.96666717529297,18.229999542236328,14.970322608947754,461400
2005-06-03,18.26666641235352,18.26666641235352,18.046667098999023,18.07333374023437,14.84167194366455,948000
2005-06-06,18.01666641235352,18.01666641235352,17.82666778564453,17.950000762939453,14.74038791656494,820800
2005-06-07,18.020000457763672,18.21666717529297,17.773332595825195,17.80666732788086,14.62269115447998,1004700
2005-06-08,18.03333282470703,18.09000015258789,17.889999389648438,17.94333267211914,14.734912872314451,520500
2005-06-09,17.94333267211914,18.290000915527344,17.833332061767578,18.28333282470703,15.014123916625977,415500
2005-06-10,18.206666946411133,18.21999931335449,17.93000030517578,18.00666618347168,14.786920547485352,468900
2005-06-13,17.950000762939453,18.14666748046875,17.899999618530273,17.976667404174805,14.762292861938477,173400
2005-06-14,17.969999313354492,18.049999237060547,17.81999969482422,17.856666564941406,14.66374969482422,139500
2005-06-15,17.926666259765625,17.98666763305664,17.593332290649414,17.89666748046875,14.69659423828125,499800
2005-06-16,17.89666748046875,18.11000061035156,17.89666748046875,18.03333282470703,14.808822631835938,334800
2005-06-17,18.049999237060547,18.14666748046875,17.950000762939453,18.03333282470703,14.808822631835938,166200
2005-06-20,17.8799991607666,18.010000228881836,17.81999969482422,17.950000762939453,14.74038791656494,213600
2005-06-21,17.96666717529297,18.100000381469727,17.96666717529297,18.06666755676269,14.836191177368164,225000
2005-06-22,18.14999961853028,18.21666717529297,18.05666732788086,18.206666946411133,14.951164245605469,356700
2005-06-23,18.26000022888184,18.65333366394043,18.206666946411133,18.21333312988281,14.956635475158691,1476300
2005-06-24,18.226667404174805,18.226667404174805,17.856666564941406,17.866666793823242,14.671957015991213,185100
2005-06-27,17.799999237060547,17.81999969482422,17.520000457763672,17.586666107177734,14.442031860351562,1243200
2005-06-28,17.75,17.80666732788086,17.649999618530273,17.793333053588867,14.611737251281738,398400
2005-06-29,17.833332061767578,17.833332061767578,17.67333221435547,17.71666717529297,14.548779487609863,516000
2005-06-30,17.770000457763672,17.833332061767578,17.56333351135254,17.573333740234375,14.431073188781738,843300
2005-07-01,17.666667938232422,17.703332901000977,17.553333282470703,17.6200008392334,14.46939468383789,125700
2005-07-05,17.56999969482422,17.90333366394043,17.543333053588867,17.8700008392334,14.67469596862793,154500
2005-07-06,17.8700008392334,18.166667938232425,17.8700008392334,18.02666664123535,14.803345680236816,664800
2005-07-07,17.739999771118164,18.100000381469727,17.739999771118164,18.100000381469727,14.863566398620604,778200
2005-07-08,18.100000381469727,18.51000022888184,18.100000381469727,18.48666763305664,15.181097030639648,743700
2005-07-11,18.666667938232425,18.913333892822266,18.666667938232425,18.906667709350582,15.526000022888184,432000
2005-07-12,18.89999961853028,19.13333320617676,18.850000381469727,19.06666755676269,15.657392501831056,873300
2005-07-13,19.06666755676269,19.163333892822266,18.94333267211914,19.1200008392334,15.701179504394531,1061100
2005-07-14,19.5,19.5,19.163333892822266,19.31666755676269,15.862688064575195,5923800
2005-07-15,19.31666755676269,19.31999969482422,19.05666732788086,19.26000022888184,15.816155433654783,751500
2005-07-18,19.200000762939453,19.233333587646484,19.053333282470703,19.15999984741211,15.734039306640623,806400
2005-07-19,19.22333335876465,19.553333282470703,19.22333335876465,19.549999237060547,16.054296493530273,773700
2005-07-20,19.203332901000977,19.81666755676269,19.19333267211914,19.739999771118164,16.210329055786133,646800
2005-07-21,19.71999931335449,19.93666648864746,19.34000015258789,19.420000076293945,15.947543144226074,349500
2005-07-22,19.65999984741211,19.71666717529297,19.40999984741211,19.546667098999023,16.051559448242188,578100
2005-07-25,19.62666702270508,19.74333381652832,19.456666946411133,19.50666618347168,16.018718719482422,262500
2005-07-26,19.65999984741211,19.799999237060547,19.56666755676269,19.78333282470703,16.245912551879883,360600
2005-07-27,19.61666679382324,19.700000762939453,19.38666725158692,19.63333320617676,16.12273406982422,539700
2005-07-28,19.666667938232425,19.733333587646484,19.523332595825195,19.733333587646484,16.204849243164062,162300
2005-07-29,19.6433334350586,19.700000762939453,19.5,19.61333274841309,16.10630989074707,796200
2005-08-01,19.656667709350582,19.71666717529297,19.540000915527344,19.64666748046875,16.133678436279297,851100
2005-08-02,19.700000762939453,20.08333206176757,19.700000762939453,20.06666755676269,16.47856903076172,365400
2005-08-03,19.99333381652832,20.046667098999023,19.88333320617676,19.96999931335449,16.399198532104492,368100
2005-08-04,19.809999465942383,19.809999465942383,19.540000915527344,19.540000915527344,16.046085357666016,491100
2005-08-05,19.46666717529297,19.58666610717773,19.34666633605957,19.440000534057617,15.963963508605955,247800
2005-08-08,19.46333312988281,19.549999237060547,19.31333351135254,19.31333351135254,15.859947204589844,239100
2005-08-09,19.38333320617676,19.63666725158692,19.38333320617676,19.57333374023437,16.073448181152344,154800
2005-08-10,19.58333206176757,19.739999771118164,19.25,19.299999237060547,15.848998069763184,1062000
2005-08-11,19.26666641235352,19.52666664123535,19.23666763305664,19.51333236694336,16.024192810058594,211800
2005-08-12,19.31999969482422,19.33666610717773,19.09666633605957,19.166667938232425,15.739509582519531,1021200
2005-08-15,19.166667938232425,19.46999931335449,19.13666725158692,19.416667938232425,15.94481372833252,211800
2005-08-16,19.36000061035156,19.36000061035156,19.00666618347168,19.02666664123535,15.624534606933594,213600
2005-08-17,19.14999961853028,19.350000381469727,19.14999961853028,19.293333053588867,15.843515396118164,908100
2005-08-18,19.14999961853028,19.52666664123535,19.09666633605957,19.11666679382324,15.698447227478027,304800
2005-08-19,19.183332443237305,19.286666870117188,19.11333274841309,19.1200008392334,15.701179504394531,857400
2005-08-22,19.299999237060547,19.40999984741211,19.209999084472656,19.39999961853028,15.931113243103027,1209000
2005-08-23,19.36666679382324,19.46666717529297,19.26000022888184,19.34000015258789,15.881841659545898,209700
2005-08-24,19.26333236694336,19.57999992370605,19.18666648864746,19.200000762939453,15.766883850097656,776100
2005-08-25,19.26666641235352,19.38333320617676,19.200000762939453,19.31999969482422,15.865419387817385,7514700
2005-08-26,19.31333351135254,19.31333351135254,19.08333206176757,19.14666748046875,15.72309112548828,745200
2005-08-29,19.100000381469727,19.416667938232425,19.06999969482422,19.3700008392334,15.906490325927734,310800
2005-08-30,19.270000457763672,19.446666717529297,19.14999961853028,19.446666717529297,15.969444274902344,175200
2005-08-31,19.426666259765625,19.666667938232425,19.31999969482422,19.64999961853028,16.13642692565918,522600
2005-09-01,19.52666664123535,19.62666702270508,19.413333892822266,19.459999084472656,15.980393409729004,1964100
2005-09-02,19.489999771118164,19.523332595825195,19.34000015258789,19.38999938964844,15.922906875610352,218400
2005-09-06,19.520000457763672,19.726667404174805,19.51333236694336,19.700000762939453,16.177478790283203,212100
2005-09-07,19.670000076293945,19.82333374023437,19.536666870117188,19.71333312988281,16.188425064086914,282000
2005-09-08,19.700000762939453,20.043333053588867,19.700000762939453,19.99333381652832,16.418357849121094,526500
2005-09-09,20.03333282470703,20.13999938964844,19.89999961853028,20.06999969482422,16.481313705444336,2484000
2005-09-12,20.09333229064941,20.1200008392334,19.98666763305664,20.03333282470703,16.451210021972656,123900
2005-09-13,20.0,20.30666732788086,19.98666763305664,20.21333312988281,16.599021911621094,981000
2005-09-14,20.39999961853028,20.39999961853028,20.00666618347168,20.100000381469727,16.505952835083008,288600
2005-09-15,20.100000381469727,20.1200008392334,19.850000381469727,19.89999961853028,16.341720581054688,232500
2005-09-16,19.983333587646484,19.98666763305664,19.773332595825195,19.96666717529297,16.396461486816406,196800
2005-09-19,19.906667709350582,19.96666717529297,19.61333274841309,19.68000030517578,16.161046981811523,244500
2005-09-20,19.72333335876465,19.920000076293945,19.549999237060547,19.549999237060547,16.054296493530273,346800
2005-09-21,19.476667404174805,19.476667404174805,19.200000762939453,19.280000686645508,15.832573890686035,366300
2005-09-22,19.15999984741211,19.31333351135254,18.96999931335449,19.190000534057617,15.758673667907717,575400
2005-09-23,19.1433334350586,19.44333267211914,19.053333282470703,19.34666633605957,15.887321472167969,299400
2005-09-26,19.62666702270508,19.666667938232425,19.290000915527344,19.38999938964844,15.930870056152344,345000
2005-09-27,19.36666679382324,19.43000030517578,19.046667098999023,19.17333221435547,15.752848625183104,896100
2005-09-28,19.176666259765625,19.37666702270508,19.046667098999023,19.15999984741211,15.741893768310549,292200
2005-09-29,19.170000076293945,19.523332595825195,19.053333282470703,19.459999084472656,15.988374710083008,245100
2005-09-30,19.51000022888184,19.856666564941406,19.5,19.753332138061523,16.229381561279297,522900
2005-10-03,19.89999961853028,20.1299991607666,19.89999961853028,19.940000534057617,16.382741928100586,2934300
2005-10-04,19.940000534057617,20.08333206176757,19.67333221435547,19.67333221435547,16.163652420043945,262200
2005-10-05,19.676666259765625,19.68666648864746,19.34666633605957,19.34666633605957,15.895259857177734,225600
2005-10-06,19.36000061035156,19.44333267211914,18.8700008392334,19.08333206176757,15.678905487060549,2484000
2005-10-07,19.15999984741211,19.26666641235352,19.09666633605957,19.190000534057617,15.766549110412598,289500
2005-10-10,19.03333282470703,19.03333282470703,18.61000061035156,18.61000061035156,15.290023803710938,527700
2005-10-11,18.64999961853028,18.700000762939453,18.206666946411133,18.280000686645508,15.01889419555664,1189200
2005-10-12,18.200000762939453,18.32666778564453,18.036666870117188,18.239999771118164,14.986026763916016,989700
2005-10-13,18.280000686645508,18.58333206176757,18.14666748046875,18.553333282470703,15.24345874786377,281700
2005-10-14,18.600000381469727,18.703332901000977,18.35333251953125,18.52666664123535,15.221549987792969,220200
2005-10-17,18.546667098999023,18.61333274841309,18.40333366394043,18.559999465942383,15.248933792114258,230700
2005-10-18,18.549999237060547,18.549999237060547,18.34666633605957,18.426666259765625,15.13938331604004,202800
2005-10-19,18.14666748046875,18.51333236694336,17.983333587646484,18.5,15.199639320373535,568200
2005-10-20,18.549999237060547,18.78333282470703,18.453332901000977,18.53333282470703,15.22701930999756,473100
2005-10-21,18.71666717529297,18.82999992370605,18.65999984741211,18.71333312988281,15.374911308288574,417600
2005-10-24,18.773332595825195,18.926666259765625,18.606666564941406,18.926666259765625,15.55018711090088,302400
2005-10-25,18.81666755676269,18.81666755676269,18.57999992370605,18.63999938964844,15.31467056274414,320400
2005-10-26,18.69333267211914,18.86666679382324,18.58333206176757,18.62666702270508,15.303709030151367,407100
2005-10-27,18.57333374023437,18.60333251953125,18.18666648864746,18.226667404174805,14.975069046020508,817200
2005-10-28,17.983333587646484,18.209999084472656,17.75666618347168,18.209999084472656,14.961379051208496,1075800
2005-10-31,18.440000534057617,18.69333267211914,18.43000030517578,18.600000381469727,15.281800270080566,866700
2005-11-01,18.5,18.51333236694336,18.34333229064941,18.39999961853028,15.117481231689451,836100
2005-11-02,18.479999542236328,19.07333374023437,18.479999542236328,19.046667098999023,15.64878273010254,261900
2005-11-03,19.33333206176757,19.543333053588867,19.28333282470703,19.39999961853028,15.939085006713867,1457400
2005-11-04,19.19333267211914,19.540000915527344,19.19333267211914,19.47333335876465,15.99933910369873,1249500
2005-11-07,19.53333282470703,19.61000061035156,19.350000381469727,19.5,16.0212459564209,1322400
2005-11-08,19.5,19.6200008392334,19.33333206176757,19.476667404174805,16.002073287963867,138600
2005-11-09,19.793333053588867,19.809999465942383,19.406667709350582,19.773332595825195,16.245819091796875,303000
2005-11-10,19.83333206176757,19.979999542236328,19.60333251953125,19.920000076293945,16.36631965637207,301500
2005-11-11,20.09666633605957,20.11000061035156,19.84666633605957,19.86666679382324,16.322494506835938,911400
2005-11-14,19.913333892822266,19.983333587646484,19.84666633605957,19.933332443237305,16.37726593017578,1260600
2005-11-15,19.916667938232425,20.040000915527344,19.75,19.786666870117188,16.25676918029785,211200
2005-11-16,19.84000015258789,19.84666633605957,19.63666725158692,19.77666664123535,16.24855613708496,339600
2005-11-17,19.733333587646484,20.02666664123535,19.67333221435547,20.0,16.432044982910156,580200
2005-11-18,20.196666717529297,20.46333312988281,20.14999961853028,20.35333251953125,16.72233772277832,686400
2005-11-21,20.30666732788086,20.3933334350586,20.190000534057617,20.26000022888184,16.645654678344727,203400
2005-11-22,20.229999542236328,20.656667709350582,20.229999542236328,20.540000915527344,16.875709533691406,1948500
2005-11-23,20.57333374023437,20.81333351135254,20.56666755676269,20.59000015258789,16.916786193847656,436200
2005-11-25,20.656667709350582,20.78333282470703,20.63333320617676,20.72333335876465,17.026336669921875,338100
2005-11-28,20.84000015258789,20.84000015258789,20.46999931335449,20.48666763305664,16.83188819885254,470100
2005-11-29,20.56999969482422,20.690000534057617,20.38333320617676,20.38333320617676,16.746994018554688,348600
2005-11-30,20.459999084472656,20.73666763305664,20.456666946411133,20.61666679382324,16.938703536987305,271500
2005-12-01,20.86666679382324,21.36000061035156,20.86666679382324,21.31666755676269,17.513816833496094,1682700
2005-12-02,21.32999992370605,21.546667098999023,21.286666870117188,21.299999237060547,17.500118255615234,386400
2005-12-05,21.26666641235352,21.26666641235352,20.93666648864746,21.01333236694336,17.264606475830078,248100
2005-12-06,21.24666786193848,21.46333312988281,21.13666725158692,21.21666717529297,17.431663513183594,1305300
2005-12-07,21.206666946411133,21.206666946411133,20.88333320617676,20.94333267211914,17.207090377807617,391500
2005-12-08,21.01000022888184,21.12666702270508,20.5,20.65333366394043,16.968828201293945,567600
2005-12-09,20.676666259765625,20.98666763305664,20.559999465942383,20.93666648864746,17.201623916625977,255000
2005-12-12,21.11666679382324,21.14666748046875,20.959999084472656,21.09666633605957,17.333070755004883,309600
2005-12-13,21.09333229064941,21.30666732788086,20.96666717529297,21.11666679382324,17.349496841430664,343800
2005-12-14,21.1200008392334,21.18666648864746,20.946666717529297,21.059999465942383,17.30293846130371,169200
2005-12-15,21.1299991607666,21.14999961853028,20.93000030517578,20.97333335876465,17.231733322143555,154800
2005-12-16,20.976667404174805,21.00666618347168,20.86000061035156,20.86666679382324,17.14409828186035,210600
2005-12-19,20.86666679382324,20.86666679382324,20.42333221435547,20.446666717529297,16.799026489257812,243900
2005-12-20,20.433332443237305,20.666667938232425,20.299999237060547,20.483333587646484,16.82915496826172,451200
2005-12-21,20.5,20.703332901000977,20.450000762939453,20.536666870117188,16.872974395751953,372000
2005-12-22,20.63666725158692,20.81333351135254,20.600000381469727,20.790000915527344,17.08111000061035,261000
2005-12-23,20.87333297729492,20.979999542236328,20.81333351135254,20.85333251953125,17.13314437866211,144600
2005-12-27,21.00666618347168,21.030000686645508,20.60333251953125,20.63333320617676,16.952390670776367,1374600
2005-12-28,20.63333320617676,20.703332901000977,20.446666717529297,20.64666748046875,16.963348388671875,182100
2005-12-29,20.700000762939453,20.73666763305664,20.446666717529297,20.46333312988281,16.812707901000977,180600
2005-12-30,20.33333206176757,20.38999938964844,20.15999984741211,20.32333374023437,16.69769859313965,2471100
2006-01-03,20.553333282470703,21.03333282470703,20.24333381652832,20.87666702270508,17.15231704711914,469500
2006-01-04,21.08333206176757,21.209999084472656,21.03333282470703,21.18000030517578,17.401538848876953,299100
2006-01-05,21.48666763305664,21.69333267211914,21.38666725158692,21.62333297729492,17.765779495239258,1715700
2006-01-06,21.96666717529297,22.163333892822266,21.726667404174805,22.11666679382324,18.171098709106445,892200
2006-01-09,22.21666717529297,22.42333221435547,22.11666679382324,22.356666564941406,18.36828994750977,2550000
2006-01-10,22.06333351135254,22.38999938964844,22.06333351135254,22.38333320617676,18.390195846557617,1974900
2006-01-11,22.433332443237305,22.709999084472656,22.350000381469727,22.64999961853028,18.60929107666016,544800
2006-01-12,22.656667709350582,22.786666870117188,22.38333320617676,22.40999984741211,18.412109375,882600
2006-01-13,22.31666755676269,22.37666702270508,22.06666755676269,22.233333587646484,18.266958236694336,501000
2006-01-17,21.956666946411133,21.979999542236328,21.74666786193848,21.88666725158692,17.98213005065918,647100
2006-01-18,21.34333229064941,21.73666763305664,21.31999969482422,21.683332443237305,17.8150691986084,3969000
2006-01-19,22.200000762939453,22.46999931335449,22.190000534057617,22.290000915527344,18.313522338867188,768600
2006-01-20,22.06666755676269,22.06666755676269,21.413333892822266,21.456666946411133,17.62883758544922,2289300
2006-01-23,21.530000686645508,21.666667938232425,21.34666633605957,21.546667098999023,17.702789306640625,1102500
2006-01-24,21.83333206176757,21.933332443237305,21.6299991607666,21.76666641235352,17.883543014526367,245700
2006-01-25,21.850000381469727,21.850000381469727,21.55666732788086,21.786666870117188,17.89996910095215,239400
2006-01-26,21.959999084472656,22.356666564941406,21.84666633605957,22.25,18.28064727783203,492900
2006-01-27,22.299999237060547,22.85333251953125,22.299999237060547,22.453332901000977,18.44770812988281,541500
2006-01-30,22.549999237060547,22.549999237060547,22.34333229064941,22.440000534057617,18.43675422668457,280200
2006-01-31,22.33333206176757,22.36666679382324,22.08666610717773,22.1433334350586,18.19301414489746,212700
2006-02-01,22.09000015258789,22.39999961853028,21.96999931335449,22.36666679382324,18.37649917602539,381900
2006-02-02,22.38333320617676,22.51000022888184,21.983333587646484,22.03333282470703,18.10263633728028,295500
2006-02-03,21.950000762939453,22.05666732788086,21.770000457763672,21.799999237060547,17.910934448242188,304200
2006-02-06,21.88333320617676,22.11000061035156,21.76666641235352,22.06666755676269,18.130027770996094,121800
2006-02-07,22.08333206176757,22.200000762939453,21.92333221435547,22.11666679382324,18.171098709106445,253800
2006-02-08,22.33666610717773,22.51333236694336,22.200000762939453,22.503332138061523,18.4887809753418,333300
2006-02-09,22.56666755676269,22.799999237060547,22.36333274841309,22.420000076293945,18.420318603515625,395700
2006-02-10,22.33666610717773,22.34666633605957,21.8933334350586,22.26666641235352,18.294342041015625,201300
2006-02-13,22.100000381469727,22.13333320617676,21.8700008392334,21.989999771118164,18.06702995300293,305700
2006-02-14,22.023332595825195,22.226667404174805,21.83333206176757,22.209999084472656,18.247791290283203,312600
2006-02-15,22.14666748046875,22.32999992370605,22.053333282470703,22.270000457763672,18.297075271606445,221100
2006-02-16,22.49666786193848,22.53333282470703,22.30666732788086,22.5,18.486045837402344,254400
2006-02-17,22.350000381469727,22.38666725158692,22.12333297729492,22.12333297729492,18.17658042907715,197700
2006-02-21,22.040000915527344,22.11666679382324,21.63999938964844,21.700000762939453,17.828765869140625,663300
2006-02-22,21.62666702270508,21.99666786193848,21.446666717529297,21.89999961853028,17.993083953857422,2075100
2006-02-23,21.81666755676269,21.90999984741211,21.663333892822266,21.663333892822266,17.79863739013672,1335300
2006-02-24,21.64999961853028,21.799999237060547,21.57333374023437,21.706666946411133,17.834251403808594,1876800
2006-02-27,21.676666259765625,21.88333320617676,21.676666259765625,21.799999237060547,17.910934448242188,335700
2006-02-28,21.76666641235352,21.93000030517578,21.57666778564453,21.65333366394043,17.790428161621094,2030400
2006-03-01,21.88999938964844,22.56333351135254,21.88999938964844,22.489999771118164,18.47783470153809,735300
2006-03-02,22.406667709350582,22.71333312988281,22.33333206176757,22.52666664123535,18.50795555114746,541500
2006-03-03,22.456666946411133,22.606666564941406,22.253332138061523,22.25666618347168,18.286130905151367,387900
2006-03-06,22.33666610717773,22.3799991607666,21.96333312988281,22.046667098999023,18.11359214782715,200100
2006-03-07,21.726667404174805,21.78333282470703,21.38666725158692,21.456666946411133,17.62883758544922,546600
2006-03-08,21.38333320617676,21.5,21.08333206176757,21.37333297729492,17.56038475036621,1535100
2006-03-09,21.416667938232425,21.63999938964844,21.07999992370605,21.08333206176757,17.322120666503906,235200
2006-03-10,21.02666664123535,21.303333282470703,20.89666748046875,21.01333236694336,17.264606475830078,2356500
2006-03-13,21.09333229064941,21.21666717529297,20.926666259765625,20.926666259765625,17.19339942932129,230400
2006-03-14,20.926666259765625,21.47333335876465,20.926666259765625,21.40999984741211,17.590503692626953,1035300
2006-03-15,21.63333320617676,21.696666717529297,21.46333312988281,21.656667709350582,17.79315948486328,158700
2006-03-16,21.666667938232425,21.676666259765625,21.08666610717773,21.08666610717773,17.32485008239746,690000
2006-03-17,21.036666870117188,21.21666717529297,20.86000061035156,21.09333229064941,17.330322265625,708600
2006-03-20,21.1200008392334,21.26333236694336,21.043333053588867,21.1299991607666,17.360450744628906,479700
2006-03-21,21.1299991607666,21.64999961853028,21.07999992370605,21.13333320617676,17.363189697265625,2416200
2006-03-22,21.06999969482422,21.21999931335449,20.979999542236328,21.13666725158692,17.365930557250977,640800
2006-03-23,21.190000534057617,21.416667938232425,21.190000534057617,21.32333374023437,17.519287109375,402900
2006-03-24,21.36333274841309,21.57666778564453,21.293333053588867,21.56999969482422,17.721961975097656,331800
2006-03-27,21.59000015258789,21.71333312988281,21.51333236694336,21.540000915527344,17.697309494018555,2412300
2006-03-28,21.5,21.600000381469727,21.13666725158692,21.156667709350582,17.382360458374023,456300
2006-03-29,21.049999237060547,21.81999969482422,21.049999237060547,21.74333381652832,17.8643741607666,1086900
2006-03-30,22.03333282470703,22.06666755676269,21.75,21.85333251953125,17.954748153686523,413100
2006-03-31,21.94333267211914,21.98666763305664,21.6299991607666,21.729999542236328,17.853424072265625,279900
2006-04-03,21.706666946411133,22.166667938232425,21.706666946411133,21.88333320617676,17.979398727416992,858000
2006-04-04,21.956666946411133,22.10333251953125,21.86333274841309,21.953332901000977,18.036909103393555,305700
2006-04-05,22.030000686645508,22.456666946411133,22.0,22.39999961853028,18.403892517089844,267300
2006-04-06,22.3933334350586,22.76333236694336,22.3933334350586,22.63999938964844,18.601083755493164,734700
2006-04-07,22.72333335876465,22.78333282470703,22.190000534057617,22.25666618347168,18.286130905151367,426900
2006-04-10,22.18666648864746,22.209999084472656,21.88333320617676,21.979999542236328,18.058815002441406,414900
2006-04-11,22.06333351135254,22.1200008392334,21.61000061035156,21.76333236694336,17.880800247192383,802200
2006-04-12,21.790000915527344,22.046667098999023,21.790000915527344,21.953332901000977,18.036909103393555,239700
2006-04-13,21.96666717529297,22.25666618347168,21.96666717529297,22.049999237060547,18.116329193115234,219900
2006-04-17,22.13333320617676,22.233333587646484,21.63333320617676,21.75666618347168,17.875329971313477,566400
2006-04-18,21.84000015258789,22.503332138061523,21.84000015258789,22.44333267211914,18.43949508666992,478800
2006-04-19,22.479999542236328,22.71666717529297,22.36000061035156,22.696666717529297,18.64763641357422,772500
2006-04-20,22.6433334350586,23.13333320617676,22.62666702270508,22.803333282470703,18.73526954650879,502200
2006-04-21,22.75666618347168,22.790000915527344,22.163333892822266,22.286666870117188,18.310775756835938,454200
2006-04-24,22.07666778564453,22.280000686645508,21.983333587646484,22.226667404174805,18.261484146118164,445200
2006-04-25,22.280000686645508,22.3933334350586,22.15999984741211,22.303333282470703,18.32447624206543,720600
2006-04-26,22.36666679382324,22.43000030517578,22.08333206176757,22.190000534057617,18.231351852416992,383400
2006-04-27,21.87666702270508,22.61000061035156,21.87666702270508,22.459999084472656,18.45317840576172,424800
2006-04-28,22.39666748046875,22.56666755676269,22.21999931335449,22.239999771118164,18.27243423461914,333600
2006-05-01,22.26000022888184,22.33333206176757,22.02666664123535,22.03333282470703,18.10263633728028,210600
2006-05-02,22.15999984741211,22.31333351135254,22.11666679382324,22.22333335876465,18.25874328613281,320400
2006-05-03,22.200000762939453,22.433332443237305,22.1299991607666,22.42333221435547,18.423067092895508,233700
2006-05-04,22.51000022888184,22.773332595825195,22.51000022888184,22.67333221435547,18.62845993041992,322500
2006-05-05,22.8700008392334,22.89999961853028,22.696666717529297,22.84000015258789,18.76539802551269,167100
2006-05-08,22.88999938964844,22.983333587646484,22.790000915527344,22.790000915527344,18.72431755065918,302100
2006-05-09,22.706666946411133,22.71666717529297,22.523332595825195,22.57333374023437,18.54629898071289,1642800
2006-05-10,22.476667404174805,22.56333351135254,22.046667098999023,22.100000381469727,18.157405853271484,791700
2006-05-11,22.003332138061523,22.03333282470703,21.47333335876465,21.523332595825195,17.683624267578125,1251000
2006-05-12,21.33333206176757,21.64999961853028,21.270000457763672,21.33333206176757,17.52751922607422,2131200
2006-05-15,21.31666755676269,21.46666717529297,20.85333251953125,21.13666725158692,17.365930557250977,2332800
2006-05-16,21.13999938964844,21.31666755676269,20.87333297729492,21.03333282470703,17.281028747558594,1064400
2006-05-17,20.913333892822266,21.040000915527344,20.56666755676269,20.683332443237305,16.99348258972168,1345200
2006-05-18,20.83666610717773,20.913333892822266,20.35333251953125,20.35333251953125,16.72233772277832,412200
2006-05-19,20.666667938232425,20.85333251953125,20.416667938232425,20.74333381652832,17.042768478393555,698400
2006-05-22,20.459999084472656,20.56666755676269,19.96333312988281,20.229999542236328,16.62101173400879,791700
2006-05-23,20.49333381652832,20.62666702270508,19.953332901000977,19.956666946411133,16.39643669128418,315600
2006-05-24,19.953332901000977,20.32333374023437,19.690000534057617,20.08333206176757,16.500505447387695,897600
2006-05-25,20.196666717529297,20.21333312988281,20.0,20.1433334350586,16.54981231689453,621600
2006-05-26,20.166667938232425,20.356666564941406,20.12666702270508,20.280000686645508,16.662090301513672,514200
2006-05-30,20.203332901000977,20.203332901000977,19.81666755676269,19.81666755676269,16.28141975402832,374400
2006-05-31,19.93666648864746,20.226667404174805,19.88999938964844,20.13333320617676,16.541595458984375,323100
2006-06-01,20.17333221435547,20.606666564941406,20.17333221435547,20.600000381469727,16.92500114440918,278700
2006-06-02,20.81666755676269,20.81666755676269,20.38666725158692,20.559999465942383,16.892141342163086,154200
2006-06-05,20.49333381652832,20.49333381652832,19.950000762939453,19.950000762939453,16.390966415405273,331800
2006-06-06,19.976667404174805,19.976667404174805,19.726667404174805,19.85333251953125,16.311546325683594,194400
2006-06-07,19.809999465942383,19.93666648864746,19.416667938232425,19.416667938232425,15.952777862548828,265200
2006-06-08,19.25666618347168,19.453332901000977,18.82666778564453,19.303333282470703,15.859657287597656,553800
2006-06-09,19.56333351135254,19.703332901000977,19.11000061035156,19.200000762939453,15.774761199951172,407400
2006-06-12,19.24333381652832,19.27666664123535,18.64999961853028,18.64999961853028,15.322882652282717,333900
2006-06-13,18.86666679382324,19.01333236694336,18.546667098999023,18.600000381469727,15.281800270080566,378300
2006-06-14,18.856666564941406,19.003332138061523,18.656667709350582,18.89999961853028,15.528277397155762,733200
2006-06-15,19.183332443237305,19.703332901000977,19.183332443237305,19.6299991607666,16.128049850463867,555000
2006-06-16,19.530000686645508,19.55666732788086,19.26666641235352,19.406667709350582,15.94455623626709,177600
2006-06-19,19.489999771118164,19.50666618347168,19.166667938232425,19.23666763305664,15.804886817932127,296400
2006-06-20,19.226667404174805,19.38666725158692,19.030000686645508,19.1200008392334,15.70903778076172,325500
2006-06-21,19.203332901000977,19.71666717529297,19.203332901000977,19.543333053588867,16.05684471130371,380100
2006-06-22,19.479999542236328,19.479999542236328,19.1433334350586,19.229999542236328,15.799413681030272,290100
2006-06-23,18.99666786193848,19.286666870117188,18.99666786193848,19.10333251953125,15.705419540405272,167400
2006-06-26,19.166667938232425,19.273332595825195,19.1200008392334,19.200000762939453,15.784884452819824,371700
2006-06-27,19.183332443237305,19.183332443237305,18.68666648864746,18.733333587646484,15.40122890472412,311700
2006-06-28,18.46333312988281,18.706666946411133,18.406667709350582,18.700000762939453,15.373812675476074,486600
2006-06-29,18.78333282470703,19.36666679382324,18.700000762939453,19.32333374023437,15.886286735534668,636300
2006-06-30,19.406667709350582,19.416667938232425,19.14999961853028,19.31666755676269,15.880806922912598,153600
2006-07-03,19.40999984741211,19.5,19.36666679382324,19.476667404174805,16.012340545654297,94200
2006-07-05,19.26333236694336,19.270000457763672,18.93666648864746,18.950000762939453,15.579355239868164,231300
2006-07-06,19.06999969482422,19.166667938232425,18.86666679382324,18.933332443237305,15.56565284729004,125400
2006-07-07,18.75,18.81666755676269,18.5,18.6299991607666,15.316268920898438,372900
2006-07-10,18.663333892822266,18.799999237060547,18.059999465942383,18.156667709350582,14.927128791809082,450300
2006-07-11,18.03333282470703,18.63666725158692,18.03333282470703,18.600000381469727,15.291613578796388,376800
2006-07-12,18.520000457763672,18.600000381469727,18.09666633605957,18.12333297729492,14.899718284606934,682200
2006-07-13,17.850000381469727,18.32666778564453,17.816667556762695,17.860000610351562,14.68323040008545,719400
2006-07-14,17.773332595825195,17.97333335876465,17.6299991607666,17.76333236694336,14.60376262664795,776400
2006-07-17,17.856666564941406,17.969999313354492,17.666667938232422,17.766666412353516,14.606499671936035,333900
2006-07-18,17.850000381469727,17.90333366394043,17.28333282470703,17.713333129882812,14.562651634216309,538500
2006-07-19,17.796667098999023,18.280000686645508,17.753332138061523,18.13999938964844,14.91343116760254,405600
2006-07-20,18.32999992370605,18.356666564941406,17.696666717529297,17.703332901000977,14.554428100585938,579900
2006-07-21,17.23666763305664,17.303333282470703,16.93000030517578,16.97333335876465,13.954278945922852,703500
2006-07-24,17.21666717529297,17.57666778564453,17.21666717529297,17.469999313354492,14.36260223388672,952500
2006-07-25,17.639999389648438,17.906667709350586,17.540000915527344,17.766666412353516,14.606499671936035,542400
2006-07-26,17.5,18.00666618347168,17.5,17.823333740234375,14.65309238433838,465300
2006-07-27,18.053333282470703,18.19333267211914,17.866666793823242,17.899999618530273,14.71611785888672,1578900
2006-07-28,18.049999237060547,18.476667404174805,18.049999237060547,18.433332443237305,15.154585838317873,1031400
2006-07-31,18.36000061035156,18.58333206176757,18.33333206176757,18.48666763305664,15.198433876037598,551100
2006-08-01,18.26666641235352,18.26666641235352,17.94333267211914,18.106666564941406,14.886022567749023,560400
2006-08-02,18.14999961853028,18.453332901000977,18.14999961853028,18.30666732788086,15.050447463989258,241800
2006-08-03,18.25666618347168,18.709999084472656,18.21666717529297,18.61333274841309,15.30257511138916,1366800
2006-08-04,18.856666564941406,18.956666946411133,18.24666786193848,18.450000762939453,15.168292045593262,611400
2006-08-07,18.36333274841309,18.46999931335449,18.26666641235352,18.350000381469727,15.086077690124512,228000
2006-08-08,18.40333366394043,18.543333053588867,18.13666725158692,18.24666786193848,15.001124382019045,376200
2006-08-09,18.62666702270508,18.796667098999023,18.299999237060547,18.32666778564453,15.066890716552734,457200
2006-08-10,18.299999237060547,18.6299991607666,18.24333381652832,18.56333351135254,15.26146125793457,208800
2006-08-11,18.38333320617676,18.38333320617676,18.030000686645508,18.07999992370605,14.86409854888916,379200
2006-08-14,18.253332138061523,18.606666564941406,18.21999931335449,18.32666778564453,15.066890716552734,156900
2006-08-15,18.67333221435547,19.023332595825195,18.63666725158692,19.00666618347168,15.625943183898926,263700
2006-08-16,19.11666679382324,19.72333335876465,19.020000457763672,19.6299991607666,16.138402938842773,1693800
2006-08-17,19.6200008392334,19.97333335876465,19.61666679382324,19.67333221435547,16.174022674560547,1537200
2006-08-18,19.53333282470703,19.709999084472656,19.34333229064941,19.683332443237305,16.182247161865234,360900
2006-08-21,19.440000534057617,19.440000534057617,19.21999931335449,19.356666564941406,15.91368579864502,330600
2006-08-22,19.33333206176757,19.559999465942383,19.24666786193848,19.32333374023437,15.886286735534668,550500
2006-08-23,19.57333374023437,19.57666778564453,19.06666755676269,19.19333267211914,15.779401779174805,968100
2006-08-24,19.21666717529297,19.32333374023437,19.06333351135254,19.32333374023437,15.886286735534668,485700
2006-08-25,19.26333236694336,19.52666664123535,19.21999931335449,19.33333206176757,15.89450454711914,467700
2006-08-28,19.35333251953125,19.61333274841309,19.35333251953125,19.61000061035156,16.121957778930664,471600
2006-08-29,19.67333221435547,19.96666717529297,19.523332595825195,19.96666717529297,16.415185928344727,822900
2006-08-30,20.06666755676269,20.356666564941406,19.916667938232425,20.356666564941406,16.73581886291504,702000
2006-08-31,20.28333282470703,20.28333282470703,20.053333282470703,20.14999961853028,16.565919876098633,395700
2006-09-01,20.31666755676269,20.31666755676269,19.8799991607666,19.96666717529297,16.415185928344727,329400
2006-09-05,19.87666702270508,20.21999931335449,19.80666732788086,20.206666946411133,16.612491607666016,806700
2006-09-06,19.96666717529297,19.96666717529297,19.55666732788086,19.559999465942383,16.080852508544922,226200
2006-09-07,19.39999961853028,19.75666618347168,19.293333053588867,19.49333381652832,16.026039123535156,655800
2006-09-08,19.549999237060547,19.729999542236328,19.49666786193848,19.683332443237305,16.182247161865234,158100
2006-09-11,19.65999984741211,20.18000030517578,19.65999984741211,20.03333282470703,16.469985961914062,451800
2006-09-12,20.183332443237305,20.75666618347168,20.166667938232425,20.709999084472656,17.02630043029785,1234500
2006-09-13,20.676666259765625,20.799999237060547,20.479999542236328,20.61000061035156,16.944082260131836,211500
2006-09-14,20.52666664123535,20.69333267211914,20.476667404174805,20.676666259765625,16.998899459838867,414300
2006-09-15,20.796667098999023,21.030000686645508,20.56666755676269,20.65333366394043,16.979719161987305,1365900
2006-09-18,20.68000030517578,21.09000015258789,20.68000030517578,20.90999984741211,17.19072723388672,377100
2006-09-19,20.82666778564453,20.82666778564453,20.350000381469727,20.56666755676269,16.908466339111328,1032000
2006-09-20,20.75,20.81666755676269,20.64666748046875,20.733333587646484,17.045490264892578,497100
2006-09-21,20.76666641235352,20.78333282470703,20.32333374023437,20.33333206176757,16.71663475036621,279600
2006-09-22,20.24666786193848,20.299999237060547,20.06333351135254,20.09333229064941,16.519319534301758,252600
2006-09-25,20.14999961853028,20.6200008392334,19.98666763305664,20.58333206176757,16.922170639038086,773400
2006-09-26,20.483333587646484,20.61000061035156,20.32333374023437,20.56999969482422,16.91120719909668,241800
2006-09-27,20.62333297729492,20.809999465942383,20.413333892822266,20.48666763305664,16.856355667114258,597600
2006-09-28,20.523332595825195,20.706666946411133,20.450000762939453,20.706666946411133,17.03736686706543,348000
2006-09-29,20.690000534057617,20.690000534057617,20.49333381652832,20.49333381652832,16.861831665039062,120000
2006-10-02,20.416667938232425,20.63999938964844,20.299999237060547,20.299999237060547,16.702770233154297,286800
2006-10-03,20.106666564941406,20.293333053588867,19.989999771118164,20.176666259765625,16.601282119750977,349800
2006-10-04,20.170000076293945,20.61666679382324,20.1433334350586,20.61666679382324,16.96331214904785,304200
2006-10-05,20.553333282470703,20.600000381469727,20.43666648864746,20.56999969482422,16.92491912841797,1017900
2006-10-06,20.37666702270508,20.51333236694336,20.32999992370605,20.40999984741211,16.793275833129883,254700
2006-10-09,20.38666725158692,20.773332595825195,20.38333320617676,20.61000061035156,16.957828521728516,491100
2006-10-10,20.600000381469727,20.63333320617676,20.46333312988281,20.549999237060547,16.90846061706543,917100
2006-10-11,20.503332138061523,20.98666763305664,20.46666717529297,20.75666618347168,17.07850456237793,441000
2006-10-12,20.88999938964844,21.06666755676269,20.739999771118164,21.01333236694336,17.289688110351562,941400
2006-10-13,21.06666755676269,21.38666725158692,21.0,21.296667098999023,17.522823333740234,957300
2006-10-16,21.456666946411133,21.55666732788086,21.38999938964844,21.440000534057617,17.640748977661133,243600
2006-10-17,21.19333267211914,21.19333267211914,20.786666870117188,20.89666748046875,17.193695068359375,522600
2006-10-18,20.85333251953125,20.85333251953125,20.303333282470703,20.37333297729492,16.763097763061523,2041500
2006-10-19,20.40333366394043,20.416667938232425,20.100000381469727,20.26666641235352,16.675336837768555,681000
2006-10-20,20.25,20.25,19.956666946411133,20.03333282470703,16.48334312438965,2808600
2006-10-23,19.96666717529297,20.280000686645508,19.90333366394043,20.053333282470703,16.499805450439453,293100
2006-10-24,19.983333587646484,20.176666259765625,19.86666679382324,19.87333297729492,16.351703643798828,367800
2006-10-25,19.87333297729492,20.293333053588867,19.87333297729492,20.25666618347168,16.6671085357666,448800
2006-10-26,20.46666717529297,20.520000457763672,20.21333312988281,20.46999931335449,16.842639923095703,956100
2006-10-27,20.433332443237305,20.433332443237305,19.950000762939453,20.01333236694336,16.466890335083008,2468700
2006-10-30,19.99666786193848,20.293333053588867,19.99666786193848,20.183332443237305,16.60676383972168,420000
2006-10-31,20.26666641235352,20.3700008392334,20.18000030517578,20.293333053588867,16.697275161743164,1251900
2006-11-01,20.5,20.5,19.87666702270508,19.93666648864746,16.403812408447266,343500
2006-11-02,19.86666679382324,19.94333267211914,19.726667404174805,19.83333206176757,16.31879234313965,705900
2006-11-03,19.916667938232425,19.96999931335449,19.76000022888184,19.920000076293945,16.390100479125977,2835300
2006-11-06,19.983333587646484,20.28333282470703,19.916667938232425,20.24333381652832,16.6561336517334,204300
2006-11-07,20.03333282470703,20.65999984741211,20.03333282470703,20.37666702270508,16.765844345092773,802200
2006-11-08,20.229999542236328,20.40999984741211,20.1200008392334,20.36333274841309,16.754873275756836,915300
2006-11-09,20.446666717529297,20.476667404174805,19.983333587646484,20.0,16.45592498779297,336300
2006-11-10,19.933332443237305,20.21666717529297,19.933332443237305,20.166667938232425,16.593053817749023,222900
2006-11-13,20.190000534057617,20.53333282470703,20.190000534057617,20.51333236694336,16.878293991088867,1661700
2006-11-14,20.56666755676269,21.10333251953125,20.406667709350582,21.05666732788086,17.325347900390625,570000
2006-11-15,21.11333274841309,21.39666748046875,21.06333351135254,21.233333587646484,17.47071075439453,2043000
2006-11-16,21.233333587646484,21.3700008392334,21.049999237060547,21.290000915527344,17.517332077026367,1357500
2006-11-17,21.183332443237305,21.203332901000977,21.049999237060547,21.170000076293945,17.41859245300293,192900
2006-11-20,21.08666610717773,21.46333312988281,21.03333282470703,21.450000762939453,17.64898109436035,1461900
2006-11-21,21.48666763305664,21.48666763305664,21.06666755676269,21.06666755676269,17.333568572998047,3295500
2006-11-22,21.24666786193848,21.3933334350586,21.15999984741211,21.3700008392334,17.583158493041992,578400
2006-11-24,21.203332901000977,21.39666748046875,21.170000076293945,21.303333282470703,17.52829933166504,173700
2006-11-27,21.21999931335449,21.3700008392334,20.753332138061523,20.753332138061523,17.075763702392578,373200
2006-11-28,20.709999084472656,20.790000915527344,20.56666755676269,20.780000686645508,17.097705841064453,759900
2006-11-29,21.030000686645508,21.03333282470703,20.63333320617676,20.76333236694336,17.083988189697266,473700
2006-11-30,20.82999992370605,21.046667098999023,20.65333366394043,20.959999084472656,17.245805740356445,2117400
2006-12-01,20.959999084472656,20.959999084472656,20.406667709350582,20.663333892822266,17.00170135498047,723900
2006-12-04,20.706666946411133,21.17333221435547,20.696666717529297,21.046667098999023,17.317110061645508,917100
2006-12-05,21.03333282470703,21.26666641235352,21.03333282470703,21.11666679382324,17.37471580505371,138000
2006-12-06,21.08333206176757,21.296667098999023,20.983333587646484,21.209999084472656,17.451494216918945,816000
2006-12-07,21.34000015258789,21.36000061035156,20.89999961853028,20.906667709350582,17.201927185058594,265500
2006-12-08,20.87333297729492,20.97333335876465,20.6299991607666,20.80666732788086,17.11964225769043,791100
2006-12-11,20.809999465942383,20.94333267211914,20.733333587646484,20.76333236694336,17.083988189697266,292800
2006-12-12,20.75,20.83666610717773,20.479999542236328,20.63666725158692,16.979772567749023,403200
2006-12-13,20.906667709350582,20.906667709350582,20.46666717529297,20.479999542236328,16.85085678100586,381300
2006-12-14,20.50666618347168,20.856666564941406,20.50666618347168,20.790000915527344,17.105932235717773,4226400
2006-12-15,20.93000030517578,20.93666648864746,20.753332138061523,20.786666870117188,17.103185653686523,408000
2006-12-18,20.8700008392334,21.03333282470703,20.666667938232425,20.733333587646484,17.05929946899414,2740800
2006-12-19,20.36000061035156,20.59666633605957,20.35333251953125,20.49666786193848,16.86458396911621,331800
2006-12-20,20.733333587646484,20.78333282470703,20.540000915527344,20.59000015258789,16.941373825073242,449100
2006-12-21,20.59333229064941,20.62333297729492,20.21999931335449,20.299999237060547,16.70547103881836,351600
2006-12-22,20.33333206176757,20.36666679382324,20.176666259765625,20.176666259765625,16.603967666625977,555900
2006-12-26,20.13333320617676,20.36000061035156,20.13333320617676,20.33333206176757,16.73289680480957,414300
2006-12-27,20.36666679382324,20.559999465942383,20.36666679382324,20.446666717529297,16.82616424560547,565500
2006-12-28,20.459999084472656,20.50666618347168,20.416667938232425,20.453332901000977,16.831649780273438,123900
2006-12-29,20.416667938232425,20.59666633605957,20.33666610717773,20.33666610717773,16.735633850097656,77700
2007-01-03,20.56333351135254,20.739999771118164,20.08333206176757,20.27666664123535,16.686262130737305,509400
2007-01-04,20.27666664123535,20.73666763305664,20.24333381652832,20.67333221435547,17.012697219848633,462300
2007-01-05,20.31999969482422,20.483333587646484,20.1200008392334,20.280000686645508,16.689008712768555,241500
2007-01-08,20.290000915527344,20.520000457763672,20.209999084472656,20.36000061035156,16.754840850830078,269100
2007-01-09,20.44333267211914,20.536666870117188,20.25666618347168,20.433332443237305,16.8151912689209,429000
2007-01-10,20.33333206176757,20.86000061035156,20.33333206176757,20.78333282470703,17.103214263916016,473100
2007-01-11,20.86000061035156,21.03333282470703,20.803333282470703,20.84666633605957,17.155332565307617,708000
2007-01-12,20.76666641235352,20.89999961853028,20.666667938232425,20.89999961853028,17.199216842651367,179700
2007-01-16,20.81666755676269,20.81666755676269,20.64999961853028,20.729999542236328,17.059326171875,184200
2007-01-17,20.606666564941406,20.76000022888184,20.53333282470703,20.58333206176757,16.938627243041992,554400
2007-01-18,20.406667709350582,20.406667709350582,19.809999465942383,19.83333206176757,16.32142448425293,803400
2007-01-19,19.82666778564453,20.18000030517578,19.803333282470703,20.020000457763672,16.475038528442383,542700
2007-01-22,19.94333267211914,19.94333267211914,19.700000762939453,19.803333282470703,16.296743392944336,564300
2007-01-23,19.86333274841309,20.003332138061523,19.78333282470703,19.78333282470703,16.2802791595459,466500
2007-01-24,19.92333221435547,20.12666702270508,19.86000061035156,20.08666610717773,16.5299072265625,195600
2007-01-25,20.30666732788086,20.43666648864746,19.959999084472656,20.003332138061523,16.461326599121094,382800
2007-01-26,20.08666610717773,20.350000381469727,19.976667404174805,20.273332595825195,16.683515548706055,225900
2007-01-29,20.233333587646484,20.34000015258789,20.100000381469727,20.15999984741211,16.590259552001953,143700
2007-01-30,20.273332595825195,20.32333374023437,20.196666717529297,20.25,16.6643123626709,130200
2007-01-31,20.036666870117188,20.31333351135254,19.98666763305664,20.270000457763672,16.680782318115234,320100
2007-02-01,20.33333206176757,20.51000022888184,20.27666664123535,20.440000534057617,16.82067108154297,635700
2007-02-02,20.520000457763672,20.63666725158692,20.433332443237305,20.56999969482422,16.927661895751953,743400
2007-02-05,20.63999938964844,20.75666618347168,20.553333282470703,20.64666748046875,16.990751266479492,318600
2007-02-06,20.62333297729492,20.68000030517578,20.356666564941406,20.56999969482422,16.927661895751953,531600
2007-02-07,20.796667098999023,20.96666717529297,20.666667938232425,20.84666633605957,17.155332565307617,997500
2007-02-08,20.76333236694336,20.809999465942383,20.63999938964844,20.76666641235352,17.08950424194336,246900
2007-02-09,20.98666763305664,21.00666618347168,20.40999984741211,20.456666946411133,16.83439064025879,588300
2007-02-12,20.39999961853028,20.39999961853028,20.19333267211914,20.22333335876465,16.642375946044922,71400
2007-02-13,20.32666778564453,20.36333274841309,20.209999084472656,20.32999992370605,16.730152130126953,226200
2007-02-14,20.48666763305664,20.803333282470703,20.47333335876465,20.729999542236328,17.059326171875,475500
2007-02-15,20.700000762939453,20.86666679382324,20.700000762939453,20.84000015258789,17.149843215942383,1452600
2007-02-16,20.76666641235352,20.86000061035156,20.72333335876465,20.82666778564453,17.13888168334961,703200
2007-02-20,20.656667709350582,20.850000381469727,20.57999992370605,20.82666778564453,17.13888168334961,128700
2007-02-21,20.670000076293945,20.809999465942383,20.63999938964844,20.809999465942383,17.125154495239258,163200
2007-02-22,21.049999237060547,21.27666664123535,21.049999237060547,21.25,17.48724937438965,529200
2007-02-23,21.31666755676269,21.433332443237305,21.273332595825195,21.36666679382324,17.583261489868164,1146000
2007-02-26,21.43666648864746,21.44333267211914,21.233333587646484,21.33666610717773,17.55856704711914,231600
2007-02-27,20.83333206176757,21.13333320617676,20.523332595825195,20.58333206176757,16.938627243041992,459900
2007-02-28,20.6299991607666,20.80666732788086,20.46999931335449,20.62666702270508,16.974294662475586,717300
2007-03-01,20.13333320617676,20.63999938964844,20.13333320617676,20.479999542236328,16.85359001159668,1791300
2007-03-02,20.38333320617676,20.453332901000977,20.06999969482422,20.06999969482422,16.516197204589844,390900
2007-03-05,19.8933334350586,20.233333587646484,19.85333251953125,19.85333251953125,16.337900161743164,306600
2007-03-06,20.19333267211914,20.3700008392334,20.15333366394043,20.32666778564453,16.727420806884766,206400
2007-03-07,20.200000762939453,20.350000381469727,20.13666725158692,20.24333381652832,16.658824920654297,147300
2007-03-08,20.483333587646484,20.57333374023437,20.42333221435547,20.446666717529297,16.82616424560547,351600
2007-03-09,20.773332595825195,20.773332595825195,20.42333221435547,20.57333374023437,16.930400848388672,339600
2007-03-12,20.559999465942383,20.82333374023437,20.559999465942383,20.73666763305664,17.0648136138916,108900
2007-03-13,20.56333351135254,20.676666259765625,20.31333351135254,20.31333351135254,16.716432571411133,99900
2007-03-14,20.38333320617676,20.43666648864746,20.06999969482422,20.43666648864746,16.817930221557617,356700
2007-03-15,20.36666679382324,20.456666946411133,20.33666610717773,20.426666259765625,16.809711456298828,465900
2007-03-16,20.39999961853028,20.450000762939453,20.209999084472656,20.293333053588867,16.69997787475586,154500
2007-03-19,20.416667938232425,20.433332443237305,20.18000030517578,20.18666648864746,16.612201690673828,156900
2007-03-20,20.21333312988281,20.46333312988281,20.21333312988281,20.38999938964844,16.77952766418457,278700
2007-03-21,20.440000534057617,20.84000015258789,20.38333320617676,20.76000022888184,17.08401870727539,207600
2007-03-22,20.63666725158692,20.63666725158692,20.446666717529297,20.47333335876465,16.848108291625977,196800
2007-03-23,20.600000381469727,20.706666946411133,20.52666664123535,20.59666633605957,16.9495906829834,291900
2007-03-26,20.58333206176757,20.6200008392334,20.33333206176757,20.559999465942383,16.937238693237305,222300
2007-03-27,20.51333236694336,20.59666633605957,20.479999542236328,20.479999542236328,16.871337890625,104700
2007-03-28,20.35333251953125,20.36666679382324,20.21666717529297,20.226667404174805,16.66265106201172,285600
2007-03-29,20.34666633605957,20.34666633605957,19.87333297729492,20.036666870117188,16.50613021850586,843900
2007-03-30,20.15333366394043,20.196666717529297,19.99666786193848,20.100000381469727,16.55829620361328,188400
2007-04-02,20.229999542236328,20.229999542236328,19.940000534057617,20.07333374023437,16.536338806152344,274500
2007-04-03,20.209999084472656,20.286666870117188,20.06666755676269,20.209999084472656,16.648914337158203,60900
2007-04-04,20.209999084472656,20.433332443237305,20.209999084472656,20.3799991607666,16.788951873779297,349200
2007-04-05,20.420000076293945,20.56333351135254,20.420000076293945,20.543333053588867,16.92351531982422,493500
2007-04-09,20.56999969482422,20.59333229064941,20.413333892822266,20.49666786193848,16.88507080078125,193200
2007-04-10,20.50666618347168,20.67333221435547,20.5,20.67333221435547,17.030611038208008,55200
2007-04-11,20.64666748046875,20.64666748046875,20.450000762939453,20.46333312988281,16.85761260986328,231300
2007-04-12,20.446666717529297,20.700000762939453,20.446666717529297,20.67333221435547,17.030611038208008,64800
2007-04-13,20.58333206176757,20.63666725158692,20.43000030517578,20.63333320617676,16.997661590576172,29100
2007-04-16,20.65999984741211,20.803333282470703,20.62333297729492,20.780000686645508,17.118478775024414,265200
2007-04-17,20.799999237060547,20.81666755676269,20.700000762939453,20.76000022888184,17.102005004882812,127500
2007-04-18,21.0,21.34000015258789,20.956666946411133,21.19333267211914,17.458984375,644100
2007-04-19,21.036666870117188,21.476667404174805,21.03333282470703,21.31999969482422,17.563329696655273,802200
2007-04-20,21.5,21.536666870117188,21.26000022888184,21.39999961853028,17.629228591918945,316800
2007-04-23,21.34666633605957,21.36000061035156,21.21666717529297,21.23666763305664,17.49468421936035,509700
2007-04-24,21.56666755676269,21.88999938964844,21.51666641235352,21.76333236694336,17.928543090820312,701700
2007-04-25,21.906667709350582,21.983333587646484,21.700000762939453,21.96666717529297,18.09604835510254,218400
2007-04-26,21.956666946411133,21.96666717529297,21.733333587646484,21.959999084472656,18.090557098388672,485100
2007-04-27,21.81333351135254,21.83666610717773,21.62333297729492,21.63333320617676,17.821447372436523,487500
2007-04-30,21.58333206176757,21.59666633605957,21.31999969482422,21.32333374023437,17.566082000732422,191400
2007-05-01,21.36666679382324,21.43666648864746,21.176666259765625,21.37666702270508,17.61001205444336,139500
2007-05-02,21.426666259765625,21.670000076293945,21.416667938232425,21.553333282470703,17.755550384521484,336300
2007-05-03,21.600000381469727,21.790000915527344,21.600000381469727,21.68000030517578,17.859907150268555,185400
2007-05-04,21.76666641235352,21.940000534057617,21.74666786193848,21.88333320617676,18.02739906311035,381600
2007-05-07,21.93000030517578,21.93000030517578,21.793333053588867,21.793333053588867,17.953264236450195,217800
2007-05-08,21.6299991607666,21.76666641235352,21.559999465942383,21.74333381652832,17.912078857421875,266700
2007-05-09,21.666667938232425,22.13666725158692,21.666667938232425,22.13666725158692,18.236099243164062,332400
2007-05-10,21.96666717529297,22.163333892822266,21.67333221435547,21.729999542236328,17.901094436645508,373800
2007-05-11,21.88999938964844,22.06333351135254,21.84333229064941,22.03333282470703,18.15097045898437,194700
2007-05-14,22.196666717529297,22.200000762939453,21.913333892822266,22.003332138061523,18.126256942749023,265500
2007-05-15,21.96999931335449,22.01333236694336,21.709999084472656,21.709999084472656,17.88460350036621,196200
2007-05-16,21.666667938232425,21.73666763305664,21.5,21.71333312988281,17.887348175048828,123900
2007-05-17,21.666667938232425,21.76000022888184,21.5,21.61333274841309,17.804973602294922,462300
2007-05-18,21.74666786193848,21.74666786193848,21.47333335876465,21.64666748046875,17.832441329956055,544200
2007-05-21,21.666667938232425,21.933332443237305,21.59000015258789,21.666667938232425,17.848920822143555,362400
2007-05-22,21.75,21.89666748046875,21.60333251953125,21.76666641235352,17.93129539489746,587400
2007-05-23,21.61666679382324,21.709999084472656,21.426666259765625,21.453332901000977,17.673173904418945,571800
2007-05-24,21.450000762939453,21.46666717529297,20.96333312988281,21.07666778564453,17.362869262695312,952200
2007-05-25,21.15999984741211,21.26333236694336,21.09666633605957,21.18666648864746,17.453487396240234,761400
2007-05-29,21.21999931335449,21.35333251953125,21.21999931335449,21.31999969482422,17.563329696655273,350100
2007-05-30,21.036666870117188,21.183332443237305,21.023332595825195,21.176666259765625,17.44524574279785,255600
2007-05-31,21.38333320617676,21.51666641235352,21.32999992370605,21.503332138061523,17.714359283447266,419700
2007-06-01,21.64666748046875,21.799999237060547,21.6433334350586,21.696666717529297,17.873632431030273,792000
2007-06-04,21.61333274841309,21.81666755676269,21.61000061035156,21.6433334350586,17.829694747924805,315600
2007-06-05,21.63999938964844,21.6433334350586,21.3700008392334,21.540000915527344,17.744564056396484,186300
2007-06-06,21.456666946411133,21.536666870117188,21.26333236694336,21.26333236694336,17.516647338867188,64200
2007-06-07,21.290000915527344,21.32666778564453,20.8700008392334,20.8700008392334,17.19261932373047,295200
2007-06-08,21.06999969482422,21.46666717529297,21.0,21.453332901000977,17.673173904418945,479700
2007-06-11,21.39666748046875,21.540000915527344,21.350000381469727,21.3700008392334,17.60452651977539,210900
2007-06-12,21.209999084472656,21.40999984741211,21.13999938964844,21.200000762939453,17.4644718170166,134700
2007-06-13,21.280000686645508,21.543333053588867,21.280000686645508,21.543333053588867,17.7473201751709,307200
2007-06-14,21.61666679382324,21.90333366394043,21.600000381469727,21.82333374023437,17.97796630859375,194700
2007-06-15,22.1299991607666,22.21999931335449,22.049999237060547,22.190000534057617,18.280027389526367,279300
2007-06-18,22.18000030517578,22.233333587646484,22.08333206176757,22.183332443237305,18.274538040161133,98700
2007-06-19,21.983333587646484,22.01666641235352,21.83333206176757,22.0,18.123510360717773,124500
2007-06-20,21.979999542236328,22.1299991607666,21.85333251953125,21.85333251953125,18.002687454223633,321900
2007-06-21,21.90999984741211,22.53333282470703,21.89999961853028,22.5,18.53541374206543,1065900
2007-06-22,22.456666946411133,22.51666641235352,22.176666259765625,22.233333587646484,18.31572532653809,354300
2007-06-25,22.253332138061523,22.273332595825195,21.90333366394043,21.953332901000977,18.085073471069336,257100
2007-06-26,22.03333282470703,22.03333282470703,21.733333587646484,21.83666610717773,17.988956451416016,264600
2007-06-27,21.89999961853028,22.33666610717773,21.8799991607666,22.32666778564453,18.392616271972656,134100
2007-06-28,22.293333053588867,22.303333282470703,22.11666679382324,22.11666679382324,18.21961784362793,377100
2007-06-29,22.17333221435547,22.209999084472656,21.85333251953125,21.94333267211914,18.101930618286133,135300
2007-07-02,22.1433334350586,22.25,22.06999969482422,22.233333587646484,18.34116554260254,333000
2007-07-03,22.30666732788086,22.32999992370605,22.226667404174805,22.293333053588867,18.39065361022949,336600
2007-07-05,22.28333282470703,22.433332443237305,22.22333335876465,22.433332443237305,18.506153106689453,79200
2007-07-06,22.46999931335449,22.63999938964844,22.43000030517578,22.6200008392334,18.66014289855957,184200
2007-07-09,22.666667938232425,22.81666755676269,22.666667938232425,22.78333282470703,18.79488182067871,354000
2007-07-10,22.600000381469727,22.793333053588867,22.600000381469727,22.60333251953125,18.646390914916992,270900
2007-07-11,22.57999992370605,22.64666748046875,22.42333221435547,22.58333206176757,18.6298885345459,143700
2007-07-12,22.68666648864746,23.183332443237305,22.6433334350586,23.183332443237305,19.12485885620117,258600
2007-07-13,23.239999771118164,23.286666870117188,23.08666610717773,23.13999938964844,19.089115142822266,326700
2007-07-16,23.166667938232425,23.290000915527344,23.11666679382324,23.26666641235352,19.19359397888184,264000
2007-07-17,23.39999961853028,23.75,23.37666702270508,23.62666702270508,19.49058532714844,496200
2007-07-18,23.203332901000977,23.286666870117188,22.99333381652832,23.21333312988281,19.14959716796875,413100
2007-07-19,23.38333320617676,23.453332901000977,23.21999931335449,23.37333297729492,19.28159713745117,184800
2007-07-20,23.433332443237305,23.46333312988281,23.040000915527344,23.09000015258789,19.04786491394043,544800
2007-07-23,23.15999984741211,23.32333374023437,23.06333351135254,23.08666610717773,19.045106887817383,431700
2007-07-24,22.793333053588867,22.96666717529297,22.549999237060547,22.61666679382324,18.65738677978516,562800
2007-07-25,22.86333274841309,22.86333274841309,22.520000457763672,22.670000076293945,18.701387405395508,666300
2007-07-26,22.43666648864746,22.57333374023437,21.8799991607666,22.27666664123535,18.37691116333008,575400
2007-07-27,22.200000762939453,22.413333892822266,21.913333892822266,21.916667938232425,18.079933166503903,605400
2007-07-30,22.15333366394043,22.42333221435547,22.01666641235352,22.309999465942383,18.40440559387207,478800
2007-07-31,22.549999237060547,22.549999237060547,21.953332901000977,21.953332901000977,18.11017799377441,1174500
2007-08-01,22.10333251953125,22.13999938964844,21.58333206176757,22.07333374023437,18.20916748046875,1347000
2007-08-02,22.19333267211914,22.19333267211914,21.83333206176757,22.08333206176757,18.21741485595703,553200
2007-08-03,22.0,22.03333282470703,21.426666259765625,21.426666259765625,17.675716400146484,1453500
2007-08-06,21.450000762939453,21.71999931335449,21.28333282470703,21.709999084472656,17.909435272216797,2033400
2007-08-07,21.57333374023437,21.78333282470703,21.34333229064941,21.69333267211914,17.89569854736328,1598400
2007-08-08,21.913333892822266,22.479999542236328,21.913333892822266,22.18000030517578,18.297163009643555,915600
2007-08-09,21.86666679382324,22.416667938232425,21.83333206176757,22.020000457763672,18.16517639160156,2946300
2007-08-10,21.6299991607666,22.1200008392334,21.53333282470703,21.8933334350586,18.06068229675293,961500
2007-08-13,22.11666679382324,22.11666679382324,21.81666755676269,21.81666755676269,17.997440338134766,336000
2007-08-14,21.89999961853028,21.98666763305664,21.52666664123535,21.540000915527344,17.769197463989258,1852500
2007-08-15,21.309999465942383,21.523332595825195,20.933332443237305,20.946666717529297,17.279743194580078,1248600
2007-08-16,20.81666755676269,21.08333206176757,20.30666732788086,20.93000030517578,17.2659912109375,1069200
2007-08-17,21.56666755676269,21.99666786193848,21.08666610717773,21.293333053588867,17.565717697143555,3301200
2007-08-20,21.43666648864746,21.6433334350586,21.32999992370605,21.543333053588867,17.771949768066406,368400
2007-08-21,21.546667098999023,21.75666618347168,21.546667098999023,21.709999084472656,17.909435272216797,165900
2007-08-22,21.916667938232425,21.93666648864746,21.74333381652832,21.86000061035156,18.033191680908203,251100
2007-08-23,21.926666259765625,21.926666259765625,21.60333251953125,21.65999984741211,17.868194580078125,338700
2007-08-24,21.76666641235352,21.983333587646484,21.676666259765625,21.96999931335449,18.12392807006836,142800
2007-08-27,21.8933334350586,21.916667938232425,21.753332138061523,21.77666664123535,17.964435577392578,64200
2007-08-28,21.65333366394043,21.683332443237305,21.163333892822266,21.21333312988281,17.499723434448242,462300
2007-08-29,21.413333892822266,21.84000015258789,21.413333892822266,21.82333374023437,18.002939224243164,112200
2007-08-30,21.666667938232425,22.08333206176757,21.666667938232425,21.84666633605957,18.022178649902344,287700
2007-08-31,22.08333206176757,22.299999237060547,22.040000915527344,22.253332138061523,18.3576602935791,678300
2007-09-04,22.299999237060547,22.83666610717773,22.299999237060547,22.63666725158692,18.67389297485352,144300
2007-09-05,22.56666755676269,22.58333206176757,22.290000915527344,22.40999984741211,18.48689842224121,390600
2007-09-06,22.58666610717773,22.63999938964844,22.34000015258789,22.60333251953125,18.646390914916992,615300
2007-09-07,22.239999771118164,22.239999771118164,21.84666633605957,22.023332595825195,18.167930603027344,1014900
2007-09-10,22.293333053588867,22.35333251953125,21.84333229064941,22.06666755676269,18.203676223754883,530100
2007-09-11,22.25,22.476667404174805,22.09333229064941,22.34333229064941,18.431903839111328,700500
2007-09-12,22.25,22.413333892822266,21.959999084472656,21.99666786193848,18.14593505859375,270000
2007-09-13,22.0,22.106666564941406,21.89666748046875,21.916667938232425,18.079933166503903,566100
2007-09-14,21.71999931335449,21.88999938964844,21.706666946411133,21.780000686645508,17.967185974121094,442800
2007-09-17,21.68000030517578,21.809999465942383,21.59333229064941,21.71333312988281,17.912202835083008,167700
2007-09-18,21.92333221435547,22.479999542236328,21.793333053588867,22.356666564941406,18.44290542602539,567000
2007-09-19,22.5,22.72333335876465,22.34666633605957,22.456666946411133,18.5254020690918,405900
2007-09-20,22.350000381469727,22.546667098999023,22.350000381469727,22.47333335876465,18.539152145385746,214200
2007-09-21,22.59333229064941,22.71333312988281,22.55666732788086,22.57333374023437,18.621641159057617,200400
2007-09-24,22.61666679382324,22.726667404174805,22.39666748046875,22.50666618347168,18.5666446685791,378900
2007-09-25,22.34000015258789,22.663333892822266,22.34000015258789,22.63666725158692,18.67389297485352,455100
2007-09-26,22.86333274841309,22.8700008392334,22.5,22.52666664123535,18.605337142944336,780600
2007-09-27,22.71333312988281,22.786666870117188,22.60333251953125,22.61000061035156,18.67416381835937,149700
2007-09-28,22.6433334350586,22.729999542236328,22.49333381652832,22.49333381652832,18.577804565429688,324600
2007-10-01,22.62666702270508,23.07999992370605,22.62666702270508,22.96333312988281,18.96599197387696,241800
2007-10-02,22.99666786193848,23.053333282470703,22.84666633605957,23.00666618347168,19.00177001953125,796200
2007-10-03,22.726667404174805,23.059999465942383,22.350000381469727,22.51000022888184,18.591567993164062,377100
2007-10-04,22.50666618347168,22.50666618347168,22.303333282470703,22.46999931335449,18.55854034423828,192600
2007-10-05,22.63666725158692,22.97333335876465,22.58333206176757,22.84666633605957,18.869638442993164,613500
2007-10-08,22.913333892822266,22.956666946411133,22.773332595825195,22.8799991607666,18.89716148376465,783600
2007-10-09,23.166667938232425,23.166667938232425,22.433332443237305,22.71333312988281,18.75950050354004,894600
2007-10-10,22.690000534057617,22.706666946411133,22.46333312988281,22.65999984741211,18.715463638305664,633300
2007-10-11,22.80666732788086,22.80666732788086,21.99333381652832,22.17333221435547,18.313514709472656,503400
2007-10-12,22.28333282470703,22.49333381652832,22.24333381652832,22.44333267211914,18.53651428222656,582900
2007-10-15,22.53333282470703,22.600000381469727,22.350000381469727,22.44333267211914,18.53651428222656,445200
2007-10-16,22.416667938232425,22.63333320617676,22.39666748046875,22.406667709350582,18.5062198638916,736500
2007-10-17,23.0,23.0,22.59666633605957,22.82333374023437,18.850357055664062,732300
2007-10-18,22.71666717529297,22.87666702270508,22.559999465942383,22.83333206176757,18.85862159729004,442800
2007-10-19,22.753332138061523,22.753332138061523,22.1433334350586,22.163333892822266,18.305248260498047,850800
2007-10-22,21.940000534057617,22.433332443237305,21.89999961853028,22.356666564941406,18.46493148803711,538800
2007-10-23,22.406667709350582,22.406667709350582,22.10333251953125,22.406667709350582,18.5062198638916,289500
2007-10-24,21.92333221435547,21.92333221435547,21.209999084472656,21.71999931335449,17.939088821411133,585300
2007-10-25,21.57666778564453,21.57999992370605,20.803333282470703,21.003332138061523,17.3471736907959,488100
2007-10-26,21.296667098999023,21.31666755676269,20.90333366394043,21.07333374023437,17.404991149902344,367800
2007-10-29,21.12666702270508,21.3933334350586,21.12666702270508,21.270000457763672,17.567420959472656,215100
2007-10-30,21.196666717529297,21.489999771118164,21.166667938232425,21.350000381469727,17.633501052856445,645300
2007-10-31,21.3933334350586,21.62333297729492,21.25666618347168,21.549999237060547,17.798681259155273,271200
2007-11-01,21.46999931335449,21.46999931335449,21.15999984741211,21.19333267211914,17.50409698486328,426600
2007-11-02,21.26666641235352,21.356666564941406,21.036666870117188,21.34000015258789,17.625242233276367,1254300
2007-11-05,21.09000015258789,21.476667404174805,21.09000015258789,21.23666763305664,17.53989601135254,1152000
2007-11-06,21.350000381469727,21.56333351135254,21.23666763305664,21.543333053588867,17.793170928955078,1840800
2007-11-07,21.34666633605957,21.46999931335449,20.959999084472656,20.96666717529297,17.316892623901367,384300
2007-11-08,21.06999969482422,21.08333206176757,20.32666778564453,20.670000076293945,17.071874618530273,1187400
2007-11-09,20.520000457763672,20.790000915527344,20.413333892822266,20.489999771118164,16.923208236694336,994200
2007-11-12,20.36666679382324,20.549999237060547,19.953332901000977,19.959999084472656,16.485464096069336,693300
2007-11-13,20.253332138061523,20.46999931335449,20.18000030517578,20.413333892822266,16.85987663269043,115200
2007-11-14,20.63333320617676,20.666667938232425,20.253332138061523,20.25666618347168,16.730485916137695,114000
2007-11-15,20.15999984741211,20.3933334350586,19.98666763305664,20.13666725158692,16.63138198852539,652500
2007-11-16,20.17333221435547,20.24333381652832,19.89666748046875,20.0,16.51850128173828,1236000
2007-11-19,19.926666259765625,20.06666755676269,19.61333274841309,19.63666725158692,16.218416213989258,1242900
2007-11-20,19.690000534057617,19.796667098999023,19.053333282470703,19.39666748046875,16.020193099975586,1628400
2007-11-21,19.1299991607666,19.43000030517578,18.80666732788086,19.01333236694336,15.703587532043455,1572900
2007-11-23,19.170000076293945,19.38666725158692,19.06999969482422,19.290000915527344,15.93209457397461,92700
2007-11-26,19.39999961853028,19.446666717529297,18.796667098999023,18.796667098999023,15.524640083312988,222600
2007-11-27,18.81333351135254,19.196666717529297,18.793333053588867,19.196666717529297,15.855009078979492,1816800
2007-11-28,19.56999969482422,20.09000015258789,19.46666717529297,20.01333236694336,16.529510498046875,443700
2007-11-29,19.88999938964844,20.06999969482422,19.84333229064941,19.99666786193848,16.515745162963867,720300
2007-11-30,20.27666664123535,20.27666664123535,19.666667938232425,19.71333312988281,16.281734466552734,90000
2007-12-03,19.75666618347168,19.8933334350586,19.670000076293945,19.69333267211914,16.265222549438477,72300
2007-12-04,19.56666755676269,19.69333267211914,19.503332138061523,19.540000915527344,16.13857078552246,2136600
2007-12-05,19.86666679382324,20.253332138061523,19.86666679382324,20.09666633605957,16.59833526611328,549300
2007-12-06,20.053333282470703,20.483333587646484,20.053333282470703,20.43666648864746,16.879154205322266,541500
2007-12-07,20.43666648864746,20.479999542236328,20.30666732788086,20.406667709350582,16.854373931884766,277200
2007-12-10,20.440000534057617,20.6433334350586,20.35333251953125,20.58333206176757,17.000288009643555,181200
2007-12-11,20.71333312988281,20.81333351135254,20.176666259765625,20.176666259765625,16.664413452148438,1647000
2007-12-12,20.786666870117188,20.786666870117188,20.15999984741211,20.426666259765625,16.870895385742188,911400
2007-12-13,20.31666755676269,20.49333381652832,20.00666618347168,20.23666763305664,16.713972091674805,1119300
2007-12-14,20.10333251953125,20.23666763305664,19.983333587646484,20.023332595825195,16.537763595581055,944100
2007-12-17,19.90999984741211,19.96333312988281,19.57999992370605,19.57999992370605,16.17160415649414,1101300
2007-12-18,19.670000076293945,19.76000022888184,19.459999084472656,19.670000076293945,16.245948791503906,791400
2007-12-19,19.57333374023437,19.84666633605957,19.57333374023437,19.71666717529297,16.28448486328125,252900
2007-12-20,19.920000076293945,20.11000061035156,19.796667098999023,19.983333587646484,16.50472640991211,304500
2007-12-21,20.33333206176757,20.37333297729492,20.156667709350582,20.239999771118164,16.716724395751953,360300
2007-12-24,20.32999992370605,20.476667404174805,20.32999992370605,20.450000762939453,16.890169143676758,121800
2007-12-26,20.46666717529297,20.520000457763672,20.38333320617676,20.48666763305664,16.920452117919922,548400
2007-12-27,20.350000381469727,20.503332138061523,20.03333282470703,20.040000915527344,16.571765899658203,163500
2007-12-28,20.13333320617676,20.13666725158692,19.8799991607666,19.97333335876465,16.516626358032227,191700
2007-12-31,19.933332443237305,20.00666618347168,19.77666664123535,19.803333282470703,16.376054763793945,270000
2008-01-02,19.780000686645508,19.88999938964844,19.1299991607666,19.273332595825195,15.937768936157228,536700
2008-01-03,19.34333229064941,19.34333229064941,18.976667404174805,19.043333053588867,15.747581481933594,600600
2008-01-04,18.753332138061523,18.753332138061523,17.959999084472656,18.12666702270508,14.989558219909668,649800
2008-01-07,18.21333312988281,18.21333312988281,17.530000686645508,17.69333267211914,14.631224632263184,346500
2008-01-08,17.766666412353516,18.00666618347168,17.22333335876465,17.27666664123535,14.286664009094238,415200
2008-01-09,17.209999084472656,17.53333282470703,16.913333892822266,17.386667251586914,14.377629280090332,599100
2008-01-10,17.156667709350586,17.543333053588867,17.10333251953125,17.456666946411133,14.435507774353027,1900800
2008-01-11,17.34666633605957,17.34666633605957,16.81333351135254,16.913333892822266,13.986212730407717,231300
2008-01-14,17.166667938232422,17.456666946411133,17.143333435058594,17.426666259765625,14.410704612731934,115500
2008-01-15,17.239999771118164,17.239999771118164,16.703332901000977,16.773332595825195,13.870439529418944,356700
2008-01-16,16.3799991607666,16.93666648864746,16.10333251953125,16.559999465942383,13.694029808044434,388200
2008-01-17,16.74333381652832,16.913333892822266,16.253332138061523,16.253332138061523,13.440434455871582,486300
2008-01-18,16.479999542236328,16.803333282470703,16.389999389648438,16.68000030517578,13.79326057434082,392100
2008-01-22,16.03333282470703,16.60333251953125,15.793333053588867,16.366666793823242,13.534150123596191,458100
2008-01-23,15.626667022705078,16.790000915527344,15.5,16.753332138061523,13.853900909423828,443400
2008-01-24,16.799999237060547,17.229999542236328,16.77666664123535,17.229999542236328,14.248079299926758,664800
2008-01-25,17.600000381469727,17.766666412353516,16.866666793823242,16.883333206176758,13.961407661437988,1206000
2008-01-28,16.80666732788086,17.10333251953125,16.600000381469727,17.10333251953125,14.143328666687012,386100
2008-01-29,17.05666732788086,17.27666664123535,16.886667251586914,17.133333206176758,14.168137550354004,224400
2008-01-30,17.15333366394043,17.356666564941406,17.00666618347168,17.1200008392334,14.15711498260498,269100
2008-01-31,16.899999618530273,17.25,16.80666732788086,17.06999969482422,14.115763664245604,318300
2008-02-01,17.200000762939453,18.0,17.200000762939453,17.979999542236328,14.868270874023438,604800
2008-02-04,17.996667861938477,18.0,17.6299991607666,17.65999984741211,14.603657722473145,373800
2008-02-05,17.299999237060547,17.360000610351562,16.8700008392334,16.889999389648438,13.966913223266602,361500
2008-02-06,16.94333267211914,17.066667556762695,16.446666717529297,16.463333129882812,13.614089012145996,379500
2008-02-07,16.31999969482422,16.899999618530273,16.100000381469727,16.616666793823242,13.740888595581056,473700
2008-02-08,16.639999389648438,16.983333587646484,16.616666793823242,16.809999465942383,13.900766372680664,233100
2008-02-11,16.883333206176758,17.336666107177734,16.883333206176758,17.200000762939453,14.22326946258545,164700
2008-02-12,17.329999923706055,17.459999084472656,17.079999923706055,17.116666793823242,14.154352188110352,197400
2008-02-13,17.323333740234375,17.753332138061523,17.323333740234375,17.75,14.678078651428224,74700
2008-02-14,17.766666412353516,17.766666412353516,17.149999618530273,17.149999618530273,14.181921005249023,992400
2008-02-15,17.066667556762695,17.170000076293945,16.75666618347168,16.836666107177734,13.922811508178713,103800
2008-02-19,17.066667556762695,17.07666778564453,16.64666748046875,16.713333129882812,13.820823669433594,166500
2008-02-20,16.523332595825195,17.15999984741211,16.523332595825195,17.040000915527344,14.090960502624512,165000
2008-02-21,17.299999237060547,17.446666717529297,16.940000534057617,16.99333381652832,14.052364349365234,825900
2008-02-22,17.036666870117188,17.06333351135254,16.709999084472656,17.049999237060547,14.099225997924805,728100
2008-02-25,16.98666763305664,17.303333282470703,16.873332977294922,17.213333129882812,14.234292030334473,1883700
2008-02-26,17.06999969482422,17.656667709350586,17.06999969482422,17.489999771118164,14.463072776794434,4507200
2008-02-27,17.350000381469727,17.766666412353516,17.350000381469727,17.643333435058594,14.589872360229492,1743300
2008-02-28,17.453332901000977,17.520000457763672,17.17333221435547,17.226667404174805,14.245326042175291,293700
2008-02-29,17.066667556762695,17.09666633605957,16.683332443237305,16.729999542236328,13.834606170654297,209400
2008-03-03,16.726667404174805,16.766666412353516,16.469999313354492,16.6299991607666,13.751909255981444,908700
2008-03-04,16.5,16.73666763305664,16.206666946411133,16.719999313354492,13.826334953308104,808200
2008-03-05,16.593332290649414,17.030000686645508,16.593332290649414,16.886667251586914,13.964158058166504,235500
2008-03-06,16.726667404174805,16.803333282470703,16.3799991607666,16.399999618530273,13.561716079711914,158400
2008-03-07,16.25,16.793333053588867,16.06999969482422,16.420000076293945,13.578254699707031,339900
2008-03-10,16.3799991607666,16.540000915527344,16.163333892822266,16.163333892822266,13.366012573242188,211800
2008-03-11,16.35333251953125,16.729999542236328,16.21666717529297,16.729999542236328,13.834606170654297,212700
2008-03-12,16.68000030517578,16.899999618530273,16.606666564941406,16.606666564941406,13.732616424560549,1378500
2008-03-13,16.303333282470703,16.98666763305664,16.303333282470703,16.899999618530273,13.97518539428711,387300
2008-03-14,16.933332443237305,16.959999084472656,16.280000686645508,16.416667938232422,13.575502395629885,956100
2008-03-17,15.686667442321776,16.586666107177734,15.686667442321776,16.35333251953125,13.52312469482422,1865100
2008-03-18,16.510000228881836,17.00666618347168,16.459999084472656,17.00666618347168,14.063398361206056,982500
2008-03-19,16.963333129882812,16.976667404174805,16.293333053588867,16.309999465942383,13.487295150756836,511800
2008-03-20,16.270000457763672,16.6299991607666,16.183332443237305,16.6299991607666,13.751909255981444,4154700
2008-03-24,16.633333206176758,17.360000610351562,16.633333206176758,17.156667709350586,14.187429428100586,727200
2008-03-25,17.166667938232422,17.316667556762695,17.049999237060547,17.206666946411133,14.228779792785645,162900
2008-03-26,17.133333206176758,17.206666946411133,16.81999969482422,17.023332595825195,14.077171325683594,2055000
2008-03-27,16.953332901000977,16.953332901000977,16.583332061767578,16.583332061767578,13.71332550048828,262500
2008-03-28,16.75,16.78333282470703,16.343332290649414,16.343332290649414,13.514852523803713,229500
2008-03-31,16.366666793823242,16.67333221435547,16.366666793823242,16.520000457763672,13.660943984985352,479700
2008-04-01,16.696666717529297,17.246667861938477,16.696666717529297,17.209999084472656,14.23153018951416,866400
2008-04-02,17.206666946411133,17.579999923706055,17.206666946411133,17.333332061767578,14.333518028259276,2016900
2008-04-03,17.196666717529297,17.68000030517578,17.083332061767578,17.579999923706055,14.537503242492676,922800
2008-04-04,17.503332138061523,17.729999542236328,17.356666564941406,17.60333251953125,14.556793212890623,297900
2008-04-07,17.68666648864746,17.766666412353516,17.386667251586914,17.469999313354492,14.446538925170898,3148800
2008-04-08,17.296667098999023,17.296667098999023,17.043333053588867,17.100000381469727,14.140570640563965,337500
2008-04-09,17.166667938232422,17.450000762939453,17.02666664123535,17.273332595825195,14.283907890319824,2472300
2008-04-10,17.316667556762695,17.843332290649414,17.309999465942383,17.676666259765625,14.617443084716797,1656900
2008-04-11,17.496667861938477,17.496667861938477,16.979999542236328,17.030000686645508,14.082681655883787,588900
2008-04-14,16.899999618530273,16.976667404174805,16.683332443237305,16.72333335876465,13.829092979431152,450600
2008-04-15,16.809999465942383,16.809999465942383,16.406667709350586,16.766666412353516,13.864928245544434,748800
2008-04-16,17.110000610351562,17.483333587646484,17.093332290649414,17.446666717529297,14.427244186401367,555600
2008-04-17,17.333332061767578,17.35333251953125,17.079999923706055,17.32666778564453,14.328012466430664,360900
2008-04-18,17.636667251586914,17.850000381469727,17.5,17.700000762939453,14.636736869812012,957600
2008-04-21,17.583332061767578,17.90999984741211,17.583332061767578,17.893333435058594,14.796606063842772,1871700
2008-04-22,17.733333587646484,17.733333587646484,17.239999771118164,17.42333221435547,14.40794849395752,1019400
2008-04-23,17.503332138061523,18.11000061035156,17.503332138061523,17.93000030517578,14.826933860778809,1615200
2008-04-24,17.920000076293945,18.39999961853028,17.71666717529297,18.25,15.091537475585938,1280400
2008-04-25,18.350000381469727,18.350000381469727,17.823333740234375,18.183332443237305,15.036418914794922,360300
2008-04-28,18.07666778564453,18.15999984741211,17.963333129882812,18.053333282470703,14.928918838500977,617100
2008-04-29,18.00666618347168,18.229999542236328,18.0,18.13999938964844,15.000579833984377,669900
2008-04-30,18.163333892822266,18.163333892822266,17.69333267211914,17.796667098999023,14.71667194366455,2556300
2008-05-01,17.78333282470703,18.53333282470703,17.78333282470703,18.46333312988281,15.267959594726562,2147100
2008-05-02,18.63333320617676,18.69333267211914,18.233333587646484,18.47333335876465,15.27622890472412,2086800
2008-05-05,18.39666748046875,18.47333335876465,18.21999931335449,18.34000015258789,15.165975570678713,1626600
2008-05-06,18.176666259765625,18.67333221435547,18.176666259765625,18.64999961853028,15.422320365905762,936600
2008-05-07,18.700000762939453,18.88666725158692,18.42333221435547,18.42333221435547,15.234880447387695,3071100
2008-05-08,18.48666763305664,18.6433334350586,18.28333282470703,18.5,15.2982759475708,3518700
2008-05-09,18.303333282470703,18.62333297729492,18.303333282470703,18.49666786193848,15.29552936553955,228600
2008-05-12,18.40333366394043,18.74666786193848,18.40333366394043,18.72333335876465,15.482962608337402,172800
2008-05-13,18.78333282470703,18.84000015258789,18.666667938232425,18.803333282470703,15.549113273620604,249600
2008-05-14,18.793333053588867,19.36666679382324,18.793333053588867,19.043333053588867,15.747581481933594,446400
2008-05-15,19.07333374023437,19.49333381652832,19.01666641235352,19.48666763305664,16.11418342590332,402000
2008-05-16,19.5,19.59666633605957,19.190000534057617,19.59333229064941,16.2023983001709,307200
2008-05-19,19.63333320617676,19.979999542236328,19.43000030517578,19.5,16.12521743774414,354300
2008-05-20,19.42333221435547,19.42333221435547,18.88999938964844,19.020000457763672,15.728290557861328,338400
2008-05-21,18.93666648864746,19.09666633605957,18.68000030517578,18.71666717529297,15.47745132446289,271200
2008-05-22,18.73666763305664,19.003332138061523,18.726667404174805,18.82333374023437,15.565650939941406,376500
2008-05-23,18.796667098999023,18.796667098999023,18.420000076293945,18.68000030517578,15.447124481201172,267000
2008-05-27,18.64999961853028,19.040000915527344,18.64999961853028,19.020000457763672,15.728290557861328,371700
2008-05-28,19.11333274841309,19.163333892822266,18.90333366394043,19.09333229064941,15.788922309875488,586500
2008-05-29,19.03333282470703,19.156667709350582,19.01333236694336,19.02666664123535,15.733797073364258,132600
2008-05-30,19.11333274841309,19.40333366394043,19.11333274841309,19.30666732788086,15.965331077575684,237600
2008-06-02,19.26333236694336,19.299999237060547,18.8799991607666,19.11333274841309,15.80546760559082,230100
2008-06-03,19.166667938232425,19.166667938232425,18.700000762939453,18.84333229064941,15.582194328308104,556800
2008-06-04,18.98666763305664,19.26000022888184,18.916667938232425,19.13999938964844,15.827519416809082,582900
2008-06-05,19.32999992370605,19.47333335876465,19.166667938232425,19.38666725158692,16.031496047973633,404100
2008-06-06,19.350000381469727,19.39999961853028,18.87666702270508,19.1200008392334,15.810982704162598,354900
2008-06-09,19.01333236694336,19.01333236694336,18.3799991607666,18.72333335876465,15.482962608337402,331800
2008-06-10,18.57999992370605,18.57999992370605,18.233333587646484,18.34666633605957,15.171486854553224,816300
2008-06-11,18.40333366394043,18.40333366394043,17.760000228881836,17.760000228881836,14.686347007751465,459000
2008-06-12,17.683332443237305,18.190000534057617,17.683332443237305,17.833332061767578,14.746988296508787,552600
2008-06-13,18.0,18.38666725158692,17.96666717529297,18.293333053588867,15.12739086151123,3403200
2008-06-16,18.209999084472656,18.76333236694336,18.209999084472656,18.65999984741211,15.43059539794922,1749600
2008-06-17,18.683332443237305,18.82666778564453,18.39999961853028,18.406667709350582,15.221099853515623,1440300
2008-06-18,18.233333587646484,18.36666679382324,17.92333221435547,18.0,14.884814262390137,187800
2008-06-19,18.07999992370605,18.600000381469727,17.893333435058594,18.46999931335449,15.273469924926758,430500
2008-06-20,18.239999771118164,18.239999771118164,17.979999542236328,18.053333282470703,14.928918838500977,324300
2008-06-23,18.233333587646484,18.233333587646484,17.746667861938477,17.766666412353516,14.729931831359863,496800
2008-06-24,17.6200008392334,18.190000534057617,17.6200008392334,17.856666564941406,14.804559707641602,2746500
2008-06-25,18.059999465942383,18.40333366394043,18.059999465942383,18.170000076293945,15.064332008361816,781800
2008-06-26,18.0,18.030000686645508,17.26333236694336,17.35333251953125,14.387249946594238,2019000
2008-06-27,17.28333282470703,17.376667022705078,16.989999771118164,17.239999771118164,14.293289184570312,715500
2008-06-30,17.123332977294922,17.413333892822266,17.066667556762695,17.066667556762695,14.14958381652832,238500
2008-07-01,16.899999618530273,17.03333282470703,16.553333282470703,17.00666618347168,14.099842071533203,341700
2008-07-02,17.046667098999023,17.14666748046875,16.553333282470703,16.600000381469727,13.762685775756836,697200
2008-07-03,16.733333587646484,16.733333587646484,15.896666526794434,16.123332977294922,13.367486953735352,1032900
2008-07-07,16.206666946411133,16.566667556762695,15.983332633972168,16.219999313354492,13.447635650634766,3449100
2008-07-08,16.133333206176758,16.373332977294922,15.986666679382324,16.31333351135254,13.525012969970703,901500
2008-07-09,16.333332061767578,16.333332061767578,15.653332710266112,15.653332710266112,12.977819442749023,4893900
2008-07-10,15.583333015441896,15.94333267211914,15.516667366027832,15.883333206176758,13.16850757598877,750900
2008-07-11,15.6899995803833,16.06333351135254,15.43333339691162,15.826666831970217,13.121526718139648,2791800
2008-07-14,15.923333168029783,16.00666618347168,15.470000267028809,15.633333206176758,12.96123504638672,1956900
2008-07-15,15.50333309173584,16.086666107177734,15.386667251586914,15.786666870117188,13.088366508483888,1030500
2008-07-16,15.979999542236328,16.343332290649414,15.723333358764648,16.296667098999023,13.511197090148926,3625800
2008-07-17,16.43000030517578,16.739999771118164,16.176666259765625,16.64666748046875,13.801372528076172,976500
2008-07-18,16.573333740234375,16.6299991607666,16.083332061767578,16.566667556762695,13.735047340393066,4616400
2008-07-21,16.666667938232422,16.68666648864746,16.343332290649414,16.426666259765625,13.618972778320312,501300
2008-07-22,16.110000610351562,16.113332748413086,15.686667442321776,15.920000076293944,13.19890594482422,735000
2008-07-23,15.970000267028809,16.25666618347168,15.82333278656006,16.06999969482422,13.32326889038086,692100
2008-07-24,16.0,16.0,15.270000457763672,15.303333282470703,12.687644004821776,863700
2008-07-25,15.34000015258789,15.493332862854004,15.18333339691162,15.453332901000977,12.812005996704102,4945500
2008-07-28,15.30666732788086,15.479999542236328,15.153332710266112,15.203332901000977,12.604741096496582,2046000
2008-07-29,15.333333015441896,15.623332977294922,15.226667404174805,15.59333324432373,12.92807674407959,1445400
2008-07-30,15.739999771118164,15.883333206176758,15.529999732971191,15.720000267028809,13.033095359802246,3765600
2008-07-31,15.583333015441896,16.0,15.583333015441896,15.66333293914795,12.986109733581545,911100
2008-08-01,15.643333435058594,15.699999809265137,15.3100004196167,15.523332595825195,12.870038986206056,1091400
2008-08-04,15.596667289733888,15.716667175292969,15.489999771118164,15.553333282470703,12.894909858703612,604200
2008-08-05,15.710000038146973,15.946666717529297,15.56999969482422,15.936667442321776,13.212724685668944,738600
2008-08-06,16.010000228881836,16.213333129882812,15.696666717529297,16.136667251586914,13.378541946411133,538200
2008-08-07,16.133333206176758,16.616666793823242,15.936667442321776,16.293333053588867,13.508429527282717,702000
2008-08-08,16.280000686645508,16.683332443237305,16.206666946411133,16.633333206176758,13.790316581726074,497700
2008-08-11,16.713333129882812,17.196666717529297,16.626667022705078,16.983333587646484,14.08049488067627,676800
2008-08-12,17.0,17.086666107177734,16.8799991607666,16.950000762939453,14.052858352661133,825000
2008-08-13,17.020000457763672,17.213333129882812,16.843332290649414,17.03333282470703,14.121952056884766,947100
2008-08-14,16.93000030517578,17.286666870117188,16.899999618530273,17.206666946411133,14.265657424926758,695100
2008-08-15,17.299999237060547,17.433332443237305,17.163333892822266,17.286666870117188,14.33198070526123,1181700
2008-08-18,17.40999984741211,17.40999984741211,16.873332977294922,17.066667556762695,14.14958381652832,1061100
2008-08-19,16.979999542236328,17.016666412353516,16.68666648864746,16.746667861938477,13.884279251098633,828300
2008-08-20,16.89666748046875,16.956666946411133,16.613332748413086,16.700000762939453,13.845585823059082,941400
2008-08-21,16.656667709350586,16.683332443237305,16.476667404174805,16.606666564941406,13.768207550048828,684600
2008-08-22,16.799999237060547,16.876667022705078,16.649999618530273,16.81333351135254,13.93955421447754,416700
2008-08-25,16.713333129882812,16.823333740234375,16.540000915527344,16.549999237060547,13.721230506896973,838200
2008-08-26,16.479999542236328,16.5,16.280000686645508,16.406667709350586,13.602396965026855,576900
2008-08-27,16.366666793823242,16.68666648864746,16.35333251953125,16.56999969482422,13.737810134887695,291300
2008-08-28,16.643333435058594,16.753332138061523,16.59666633605957,16.726667404174805,13.867698669433594,610500
2008-08-29,16.53333282470703,16.559999465942383,16.233333587646484,16.35333251953125,13.558173179626465,491400
2008-09-02,16.606666564941406,16.69333267211914,16.016666412353516,16.09666633605957,13.345376968383787,1169700
2008-09-03,16.0,16.0,15.32333278656006,15.366666793823242,12.740154266357422,1014900
2008-09-04,15.25,15.279999732971191,14.846667289733888,14.893333435058594,12.347722053527832,1060800
2008-09-05,14.6899995803833,15.173333168029783,14.6899995803833,15.09000015258789,12.51077365875244,939000
2008-09-08,15.486666679382324,15.486666679382324,14.733332633972168,15.0,12.436161994934082,993900
2008-09-09,14.833333015441896,14.993332862854004,14.34000015258789,14.416666984558104,11.952527046203612,2081400
2008-09-10,14.616666793823242,14.68000030517578,14.40666675567627,14.506667137145996,12.027146339416504,1312800
2008-09-11,14.34333324432373,14.606666564941406,14.126667022705078,14.510000228881836,12.029908180236816,1560000
2008-09-12,14.31999969482422,14.563332557678224,14.15999984741211,14.529999732971191,12.04649257659912,1162500
2008-09-15,13.986666679382324,14.456666946411133,13.949999809265137,13.963333129882812,11.57668113708496,1541100
2008-09-16,13.386667251586914,14.270000457763672,13.333333015441896,14.109999656677246,11.69827938079834,1938600
2008-09-17,13.696666717529297,14.220000267028809,13.636667251586914,13.636667251586914,11.305850982666016,961500
2008-09-18,13.886667251586914,14.449999809265137,13.386667251586914,14.32333278656006,11.87514877319336,2410200
2008-09-19,15.41333293914795,15.616666793823242,13.329999923706056,14.670000076293944,12.162564277648926,477300
2008-09-22,14.399999618530272,14.579999923706056,13.99666690826416,14.00333309173584,11.609846115112305,203100
2008-09-23,14.0600004196167,14.210000038146973,13.706666946411133,13.789999961853027,11.43297290802002,169800
2008-09-24,13.953332901000977,14.123332977294922,13.866666793823242,13.93000030517578,11.54905128479004,395700
2008-09-25,13.579999923706056,14.300000190734863,13.579999923706056,14.130000114440918,11.714860916137695,498000
2008-09-26,14.076666831970217,14.206666946411133,13.446666717529297,14.206666946411133,11.778423309326172,467100
2008-09-29,14.15999984741211,14.15999984741211,12.903332710266112,13.0,10.778006553649902,1169700
2008-09-30,12.800000190734863,13.536666870117188,12.800000190734863,13.513333320617676,11.203598022460938,1665900
2008-10-01,13.640000343322754,13.640000343322754,13.239999771118164,13.4399995803833,11.142794609069824,1028100
2008-10-02,13.206666946411133,13.24666690826416,12.600000381469728,12.626667022705078,10.46847915649414,941700
2008-10-03,12.903332710266112,13.130000114440918,12.470000267028809,12.483332633972168,10.349647521972656,824400
2008-10-06,12.146666526794434,12.19333267211914,11.40999984741211,12.0600004196167,9.998674392700195,857700
2008-10-07,12.09333324432373,12.206666946411133,11.243332862854004,11.273332595825195,9.34646224975586,628500
2008-10-08,10.8100004196167,11.766667366027832,10.8100004196167,11.24666690826416,9.32435417175293,2062500
2008-10-09,11.489999771118164,11.733332633972168,10.90666675567627,11.053333282470703,9.164067268371582,967800
2008-10-10,10.376667022705078,11.363332748413086,10.229999542236328,10.91333293914795,9.04799461364746,2379000
2008-10-13,11.133333206176758,11.91333293914795,11.133333206176758,11.91333293914795,9.877070426940918,617700
2008-10-14,12.303333282470703,12.383333206176758,11.273332595825195,11.420000076293944,9.468062400817873,1168800
2008-10-15,11.363332748413086,11.373332977294922,10.350000381469728,10.363332748413086,8.59200382232666,849000
2008-10-16,10.33666706085205,10.896666526794434,9.899999618530272,10.866666793823242,9.009305000305176,1512300
2008-10-17,10.643333435058594,11.15666675567627,10.609999656677246,10.696666717529297,8.868359565734863,928500
2008-10-20,10.9399995803833,11.046667098999023,10.796667098999023,11.016667366027832,9.1336669921875,562800
2008-10-21,10.546667098999023,10.83666706085205,10.493332862854004,10.493332862854004,8.699784278869629,618300
2008-10-22,10.479999542236328,10.600000381469728,9.883333206176758,10.06666660308838,8.346044540405273,415200
2008-10-23,10.100000381469728,10.173333168029783,9.479999542236328,9.856666564941406,8.171937942504883,543000
2008-10-24,9.026666641235352,10.149999618530272,9.026666641235352,9.846667289733888,8.163650512695312,669600
2008-10-27,9.583333015441896,10.25333309173584,9.583333015441896,9.826666831970217,8.147067070007324,532500
2008-10-28,10.130000114440918,10.729999542236328,9.800000190734863,10.710000038146973,8.879420280456543,981600
2008-10-29,10.58666706085205,10.850000381469728,10.393333435058594,10.533332824707031,8.732942581176758,593400
2008-10-30,10.833333015441896,11.0,10.523332595825195,10.989999771118164,9.11155605316162,429900
2008-10-31,10.74666690826416,11.333333015441896,10.74666690826416,11.130000114440918,9.227628707885742,541500
2008-11-03,11.25333309173584,11.33666706085205,11.053333282470703,11.103333473205566,9.205523490905762,217800
2008-11-04,11.31999969482422,11.550000190734863,11.220000267028809,11.516667366027832,9.548202514648438,261900
2008-11-05,11.346667289733888,11.40666675567627,10.916666984558104,10.920000076293944,9.053523063659668,231300
2008-11-06,10.726667404174805,10.813332557678224,10.07333278656006,10.09000015258789,8.365388870239258,225300
2008-11-07,10.1899995803833,10.383333206176758,10.126667022705078,10.313332557678224,8.550548553466797,139500
2008-11-10,10.396666526794434,10.43333339691162,9.90666675567627,10.013333320617676,8.301823616027832,163500
2008-11-11,9.796667098999023,10.010000228881836,9.653332710266112,9.800000190734863,8.124958038330078,403200
2008-11-12,9.606666564941406,9.743332862854004,9.293333053588867,9.30666732788086,7.715945720672607,185100
2008-11-13,9.380000114440918,9.920000076293944,8.84000015258789,9.920000076293944,8.224443435668945,571800
2008-11-14,9.649999618530272,9.68000030517578,9.18000030517578,9.229999542236328,7.652380466461182,335700
2008-11-17,9.09000015258789,9.25333309173584,8.979999542236328,8.989999771118164,7.453403949737549,337500
2008-11-18,8.930000305175781,9.05666732788086,8.533332824707031,8.786666870117188,7.284824371337891,359400
2008-11-19,8.673333168029785,8.826666831970215,8.130000114440918,8.130000114440918,6.7403974533081055,254100
2008-11-20,8.026666641235352,8.430000305175781,7.793333053588867,7.793333053588867,6.461274147033691,422700
2008-11-21,8.096667289733887,8.15999984741211,7.633333206176758,8.149999618530273,6.756978988647461,336600
2008-11-24,8.136667251586914,8.716667175292969,8.136667251586914,8.653332710266113,7.17427921295166,196500
2008-11-25,8.706666946411133,8.733332633972168,8.353333473205566,8.55666732788086,7.09414005279541,523800
2008-11-26,8.333333015441895,9.149999618530272,8.333333015441895,9.133333206176758,7.572238445281982,348900
2008-11-28,9.173333168029783,9.173333168029783,8.920000076293945,9.023332595825195,7.481038570404053,183600
2008-12-01,8.696666717529297,8.766667366027832,8.34000015258789,8.34000015258789,6.914504528045654,478200
2008-12-02,8.526666641235352,8.55666732788086,8.180000305175781,8.479999542236328,7.030574798583984,414900
2008-12-03,8.220000267028809,8.90666675567627,8.220000267028809,8.890000343322754,7.37049388885498,553200
2008-12-04,8.729999542236328,8.893333435058594,8.30666732788086,8.390000343322754,6.955958366394043,436500
2008-12-05,8.220000267028809,8.69333267211914,8.043333053588867,8.69333267211914,7.207444190979004,710400
2008-12-08,8.91333293914795,8.963333129882812,8.673333168029785,8.826666831970215,7.317988395690918,250200
2008-12-09,8.786666870117188,9.536666870117188,8.623332977294922,9.226667404174805,7.6496195793151855,854400
2008-12-10,9.226667404174805,9.710000038146973,9.18000030517578,9.399999618530272,7.793325901031494,874800
2008-12-11,9.333333015441896,9.57333278656006,9.146666526794434,9.18333339691162,7.613692760467529,374100
2008-12-12,8.956666946411133,9.666666984558104,8.956666946411133,9.643333435058594,7.995067596435547,683100
2008-12-15,9.69333267211914,9.69333267211914,9.293333053588867,9.49666690826416,7.873471260070801,297000
2008-12-16,9.636667251586914,10.043333053588867,9.58666706085205,10.0,8.290770530700684,363300
2008-12-17,9.859999656677246,10.206666946411133,9.756667137145996,10.100000381469728,8.373679161071777,362400
2008-12-18,10.076666831970217,10.076666831970217,9.350000381469728,9.476667404174805,7.856887340545654,343200
2008-12-19,9.59000015258789,9.81999969482422,9.56999969482422,9.69333267211914,8.03652286529541,234900
2008-12-22,9.546667098999023,9.546667098999023,9.05666732788086,9.243332862854004,7.729624271392822,233400
2008-12-23,9.300000190734863,9.300000190734863,8.926667213439941,8.970000267028809,7.501054286956787,260700
2008-12-24,8.99666690826416,9.083333015441896,8.986666679382324,9.07333278656006,7.587462425231934,142500
2008-12-26,9.083333015441896,9.083333015441896,8.946666717529297,9.013333320617676,7.537284374237059,134100
2008-12-29,9.006667137145996,9.013333320617676,8.829999923706055,8.970000267028809,7.501054286956787,379500
2008-12-30,9.029999732971191,9.399999618530272,9.029999732971191,9.369999885559082,7.835543155670166,342900
2008-12-31,9.359999656677246,9.550000190734863,9.353333473205566,9.456666946411133,7.908021450042725,192600
2009-01-02,9.473333358764648,9.93000030517578,9.393333435058594,9.896666526794434,8.27596378326416,169200
2009-01-05,9.8100004196167,10.043333053588867,9.743332862854004,9.893333435058594,8.273174285888672,367800
2009-01-06,9.953332901000977,10.516667366027832,9.953332901000977,10.42666721343994,8.719170570373535,424200
2009-01-07,10.166666984558104,10.166666984558104,9.82333278656006,9.936667442321776,8.309412956237793,351600
2009-01-08,9.829999923706056,9.956666946411133,9.65666675567627,9.92666721343994,8.301050186157227,242100
2009-01-09,9.899999618530272,9.916666984558104,9.55666732788086,9.576666831970217,8.008367538452148,256200
2009-01-12,9.55666732788086,9.55666732788086,9.196666717529297,9.283332824707031,7.763070106506348,199200
2009-01-13,9.390000343322754,9.553333282470703,9.130000114440918,9.296667098999023,7.774221897125244,449100
2009-01-14,9.146666526794434,9.173333168029783,8.869999885559082,8.923333168029785,7.462027549743652,220500
2009-01-15,8.936667442321777,9.1899995803833,8.713333129882812,9.083333015441896,7.595825672149658,440400
2009-01-16,9.286666870117188,9.49666690826416,9.05666732788086,9.456666946411133,7.908021450042725,653400
2009-01-20,9.4399995803833,9.4399995803833,8.803333282470703,8.819999694824219,7.375613212585449,366900
2009-01-21,8.953332901000977,9.0600004196167,8.626667022705078,9.036666870117188,7.556799411773682,277500
2009-01-22,8.813332557678223,8.989999771118164,8.59000015258789,8.813332557678223,7.370038509368896,456000
2009-01-23,8.829999923706055,9.33666706085205,8.706666946411133,9.1899995803833,7.685021877288818,543600
2009-01-26,9.206666946411133,9.476667404174805,9.143333435058594,9.266667366027832,7.749135494232178,519300
2009-01-27,9.289999961853027,9.649999618530272,9.289999961853027,9.563332557678224,7.997218132019043,635700
2009-01-28,9.789999961853027,9.979999542236328,9.710000038146973,9.896666526794434,8.27596378326416,635700
2009-01-29,9.733332633972168,9.733332633972168,9.33666706085205,9.399999618530272,7.860633373260498,367800
2009-01-30,9.453332901000977,9.539999961853027,9.130000114440918,9.210000038146973,7.7017502784729,788700
2009-02-02,9.036666870117188,9.396666526794434,9.006667137145996,9.31666660308838,7.790944576263428,566400
2009-02-03,9.350000381469728,9.49666690826416,9.16333293914795,9.466667175292969,7.916382789611816,1230600
2009-02-04,9.453332901000977,9.920000076293944,9.390000343322754,9.58666706085205,8.016725540161133,1090500
2009-02-05,9.420000076293944,10.116666793823242,9.420000076293944,9.979999542236328,8.345650672912598,950700
2009-02-06,10.036666870117188,10.40999984741211,10.036666870117188,10.350000381469728,8.65505599975586,552300
2009-02-09,10.31666660308838,10.366666793823242,10.166666984558104,10.296667098999023,8.610461235046387,1004700
2009-02-10,10.229999542236328,10.41333293914795,9.729999542236328,9.82333278656006,8.21463680267334,567900
2009-02-11,9.80666732788086,9.80666732788086,9.453332901000977,9.643333435058594,8.064114570617676,654900
2009-02-12,9.473333358764648,9.813332557678224,9.420000076293944,9.766667366027832,8.167253494262695,924900
2009-02-13,9.733332633972168,10.043333053588867,9.733332633972168,9.92666721343994,8.301050186157227,728400
2009-02-17,9.553333282470703,9.55666732788086,9.236666679382324,9.25,7.735194683074951,441300
2009-02-18,9.303333282470703,9.49666690826416,9.170000076293944,9.263333320617676,7.746347427368164,662100
2009-02-19,9.356666564941406,9.369999885559082,8.793333053588867,8.826666831970215,7.381190299987793,493200
2009-02-20,8.666666984558105,8.989999771118164,8.666666984558105,8.880000114440918,7.425788402557373,818100
2009-02-23,8.916666984558105,8.916666984558105,8.470000267028809,8.506667137145996,7.113595962524414,1062300
2009-02-24,8.579999923706055,8.993332862854004,8.579999923706055,8.9399995803833,7.475963592529297,215100
2009-02-25,8.90666675567627,9.43333339691162,8.823332786560059,9.19333267211914,7.687812805175781,990600
2009-02-26,9.276666641235352,9.619999885559082,9.07333278656006,9.109999656677246,7.6181206703186035,578400
2009-02-27,8.993332862854004,9.256667137145996,8.976667404174805,9.0600004196167,7.57631254196167,756900
2009-03-02,8.880000114440918,9.039999961853027,8.543333053588867,8.583333015441895,7.177705764770508,394200
2009-03-03,8.733332633972168,8.866666793823242,8.55666732788086,8.706666946411133,7.28084135055542,818400
2009-03-04,8.876667022705078,9.273332595825195,8.829999923706055,9.09333324432373,7.604187488555908,669600
2009-03-05,9.0,9.273332595825195,8.956666946411133,8.970000267028809,7.501054286956787,1372200
2009-03-06,9.08666706085205,9.199999809265137,8.643333435058594,8.856666564941406,7.406278133392334,1364400
2009-03-09,8.773332595825195,9.130000114440918,8.653332710266113,8.686667442321777,7.264115333557129,439800
2009-03-10,8.926667213439941,9.376667022705078,8.873332977294922,9.359999656677246,7.82718563079834,787800
2009-03-11,9.403332710266112,9.68333339691162,9.403332710266112,9.596667289733888,8.025092124938965,838800
2009-03-12,9.66333293914795,10.033332824707031,9.513333320617676,10.013333320617676,8.373526573181152,840300
2009-03-13,10.043333053588867,10.149999618530272,9.896666526794434,10.113332748413086,8.457151412963867,783900
2009-03-16,10.42666721343994,10.460000038146973,9.763333320617676,9.80666732788086,8.200705528259277,915300
2009-03-17,9.846667289733888,10.206666946411133,9.743332862854004,10.1899995803833,8.521259307861328,537000
2009-03-18,10.17666721343994,10.603333473205566,10.126667022705078,10.520000457763672,8.797221183776855,1107300
2009-03-19,10.670000076293944,10.670000076293944,10.366666793823242,10.49666690826416,8.777709007263184,1969800
2009-03-20,10.44333267211914,10.576666831970217,9.923333168029783,10.079999923706056,8.429274559020996,492000
2009-03-23,10.40999984741211,10.726667404174805,10.273332595825195,10.726667404174805,8.970043182373047,545100
2009-03-24,10.729999542236328,10.729999542236328,10.380000114440918,10.40999984741211,8.705230712890625,663300
2009-03-25,10.539999961853027,10.866666793823242,10.170000076293944,10.486666679382324,8.769342422485352,1688400
2009-03-26,10.523332595825195,11.0,10.523332595825195,10.99666690826416,9.19582462310791,1132500
2009-03-27,10.979999542236328,11.016667366027832,10.743332862854004,10.8100004196167,9.039725303649902,337800
2009-03-30,10.793333053588867,10.793333053588867,10.213333129882812,10.353333473205566,8.657843589782715,423600
2009-03-31,10.579999923706056,10.58666706085205,10.333333015441896,10.380000114440918,8.680143356323242,856200
2009-04-01,10.166666984558104,10.596667289733888,10.140000343322754,10.5600004196167,8.830670356750488,429600
2009-04-02,10.789999961853027,11.18333339691162,10.756667137145996,10.989999771118164,9.1902494430542,715200
2009-04-03,11.119999885559082,11.31999969482422,10.869999885559082,11.31999969482422,9.46621036529541,663300
2009-04-06,11.18000030517578,11.229999542236328,10.880000114440918,11.116666793823242,9.296175956726074,416100
2009-04-07,10.966667175292969,10.966667175292969,10.636667251586914,10.713333129882812,8.958892822265625,593100
2009-04-08,10.75,10.993332862854004,10.666666984558104,10.956666946411133,9.162373542785645,1474800
2009-04-09,11.263333320617676,11.523332595825195,11.166666984558104,11.420000076293944,9.549833297729492,1699200
2009-04-13,11.423333168029783,11.4399995803833,11.026666641235352,11.296667098999023,9.446695327758787,1583700
2009-04-14,11.216667175292969,11.546667098999023,11.133333206176758,11.333333015441896,9.4773588180542,1028400
2009-04-15,11.130000114440918,11.143333435058594,10.916666984558104,11.123332977294922,9.301745414733888,1226400
2009-04-16,11.333333015441896,11.596667289733888,11.186667442321776,11.579999923706056,9.683629035949709,954600
2009-04-17,11.623332977294922,11.666666984558104,11.350000381469728,11.59333324432373,9.694778442382812,1158000
2009-04-20,11.346667289733888,11.420000076293944,10.973333358764648,11.053333282470703,9.243209838867188,880200
2009-04-21,10.90999984741211,11.17666721343994,10.743332862854004,11.029999732971191,9.223699569702148,1080000
2009-04-22,10.90666675567627,11.67666721343994,10.80666732788086,11.363332748413086,9.50244426727295,1218300
2009-04-23,11.506667137145996,11.506667137145996,10.90666675567627,11.283332824707031,9.43554401397705,1635300
2009-04-24,11.4399995803833,11.539999961853027,11.06999969482422,11.44333267211914,9.569343566894531,1604400
2009-04-27,11.226667404174805,11.579999923706056,11.226667404174805,11.373332977294922,9.5108060836792,1219200
2009-04-28,11.236666679382324,11.353333473205566,11.09000015258789,11.186667442321776,9.354711532592772,909300
2009-04-29,11.266667366027832,11.59000015258789,11.18000030517578,11.383333206176758,9.519170761108398,471300
2009-04-30,11.596667289733888,11.966667175292969,11.453332901000977,11.670000076293944,9.75889492034912,1069500
2009-05-01,11.713333129882812,11.8100004196167,11.463333129882812,11.703332901000977,9.786767959594728,2363400
2009-05-04,11.923333168029783,12.270000457763672,11.833333015441896,12.25333309173584,10.246694564819336,1411200
2009-05-05,12.233332633972168,12.233332633972168,11.90999984741211,12.136667251586914,10.149136543273926,653100
2009-05-06,12.300000190734863,12.300000190734863,11.920000076293944,12.220000267028809,10.218822479248049,1029000
2009-05-07,12.363332748413086,12.363332748413086,11.383333206176758,11.563332557678224,9.669692993164062,1157700
2009-05-08,11.66333293914795,11.66333293914795,11.036666870117188,11.206666946411133,9.371434211730955,2005200
2009-05-11,11.016667366027832,11.43333339691162,10.883333206176758,11.25333309173584,9.410459518432615,1275900
2009-05-12,11.1899995803833,11.33666706085205,10.766667366027832,10.973333358764648,9.176314353942873,3557400
2009-05-13,10.883333206176758,10.970000267028809,10.633333206176758,10.673333168029783,8.925442695617676,1503300
2009-05-14,10.6899995803833,11.039999961853027,10.6899995803833,10.9399995803833,9.148442268371582,1688400
2009-05-15,10.896666526794434,11.046667098999023,10.763333320617676,10.8100004196167,9.039725303649902,1228500
2009-05-18,10.90666675567627,11.210000038146973,10.90666675567627,11.18333339691162,9.351923942565918,783900
2009-05-19,11.149999618530272,11.59333324432373,11.083333015441896,11.43333339691162,9.560980796813965,1370700
2009-05-20,11.609999656677246,11.973333358764648,11.526666641235352,11.553333282470703,9.661334991455078,1757400
2009-05-21,11.42666721343994,11.536666870117188,11.149999618530272,11.32333278656006,9.468995094299316,1216500
2009-05-22,11.373332977294922,11.446666717529297,11.15999984741211,11.326666831970217,9.471783638000488,586200
2009-05-26,11.196666717529297,11.75333309173584,11.196666717529297,11.710000038146973,9.79234218597412,1453500
2009-05-27,11.696666717529297,12.146666526794434,11.696666717529297,11.873332977294922,9.928924560546877,1137900
2009-05-28,11.983332633972168,12.103333473205566,11.666666984558104,12.09000015258789,10.110113143920898,672600
2009-05-29,12.100000381469728,12.223333358764648,11.899999618530272,12.140000343322754,10.15192699432373,758400
2009-06-01,12.359999656677246,12.863332748413086,12.359999656677246,12.783332824707031,10.689903259277344,1056900
2009-06-02,12.763333320617676,12.763333320617676,12.363332748413086,12.44333267211914,10.405585289001465,944700
2009-06-03,12.289999961853027,12.289999961853027,12.08666706085205,12.226667404174805,10.22439956665039,652800
2009-06-04,12.300000190734863,12.523332595825195,12.283332824707031,12.486666679382324,10.441822052001951,779700
2009-06-05,12.59333324432373,12.59333324432373,12.18333339691162,12.286666870117188,10.27457046508789,941700
2009-06-08,12.233332633972168,12.383333206176758,12.050000190734863,12.293333053588867,10.280147552490234,689100
2009-06-09,12.489999771118164,12.953332901000977,12.489999771118164,12.850000381469728,10.745651245117188,1330500
2009-06-10,12.983332633972168,12.99666690826416,12.630000114440918,12.896666526794434,10.784673690795898,851700
2009-06-11,12.9399995803833,13.046667098999023,12.733332633972168,12.81999969482422,10.720562934875488,787500
2009-06-12,12.75,12.779999732971191,12.463333129882812,12.643333435058594,10.572832107543944,309900
2009-06-15,12.449999809265137,12.56666660308838,12.233332633972168,12.506667137145996,10.458545684814451,1163400
2009-06-16,12.58666706085205,12.59000015258789,12.19333267211914,12.25,10.243908882141112,942900
2009-06-17,12.303333282470703,12.513333320617676,12.039999961853027,12.41333293914795,10.380494117736816,1106100
2009-06-18,12.373332977294922,12.456666946411133,12.136667251586914,12.18000030517578,10.185370445251465,672600
2009-06-19,12.329999923706056,12.436667442321776,12.233332633972168,12.31666660308838,10.299657821655272,486000
2009-06-22,12.1899995803833,12.30666732788086,11.833333015441896,11.833333015441896,9.929600715637209,459300
2009-06-23,11.859999656677246,11.876667022705078,11.55666732788086,11.733332633972168,9.845691680908203,542700
2009-06-24,11.80666732788086,12.126667022705078,11.80666732788086,11.993332862854004,10.063867568969728,309300
2009-06-25,11.92666721343994,12.24666690826416,11.863332748413086,12.236666679382324,10.268052101135254,535200
2009-06-26,12.210000038146973,12.386667251586914,12.123332977294922,12.216667175292969,10.251267433166504,439500
2009-06-29,12.263333320617676,12.34000015258789,12.133333206176758,12.213333129882812,10.248473167419434,291900
2009-06-30,12.210000038146973,12.416666984558104,12.076666831970217,12.220000267028809,10.254069328308104,639900
2009-07-01,12.296667098999023,12.600000381469728,12.286666870117188,12.416666984558104,10.419093132019045,729600
2009-07-02,12.276666641235352,12.366666793823242,12.153332710266112,12.300000190734863,10.32119369506836,1057800
2009-07-06,12.220000267028809,12.32333278656006,11.946666717529297,12.113332748413086,10.164559364318848,465900
2009-07-07,12.16333293914795,12.289999961853027,11.776666641235352,11.789999961853027,9.893244743347168,564300
2009-07-08,11.833333015441896,11.850000381469728,11.506667137145996,11.68333339691162,9.803739547729492,580800
2009-07-09,11.75333309173584,12.06999969482422,11.743332862854004,11.92666721343994,10.00792407989502,627300
2009-07-10,11.866666793823242,12.103333473205566,11.803333282470703,11.993332862854004,10.063867568969728,700200
2009-07-13,12.00333309173584,12.296667098999023,11.800000190734863,12.289999961853027,10.312804222106934,571200
2009-07-14,12.300000190734863,12.510000228881836,12.296667098999023,12.486666679382324,10.477831840515137,1497300
2009-07-15,12.90666675567627,13.06999969482422,12.866666793823242,13.050000190734863,10.95053482055664,688800
2009-07-16,12.979999542236328,13.356666564941406,12.936667442321776,13.3100004196167,11.168707847595217,631500
2009-07-17,13.31666660308838,13.486666679382324,13.133333206176758,13.470000267028809,11.302966117858888,773400
2009-07-20,13.56666660308838,13.640000343322754,13.423333168029783,13.613332748413086,11.423239707946776,1261800
2009-07-21,13.640000343322754,13.640000343322754,13.293333053588867,13.56666660308838,11.384082794189451,1107600
2009-07-22,13.520000457763672,13.93333339691162,13.50333309173584,13.893333435058594,11.658197402954102,945300
2009-07-23,13.846667289733888,14.19333267211914,13.733332633972168,14.173333168029783,11.893148422241213,1533300
2009-07-24,13.883333206176758,14.029999732971191,13.646666526794434,14.010000228881836,11.756092071533203,893400
2009-07-27,14.029999732971191,14.079999923706056,13.796667098999023,14.05666732788086,11.79525375366211,650400
2009-07-28,14.0,14.170000076293944,13.863332748413086,14.083333015441896,11.817633628845217,432000
2009-07-29,14.046667098999023,14.06999969482422,13.890000343322754,14.05666732788086,11.79525375366211,393000
2009-07-30,14.236666679382324,14.453332901000977,14.010000228881836,14.016667366027832,11.761691093444824,526200
2009-07-31,14.033332824707031,14.229999542236328,13.983332633972168,14.109999656677246,11.840008735656738,480900
2009-08-03,14.266667366027832,14.373332977294922,14.100000381469728,14.30666732788086,12.00503635406494,1240200
2009-08-04,14.196666717529297,14.373332977294922,14.15999984741211,14.286666870117188,11.988251686096191,531000
2009-08-05,14.346667289733888,14.380000114440918,14.043333053588867,14.15666675567627,11.879164695739746,346500
2009-08-06,14.173333168029783,14.3100004196167,13.886667251586914,13.92666721343994,11.686166763305664,440700
2009-08-07,14.15999984741211,14.17666721343994,13.833333015441896,13.953332901000977,11.70854663848877,772800
2009-08-10,13.866666793823242,13.989999771118164,13.729999542236328,13.84000015258789,11.613441467285156,609000
2009-08-11,13.81666660308838,13.923333168029783,13.626667022705078,13.686667442321776,11.484779357910156,346200
2009-08-12,13.696666717529297,14.05666732788086,13.696666717529297,13.956666946411133,11.711341857910156,391800
2009-08-13,14.09000015258789,14.279999732971191,13.886667251586914,14.25333309173584,11.960275650024414,628200
2009-08-14,14.17666721343994,14.17666721343994,13.846667289733888,13.966667175292969,11.719733238220217,771000
2009-08-17,13.726667404174805,13.726667404174805,13.523332595825195,13.56666660308838,11.384082794189451,524400
2009-08-18,13.600000381469728,13.886667251586914,13.600000381469728,13.856666564941406,11.627429962158203,227400
2009-08-19,13.619999885559082,13.956666946411133,13.619999885559082,13.923333168029783,11.68337059020996,469200
2009-08-20,13.883333206176758,14.06666660308838,13.883333206176758,14.033332824707031,11.775672912597656,380400
2009-08-21,14.119999885559082,14.3100004196167,13.960000038146973,14.296667098999023,11.996642112731934,438600
2009-08-24,14.350000381469728,14.470000267028809,14.119999885559082,14.15999984741211,11.881961822509766,337500
2009-08-25,14.206666946411133,14.31999969482422,14.09333324432373,14.226667404174805,11.937905311584473,272400
2009-08-26,14.186667442321776,14.390000343322754,14.186667442321776,14.359999656677246,12.049786567687988,602100
2009-08-27,14.3100004196167,14.390000343322754,14.116666793823242,14.390000343322754,12.07496166229248,269400
2009-08-28,14.65999984741211,14.90999984741211,14.543333053588867,14.69333267211914,12.329493522644045,674100
2009-08-31,14.579999923706056,14.58666706085205,14.363332748413086,14.479999542236328,12.15047836303711,358200
2009-09-01,14.383333206176758,14.786666870117188,14.079999923706056,14.109999656677246,11.840008735656738,984000
2009-09-02,14.043333053588867,14.25,14.00333309173584,14.076666831970217,11.812034606933594,345900
2009-09-03,14.133333206176758,14.3100004196167,14.0600004196167,14.293333053588867,11.993841171264648,243300
2009-09-04,14.369999885559082,14.66333293914795,14.31999969482422,14.66333293914795,12.304317474365234,313500
2009-09-08,14.82333278656006,14.973333358764648,14.68000030517578,14.960000038146973,12.55325698852539,563700
2009-09-09,14.986666679382324,15.153332710266112,14.8100004196167,15.126667022705078,12.693111419677734,1254900
2009-09-10,15.153332710266112,15.376667022705078,15.09333324432373,15.359999656677246,12.88890552520752,1001400
2009-09-11,15.333333015441896,15.346667289733888,15.0,15.076666831970217,12.651155471801758,837300
2009-09-14,14.960000038146973,15.109999656677246,14.956666946411133,15.079999923706056,12.65395450592041,345600
2009-09-15,15.130000114440918,15.276666641235352,15.08666706085205,15.203332901000977,12.757444381713867,397200
2009-09-16,15.283332824707031,15.283332824707031,15.046667098999023,15.146666526794434,12.709896087646484,429600
2009-09-17,15.133333206176758,15.186667442321776,14.803333282470703,14.850000381469728,12.460956573486328,584100
2009-09-18,14.893333435058594,15.053333282470703,14.84333324432373,14.963333129882812,12.556058883666992,320400
2009-09-21,14.869999885559082,15.023332595825195,14.813332557678224,14.946666717529297,12.542071342468262,466800
2009-09-22,15.06999969482422,15.1899995803833,14.953332901000977,15.076666831970217,12.651155471801758,1304700
2009-09-23,15.223333358764648,15.416666984558104,15.119999885559082,15.133333206176758,12.698707580566406,737700
2009-09-24,15.220000267028809,15.233332633972168,14.65666675567627,14.770000457763672,12.393828392028809,707700
2009-09-25,14.720000267028809,14.84333324432373,14.59000015258789,14.729999542236328,12.360261917114258,406500
2009-09-28,14.84333324432373,15.146666526794434,14.81999969482422,15.016667366027832,12.600807189941406,349200
2009-09-29,15.079999923706056,15.16333293914795,14.789999961853027,14.80666732788086,12.42459774017334,573900
2009-09-30,14.880000114440918,15.109999656677246,14.640000343322754,14.93000030517578,12.528083801269531,765600
2009-10-01,14.90666675567627,14.9399995803833,14.213333129882812,14.216667175292969,11.929512977600098,2277600
2009-10-02,14.079999923706056,14.31666660308838,14.016667366027832,14.046667098999023,11.786861419677734,718200
2009-10-05,14.113332748413086,14.363332748413086,14.026666641235352,14.31999969482422,12.016218185424805,764700
2009-10-06,14.44333267211914,14.699999809265137,14.44333267211914,14.600000381469728,12.25117301940918,1648500
2009-10-07,14.596667289733888,14.636667251586914,14.473333358764648,14.56999969482422,12.226006507873535,800400
2009-10-08,14.640000343322754,14.640000343322754,14.300000190734863,14.466667175292969,12.139293670654297,1052700
2009-10-09,14.486666679382324,14.979999542236328,14.479999542236328,14.963333129882812,12.556058883666992,784800
2009-10-12,15.033332824707031,15.353333473205566,15.013333320617676,15.186667442321776,12.743460655212402,341700
2009-10-13,15.216667175292969,15.279999732971191,15.06666660308838,15.130000114440918,12.695911407470703,512400
2009-10-14,15.489999771118164,15.50333309173584,15.1899995803833,15.366666793823242,12.894500732421877,1026300
2009-10-15,15.233332633972168,15.286666870117188,15.026666641235352,15.096667289733888,12.667943000793455,1094400
2009-10-16,14.936667442321776,14.946666717529297,14.603333473205566,14.773332595825195,12.39662265777588,1300800
2009-10-19,14.8100004196167,15.036666870117188,14.716667175292969,14.99666690826416,12.584027290344238,564000
2009-10-20,15.07333278656006,15.19333267211914,14.899999618530272,14.9399995803833,12.536474227905272,880200
2009-10-21,14.956666946411133,15.126667022705078,14.649999618530272,14.68333339691162,12.321102142333984,825000
2009-10-22,14.673333168029783,14.890000343322754,14.449999809265137,14.84000015258789,12.452563285827637,1264200
2009-10-23,14.82333278656006,14.850000381469728,14.393333435058594,14.449999809265137,12.125303268432615,1089000
2009-10-26,14.43333339691162,14.729999542236328,14.273332595825195,14.396666526794434,12.080554962158203,1235100
2009-10-27,14.41333293914795,14.539999961853027,14.016667366027832,14.063332557678224,11.800848007202148,1217100
2009-10-28,14.033332824707031,14.143333435058594,13.633333206176758,13.65999984741211,11.462404251098633,1805700
2009-10-29,13.773332595825195,14.023332595825195,13.773332595825195,13.99666690826416,11.74490737915039,798900
2009-10-30,13.93000030517578,13.946666717529297,13.479999542236328,13.533332824707031,11.356109619140623,1259100
2009-11-02,13.543333053588867,13.68000030517578,13.33666706085205,13.536666870117188,11.35891056060791,1293900
2009-11-03,13.33666706085205,13.423333168029783,13.146666526794434,13.403332710266112,11.247027397155762,1286100
2009-11-04,13.536666870117188,13.75333309173584,13.5,13.510000228881836,11.336530685424805,884700
2009-11-05,13.720000267028809,13.973333358764648,13.673333168029783,13.916666984558104,11.677775382995604,458700
2009-11-06,13.84333324432373,14.130000114440918,13.833333015441896,13.946666717529297,11.702948570251465,339900
2009-11-09,14.126667022705078,14.416666984558104,14.103333473205566,14.373332977294922,12.0609769821167,468000
2009-11-10,14.380000114440918,14.543333053588867,14.260000228881836,14.399999618530272,12.083346366882324,862500
2009-11-11,14.56666660308838,14.773332595825195,14.529999732971191,14.606666564941406,12.256768226623535,1288200
2009-11-12,14.673333168029783,14.84333324432373,14.516667366027832,14.536666870117188,12.19803237915039,477000
2009-11-13,14.59333324432373,14.713333129882812,14.486666679382324,14.649999618530272,12.293131828308104,299100
2009-11-16,14.863332748413086,15.039999961853027,14.863332748413086,14.99666690826416,12.584027290344238,137700
2009-11-17,14.923333168029783,15.039999961853027,14.850000381469728,15.029999732971191,12.611998558044434,90900
2009-11-18,15.016667366027832,15.046667098999023,14.813332557678224,14.90999984741211,12.51130485534668,93300
2009-11-19,14.653332710266112,14.653332710266112,14.223333358764648,14.420000076293944,12.100131034851074,480600
2009-11-20,14.30666732788086,14.333333015441896,14.203332901000977,14.30666732788086,12.00503635406494,306900
2009-11-23,14.470000267028809,14.619999885559082,14.40999984741211,14.456666946411133,12.130902290344238,177300
2009-11-24,14.486666679382324,14.59333324432373,14.436667442321776,14.57333278656006,12.22879695892334,223200
2009-11-25,14.579999923706056,14.666666984558104,14.579999923706056,14.630000114440918,12.276350021362305,110700
2009-11-27,14.16333293914795,14.520000457763672,14.140000343322754,14.42666721343994,12.105725288391112,215700
2009-11-30,14.449999809265137,14.460000038146973,14.24666690826416,14.453332901000977,12.128100395202637,163800
2009-12-01,14.576666831970217,14.960000038146973,14.576666831970217,14.920000076293944,12.519696235656738,189000
2009-12-02,14.989999771118164,15.24666690826416,14.903332710266112,15.143333435058594,12.707098007202148,222900
2009-12-03,15.146666526794434,15.50333309173584,15.146666526794434,15.329999923706056,12.86373519897461,260700
2009-12-04,15.479999542236328,15.706666946411133,15.276666641235352,15.57333278656006,13.067919731140137,310800
2009-12-07,15.576666831970217,15.846667289733888,15.576666831970217,15.699999809265137,13.17420768737793,378900
2009-12-08,15.65666675567627,15.726667404174805,15.466667175292969,15.613332748413086,13.101483345031738,453000
2009-12-09,15.633333206176758,15.706666946411133,15.5,15.686667442321776,13.163021087646484,188700
2009-12-10,15.729999542236328,15.859999656677246,15.636667251586914,15.640000343322754,13.12386417388916,436800
2009-12-11,15.67666721343994,15.706666946411133,15.460000038146973,15.523332595825195,13.02596664428711,233700
2009-12-14,15.66333293914795,15.770000457763672,15.57333278656006,15.756667137145996,13.221757888793944,221100
2009-12-15,15.703332901000977,15.863332748413086,15.623332977294922,15.68000030517578,13.157428741455078,462600
2009-12-16,15.710000038146973,16.07666778564453,15.710000038146973,15.90999984741211,13.350428581237791,228000
2009-12-17,15.80666732788086,15.903332710266112,15.653332710266112,15.673333168029783,13.15183448791504,125400
2009-12-18,15.726667404174805,15.886667251586914,15.65666675567627,15.859999656677246,13.308467864990234,188700
2009-12-21,15.936667442321776,16.15999984741211,15.936667442321776,16.15999984741211,13.62376880645752,317700
2009-12-22,16.219999313354492,16.316667556762695,16.200000762939453,16.25,13.699645042419434,999600
2009-12-23,16.336666107177734,16.356666564941406,16.203332901000977,16.273332595825195,13.719313621520996,417900
2009-12-24,16.323333740234375,16.469999313354492,16.323333740234375,16.46666717529297,13.882306098937988,60600
2009-12-28,16.520000457763672,16.540000915527344,16.229999542236328,16.30666732788086,13.747416496276855,395100
2009-12-29,16.316667556762695,16.31999969482422,16.170000076293945,16.28333282470703,13.727745056152344,588300
2009-12-30,16.229999542236328,16.516666412353516,16.229999542236328,16.51333236694336,13.921648979187012,169800
2009-12-31,16.566667556762695,16.60333251953125,16.40999984741211,16.40999984741211,13.834538459777832,138000
2010-01-04,16.59666633605957,16.75666618347168,16.553333282470703,16.610000610351562,14.003145217895508,380400
2010-01-05,16.636667251586914,16.729999542236328,16.479999542236328,16.583332061767578,13.980666160583496,616800
2010-01-06,16.586666107177734,16.670000076293945,16.516666412353516,16.53333282470703,13.938507080078123,219300
2010-01-07,16.520000457763672,16.520000457763672,16.290000915527344,16.40333366394043,13.828919410705566,300600
2010-01-08,16.3700008392334,16.656667709350586,16.3700008392334,16.649999618530273,14.036867141723633,232800
2010-01-11,16.71666717529297,16.766666412353516,16.463333129882812,16.600000381469727,13.994720458984377,269100
2010-01-12,16.440000534057617,16.440000534057617,15.916666984558104,16.020000457763672,13.505748748779297,316800
2010-01-13,16.113332748413086,16.25666618347168,15.776666641235352,16.206666946411133,13.663114547729492,342600
2010-01-14,16.176666259765625,16.196666717529297,16.010000228881836,16.176666259765625,13.637824058532717,424200
2010-01-15,16.166667938232422,16.166667938232422,15.609999656677246,15.649999618530272,13.193814277648926,491400
2010-01-19,15.666666984558104,15.866666793823242,15.666666984558104,15.829999923706056,13.34556484222412,397800
2010-01-20,15.760000228881836,15.84000015258789,15.623332977294922,15.829999923706056,13.34556484222412,916200
2010-01-21,15.829999923706056,16.083332061767578,15.643333435058594,15.729999542236328,13.261258125305176,762900
2010-01-22,15.643333435058594,15.643333435058594,14.946666717529297,14.989999771118164,12.637396812438965,733200
2010-01-25,15.083333015441896,15.303333282470703,15.06666660308838,15.196666717529297,12.811628341674805,536400
2010-01-26,15.119999885559082,15.279999732971191,15.043333053588867,15.0600004196167,12.696407318115234,616200
2010-01-27,15.06666660308838,15.30666732788086,14.949999809265137,15.270000457763672,12.87345027923584,782700
2010-01-28,15.273332595825195,15.273332595825195,14.583333015441896,14.81999969482422,12.494075775146484,1183800
2010-01-29,14.899999618530272,15.063332557678224,14.229999542236328,14.326666831970217,12.078170776367188,899100
2010-02-01,14.393333435058594,14.829999923706056,14.393333435058594,14.813332557678224,12.488454818725586,1690500
2010-02-02,14.826666831970217,15.039999961853027,14.756667137145996,14.966667175292969,12.617722511291504,703200
2010-02-03,14.93000030517578,15.050000190734863,14.83666706085205,14.963333129882812,12.614917755126951,481200
2010-02-04,14.80666732788086,14.80666732788086,14.293333053588867,14.31666660308838,12.069742202758787,614700
2010-02-05,14.333333015441896,14.65999984741211,14.220000267028809,14.643333435058594,12.345136642456056,776100
2010-02-08,14.65666675567627,14.83666706085205,14.456666946411133,14.583333015441896,12.2945556640625,297600
2010-02-09,14.779999732971191,14.93333339691162,14.633333206176758,14.756667137145996,12.440680503845217,272700
2010-02-10,14.743332862854004,14.886667251586914,14.616666793823242,14.846667289733888,12.516559600830078,453600
2010-02-11,14.81999969482422,15.186667442321776,14.726667404174805,15.153332710266112,12.775094985961914,451500
2010-02-12,14.983332633972168,15.43000030517578,14.863332748413086,15.289999961853027,12.890311241149902,514500
2010-02-16,15.43000030517578,15.646666526794434,15.346667289733888,15.623332977294922,13.171331405639648,432000
2010-02-17,15.706666946411133,15.733332633972168,15.423333168029783,15.609999656677246,13.160090446472168,336300
2010-02-18,15.539999961853027,15.670000076293944,15.416666984558104,15.66333293914795,13.205050468444824,1072200
2010-02-19,15.58666706085205,15.789999961853027,15.513333320617676,15.706666946411133,13.24158763885498,1324200
2010-02-22,15.789999961853027,15.813332557678224,15.623332977294922,15.67666721343994,13.216297149658203,839700
2010-02-23,15.636667251586914,15.636667251586914,15.170000076293944,15.273332595825195,12.876261711120604,375000
2010-02-24,15.34333324432373,15.643333435058594,15.34333324432373,15.5600004196167,13.117939949035645,469500
2010-02-25,15.273332595825195,15.529999732971191,15.133333206176758,15.49666690826416,13.064546585083008,376200
2010-02-26,15.506667137145996,15.506667137145996,15.300000190734863,15.470000267028809,13.04206085205078,239700
2010-03-01,15.546667098999023,15.869999885559082,15.546667098999023,15.83666706085205,13.35118293762207,219900
2010-03-02,15.886667251586914,16.03333282470703,15.783332824707031,15.83666706085205,13.35118293762207,403800
2010-03-03,15.90999984741211,16.01333236694336,15.6899995803833,15.760000228881836,13.286551475524902,236700
2010-03-04,15.766667366027832,15.80666732788086,15.546667098999023,15.74666690826416,13.275309562683104,492600
2010-03-05,15.850000381469728,16.00666618347168,15.75,15.923333168029783,13.42424488067627,344700
2010-03-08,15.983332633972168,16.003332138061523,15.890000343322754,15.916666984558104,13.418627738952637,354300
2010-03-09,15.84000015258789,16.003332138061523,15.793333053588867,15.873332977294922,13.38209629058838,714300
2010-03-10,15.936667442321776,16.23666763305664,15.91333293914795,16.183332443237305,13.643439292907717,315300
2010-03-11,16.139999389648438,16.139999389648438,15.93333339691162,16.079999923706055,13.556329727172852,664200
2010-03-12,16.166667938232422,16.166667938232422,16.00666618347168,16.049999237060547,13.531036376953123,219000
2010-03-15,15.989999771118164,15.989999771118164,15.773332595825195,15.876667022705078,13.384907722473145,180900
2010-03-16,15.920000076293944,16.34666633605957,15.90666675567627,16.316667556762695,13.755853652954102,229500
2010-03-17,16.3700008392334,16.656667709350586,16.3700008392334,16.579999923706055,13.977853775024414,358500
2010-03-18,16.59000015258789,16.593332290649414,16.31333351135254,16.426666259765625,13.848583221435549,264000
2010-03-19,16.476667404174805,16.476667404174805,16.09666633605957,16.200000762939453,13.657493591308594,284100
2010-03-22,16.093332290649414,16.559999465942383,16.030000686645508,16.520000457763672,13.927268981933594,526500
2010-03-23,16.586666107177734,16.873332977294922,16.573333740234375,16.85333251953125,14.20828628540039,423900
2010-03-24,16.739999771118164,16.75,16.426666259765625,16.456666946411133,13.873870849609377,530100
2010-03-25,16.633333206176758,16.73666763305664,16.440000534057617,16.446666717529297,13.865449905395508,498000
2010-03-26,16.546667098999023,16.623332977294922,16.24333381652832,16.383333206176758,13.812052726745604,417900
2010-03-29,16.463333129882812,16.573333740234375,16.440000534057617,16.489999771118164,13.901979446411133,459300
2010-03-30,16.50666618347168,16.643333435058594,16.389999389648438,16.59000015258789,13.986281394958496,283500
2010-03-31,16.50666618347168,16.666667938232422,16.44333267211914,16.47333335876465,13.887927055358888,250200
2010-04-01,16.623332977294922,16.823333740234375,16.34000015258789,16.46666717529297,13.882306098937988,301800
2010-04-05,16.59000015258789,16.959999084472656,16.56999969482422,16.940000534057617,14.28135585784912,331800
2010-04-06,16.84666633605957,16.89666748046875,16.729999542236328,16.833332061767578,14.191426277160645,288300
2010-04-07,16.793333053588867,17.020000457763672,16.683332443237305,16.89666748046875,14.244824409484863,157200
2010-04-08,16.816667556762695,16.816667556762695,16.56333351135254,16.666667938232422,14.050921440124512,188100
2010-04-09,16.683332443237305,16.850000381469727,16.65999984741211,16.850000381469727,14.205480575561523,81600
2010-04-12,16.916667938232422,17.113332748413086,16.850000381469727,16.99333381652832,14.326315879821776,178200
2010-04-13,17.003332138061523,17.170000076293945,16.96666717529297,17.15333366394043,14.46120834350586,165600
2010-04-14,17.5,17.876667022705078,17.463333129882812,17.850000381469727,15.048532485961914,477600
2010-04-15,17.850000381469727,18.0,17.793333053588867,17.926666259765625,15.113162994384766,255900
2010-04-16,17.823333740234375,17.823333740234375,17.43000030517578,17.666667938232422,14.89397144317627,600000
2010-04-19,17.600000381469727,17.67333221435547,17.156667709350586,17.510000228881836,14.761889457702637,642000
2010-04-20,17.670000076293945,17.790000915527344,17.53333282470703,17.739999771118164,14.955796241760254,198300
2010-04-21,17.850000381469727,17.889999389648438,17.28333282470703,17.510000228881836,14.761889457702637,195900
2010-04-22,17.303333282470703,17.766666412353516,17.023332595825195,17.753332138061523,14.967034339904783,452700
2010-04-23,17.77666664123535,17.77666664123535,17.476667404174805,17.76333236694336,14.97547435760498,266700
2010-04-26,17.739999771118164,17.956666946411133,17.739999771118164,17.843332290649414,15.04290771484375,190800
2010-04-27,17.709999084472656,17.809999465942383,17.219999313354492,17.266666412353516,14.556755065917969,402900
2010-04-28,17.3700008392334,17.530000686645508,17.086666107177734,17.350000381469727,14.6270112991333,459300
2010-04-29,17.43000030517578,17.56999969482422,17.280000686645508,17.56999969482422,14.812481880187988,384600
2010-04-30,17.583332061767578,17.583332061767578,16.80666732788086,16.80666732788086,14.168950080871582,364200
2010-05-03,16.913333892822266,17.24333381652832,16.883333206176758,17.156667709350586,14.464018821716309,1291800
2010-05-04,16.893333435058594,16.90333366394043,16.299999237060547,16.5,13.91041374206543,671700
2010-05-05,16.32666778564453,16.583332061767578,16.053333282470703,16.333332061767578,13.769902229309082,1179600
2010-05-06,16.206666946411133,16.453332901000977,7.75333309173584,15.739999771118164,13.269688606262209,1384500
2010-05-07,15.600000381469728,15.893333435058594,15.0,15.539999961853027,13.101080894470217,3522600
2010-05-10,16.366666793823242,16.373332977294922,16.07666778564453,16.350000381469727,13.783952713012695,517800
2010-05-11,16.229999542236328,16.52666664123535,16.010000228881836,16.25666618347168,13.705266952514648,851400
2010-05-12,16.3799991607666,16.739999771118164,16.31999969482422,16.703332901000977,14.081832885742188,667800
2010-05-13,16.6299991607666,16.780000686645508,16.233333587646484,16.30666732788086,13.747416496276855,664800
2010-05-14,16.149999618530273,16.149999618530273,15.516667366027832,15.813332557678224,13.331510543823242,697800
2010-05-17,15.813332557678224,16.040000915527344,15.520000457763672,16.016666412353516,13.502933502197266,853200
2010-05-18,16.14666748046875,16.206666946411133,15.493332862854004,15.576666831970217,13.131990432739258,1389000
2010-05-19,15.526666641235352,15.82333278656006,15.313332557678224,15.670000076293944,13.21067237854004,1431900
2010-05-20,15.279999732971191,15.543333053588867,14.956666946411133,15.203332901000977,12.817249298095703,1052400
2010-05-21,14.896666526794434,15.69333267211914,14.853333473205566,15.43333339691162,13.011152267456056,910200
2010-05-24,15.416666984558104,15.5600004196167,15.199999809265137,15.203332901000977,12.817249298095703,765600
2010-05-25,14.800000190734863,15.270000457763672,14.600000381469728,15.25,12.856589317321776,1066200
2010-05-26,15.41333293914795,15.699999809265137,15.210000038146973,15.276666641235352,12.879073143005373,954300
2010-05-27,15.533332824707031,15.963333129882812,15.533332824707031,15.963333129882812,13.457971572875977,1031100
2010-05-28,15.899999618530272,15.936667442321776,15.516667366027832,15.706666946411133,13.24158763885498,560100
2010-06-01,15.619999885559082,15.853333473205566,15.373332977294922,15.373332977294922,12.960566520690918,988200
2010-06-02,15.446666717529297,15.869999885559082,15.380000114440918,15.869999885559082,13.379284858703612,120600
2010-06-03,15.916666984558104,16.079999923706055,15.783332824707031,16.059999465942383,13.539462089538574,465000
2010-06-04,15.726667404174805,15.923333168029783,15.283332824707031,15.34333324432373,12.935277938842772,268500
2010-06-07,15.390000343322754,15.516667366027832,14.766667366027832,14.779999732971191,12.460354804992676,518100
2010-06-08,14.803333282470703,14.83666706085205,14.393333435058594,14.776666641235352,12.457548141479492,300900
2010-06-09,14.93333339691162,15.1899995803833,14.56999969482422,14.606666564941406,12.314224243164062,321300
2010-06-10,14.83666706085205,15.133333206176758,14.83666706085205,15.123332977294922,12.749805450439451,252300
2010-06-11,14.893333435058594,15.363332748413086,14.893333435058594,15.34000015258789,12.932465553283691,471000
2010-06-14,15.579999923706056,15.69333267211914,15.366666793823242,15.376667022705078,12.963379859924316,485100
2010-06-15,15.470000267028809,16.19333267211914,15.470000267028809,16.143333435058594,13.609722137451172,401400
2010-06-16,15.99666690826416,16.31333351135254,15.899999618530272,16.203332901000977,13.660306930541992,348900
2010-06-17,16.266666412353516,16.343332290649414,15.963333129882812,16.22333335876465,13.677164077758787,140100
2010-06-18,16.266666412353516,16.35333251953125,16.126667022705078,16.18666648864746,13.646251678466797,159000
2010-06-21,16.32666778564453,16.399999618530273,15.890000343322754,15.993332862854004,13.543227195739746,422400
2010-06-22,16.016666412353516,16.239999771118164,15.670000076293944,15.68000030517578,13.277894973754885,324600
2010-06-23,15.736666679382324,15.9399995803833,15.479999542236328,15.743332862854004,13.331523895263672,353700
2010-06-24,15.673333168029783,15.673333168029783,15.279999732971191,15.326666831970217,12.97869110107422,404100
2010-06-25,15.40666675567627,15.43333339691162,15.100000381469728,15.369999885559082,13.01538372039795,241200
2010-06-28,15.353333473205566,15.626667022705078,15.270000457763672,15.476667404174805,13.105710983276367,887400
2010-06-29,15.15666675567627,15.15999984741211,14.733332633972168,14.81999969482422,12.549638748168944,576000
2010-06-30,14.853333473205566,14.993332862854004,14.526666641235352,14.56999969482422,12.33794116973877,321300
2010-07-01,14.539999961853027,14.699999809265137,14.166666984558104,14.543333053588867,12.315357208251951,753600
2010-07-02,14.550000190734863,14.603333473205566,14.286666870117188,14.466667175292969,12.250438690185549,434700
2010-07-06,14.66333293914795,14.796667098999023,14.3100004196167,14.42666721343994,12.21656322479248,223500
2010-07-07,14.453332901000977,15.210000038146973,14.453332901000977,15.196666717529297,12.868606567382812,165300
2010-07-08,15.369999885559082,15.369999885559082,14.93333339691162,15.17666721343994,12.85167121887207,405000
2010-07-09,15.123332977294922,15.393333435058594,15.119999885559082,15.393333435058594,13.03514289855957,293700
2010-07-12,15.3100004196167,15.583333015441896,15.3100004196167,15.486666679382324,13.114177703857422,762600
2010-07-13,15.666666984558104,15.90666675567627,15.59333324432373,15.833333015441896,13.407736778259276,301800
2010-07-14,16.040000915527344,16.14666748046875,15.733332633972168,15.80666732788086,13.385154724121094,656700
2010-07-15,15.826666831970217,15.833333015441896,15.49666690826416,15.783332824707031,13.365395545959473,255300
2010-07-16,15.636667251586914,15.696666717529297,15.31666660308838,15.31666660308838,12.970221519470217,166200
2010-07-19,15.369999885559082,15.736666679382324,15.369999885559082,15.729999542236328,13.320237159729004,237300
2010-07-20,15.266667366027832,15.729999542236328,15.146666526794434,15.710000038146973,13.303296089172363,501000
2010-07-21,15.733332633972168,15.733332633972168,15.353333473205566,15.393333435058594,13.03514289855957,417000
2010-07-22,15.510000228881836,15.963333129882812,15.510000228881836,15.90999984741211,13.472657203674316,169800
2010-07-23,15.84000015258789,16.05666732788086,15.696666717529297,16.03333282470703,13.57709789276123,292800
2010-07-26,16.00666618347168,16.290000915527344,15.866666793823242,16.290000915527344,13.794445037841797,221400
2010-07-27,16.343332290649414,16.360000610351562,16.1200008392334,16.149999618530273,13.675891876220703,316500
2010-07-28,16.110000610351562,16.213333129882812,15.800000190734863,15.883333206176758,13.450078964233398,336000
2010-07-29,15.966667175292969,15.966667175292969,15.333333015441896,15.493332862854004,13.11982250213623,351300
2010-07-30,15.239999771118164,15.43333339691162,15.08666706085205,15.326666831970217,12.97869110107422,263400
2010-08-02,15.513333320617676,15.649999618530272,15.373332977294922,15.563332557678224,13.179101943969728,1021800
2010-08-03,15.476667404174805,15.486666679382324,15.333333015441896,15.423333168029783,13.060548782348633,170400
2010-08-04,15.470000267028809,15.579999923706056,15.300000190734863,15.56666660308838,13.181922912597656,766800
2010-08-05,15.493332862854004,15.640000343322754,15.43333339691162,15.526666641235352,13.148046493530272,164100
2010-08-06,15.350000381469728,15.623332977294922,15.333333015441896,15.529999732971191,13.150875091552734,662400
2010-08-09,15.68000030517578,15.69333267211914,15.453332901000977,15.630000114440918,13.235553741455078,136200
2010-08-10,15.473333358764648,15.473333358764648,15.106666564941406,15.25333309173584,12.91658878326416,798300
2010-08-11,14.93000030517578,14.93000030517578,14.55666732788086,14.653332710266112,12.408510208129885,641700
2010-08-12,14.346667289733888,14.516667366027832,14.1899995803833,14.42666721343994,12.21656322479248,688500
2010-08-13,14.376667022705078,14.583333015441896,14.31666660308838,14.329999923706056,12.134705543518066,187800
2010-08-16,14.266667366027832,14.489999771118164,14.17666721343994,14.369999885559082,12.1685791015625,225300
2010-08-17,14.486666679382324,14.710000038146973,14.436667442321776,14.56999969482422,12.33794116973877,173700
2010-08-18,14.58666706085205,14.81999969482422,14.516667366027832,14.743332862854004,12.48472023010254,988800
2010-08-19,14.65666675567627,14.773332595825195,14.446666717529297,14.529999732971191,12.304070472717283,316800
2010-08-20,14.483332633972168,14.649999618530272,14.40999984741211,14.533332824707031,12.306890487670898,357300
2010-08-23,14.59000015258789,14.67666721343994,14.356666564941406,14.376667022705078,12.174223899841309,438000
2010-08-24,14.186667442321776,14.296667098999023,14.0,14.15666675567627,11.987929344177246,458700
2010-08-25,14.033332824707031,14.303333282470703,13.90999984741211,14.273332595825195,12.086718559265137,161700
2010-08-26,14.34000015258789,14.353333473205566,14.0,14.05666732788086,11.903246879577637,212100
2010-08-27,14.15666675567627,14.403332710266112,13.770000457763672,14.366666793823242,12.165754318237305,551100
2010-08-30,14.296667098999023,14.303333282470703,13.979999542236328,13.983332633972168,11.841145515441896,510300
2010-08-31,13.903332710266112,14.05666732788086,13.649999618530272,13.723333358764648,11.620979309082031,563700
2010-09-01,13.9399995803833,14.256667137145996,13.936667442321776,14.116666793823242,11.954054832458496,245100
2010-09-02,14.126667022705078,14.416666984558104,14.126667022705078,14.403332710266112,12.196802139282228,200700
2010-09-03,14.606666564941406,14.736666679382324,14.40666675567627,14.68000030517578,12.431090354919434,133500
2010-09-07,14.576666831970217,14.630000114440918,14.3100004196167,14.33666706085205,12.140356063842772,73200
2010-09-08,14.363332748413086,14.363332748413086,14.140000343322754,14.273332595825195,12.086718559265137,98700
2010-09-09,14.43333339691162,14.466667175292969,14.266667366027832,14.300000190734863,12.10930633544922,1473600
2010-09-10,14.286666870117188,14.31999969482422,13.920000076293944,14.123332977294922,11.959698677062988,294000
2010-09-13,14.256667137145996,14.600000381469728,14.243332862854004,14.57333278656006,12.3407621383667,401700
2010-09-14,14.55666732788086,14.923333168029783,14.416666984558104,14.84333324432373,12.569400787353516,945000
2010-09-15,14.760000228881836,14.850000381469728,14.609999656677246,14.81999969482422,12.549638748168944,255600
2010-09-16,14.793333053588867,14.970000267028809,14.713333129882812,14.9399995803833,12.65125846862793,1183800
2010-09-17,15.036666870117188,15.043333053588867,14.883333206176758,14.949999809265137,12.659727096557615,668700
2010-09-20,15.013333320617676,15.106666564941406,14.84333324432373,15.076666831970217,12.76698875427246,1079400
2010-09-21,15.076666831970217,15.229999542236328,15.013333320617676,15.109999656677246,12.79521656036377,801900
2010-09-22,15.0,15.079999923706056,14.776666641235352,14.873332977294922,12.594807624816896,261900
2010-09-23,14.743332862854004,15.226667404174805,14.666666984558104,14.963333129882812,12.671016693115234,550200
2010-09-24,15.173333168029783,15.630000114440918,15.173333168029783,15.630000114440918,13.235553741455078,770400
2010-09-27,15.59333324432373,15.666666984558104,15.466667175292969,15.550000190734863,13.167805671691896,1869900
2010-09-28,15.623332977294922,15.863332748413086,15.386667251586914,15.82333278656006,13.399270057678224,688200
2010-09-29,15.726667404174805,15.99666690826416,15.726667404174805,15.863332748413086,13.433140754699709,835500
2010-09-30,15.94333267211914,16.053333282470703,15.613332748413086,15.770000457763672,13.35410499572754,3003300
2010-10-01,15.873332977294922,15.920000076293944,15.600000381469728,15.75333309173584,13.339995384216309,338700
2010-10-04,15.66333293914795,15.733332633972168,15.359999656677246,15.536666870117188,13.15652084350586,577500
2010-10-05,15.69333267211914,15.973333358764648,15.66333293914795,15.93333339691162,13.49242115020752,2149800
2010-10-06,15.893333435058594,15.903332710266112,15.563332557678224,15.6899995803833,13.286359786987305,664500
2010-10-07,15.760000228881836,15.796667098999023,15.57333278656006,15.75,13.337169647216797,1087800
2010-10-08,15.75,15.93000030517578,15.529999732971191,15.899999618530272,13.464192390441896,1113600
2010-10-11,15.890000343322754,16.143333435058594,15.890000343322754,16.023332595825195,13.568631172180176,1359900
2010-10-12,15.966667175292969,16.190000534057617,15.856666564941406,16.136667251586914,13.66460132598877,937200
2010-10-13,16.18666648864746,16.18666648864746,15.963333129882812,16.106666564941406,13.639198303222656,944100
2010-10-14,16.066667556762695,16.239999771118164,15.993332862854004,16.066667556762695,13.605327606201172,708300
2010-10-15,15.033332824707031,16.299999237060547,15.020000457763672,16.133333206176758,13.66178035736084,822300
2010-10-18,16.049999237060547,16.100000381469727,15.899999618530272,16.023332595825195,13.568631172180176,1510800
2010-10-19,15.786666870117188,16.083332061767578,15.643333435058594,15.800000190734863,13.379508018493652,771000
2010-10-20,15.84333324432373,15.966667175292969,15.703332901000977,15.90666675567627,13.46983528137207,1115700
2010-10-21,15.90666675567627,15.93000030517578,15.68000030517578,15.813332557678224,13.39080047607422,1240500
2010-10-22,15.81666660308838,16.163333892822266,15.81666660308838,16.1200008392334,13.65048885345459,936000
2010-10-25,16.21666717529297,16.406667709350586,16.21666717529297,16.30666732788086,13.808557510375977,969000
2010-10-26,16.22333335876465,16.309999465942383,16.083332061767578,16.23666763305664,13.749279975891112,749400
2010-10-27,16.25666618347168,16.75666618347168,16.25666618347168,16.75,14.183971405029297,2363100
2010-10-28,16.773332595825195,16.793333053588867,16.549999237060547,16.75666618347168,14.189619064331056,3502500
2010-10-29,16.706666946411133,16.90333366394043,16.706666946411133,16.860000610351562,14.27712059020996,561600
2010-11-01,16.969999313354492,16.969999313354492,16.67333221435547,16.80666732788086,14.23196029663086,750600
2010-11-02,16.90999984741211,16.996667861938477,16.81999969482422,16.920000076293945,14.32792854309082,1857300
2010-11-03,16.953332901000977,17.100000381469727,16.843332290649414,17.093332290649414,14.474702835083008,413100
2010-11-04,17.30666732788086,17.643333435058594,17.30666732788086,17.626667022705078,14.926337242126465,447900
2010-11-05,17.613332748413086,17.81999969482422,17.60333251953125,17.739999771118164,15.022309303283691,446400
2010-11-08,17.703332901000977,17.866666793823242,17.663333892822266,17.73666763305664,15.019490242004396,847200
2010-11-09,17.760000228881836,17.760000228881836,17.469999313354492,17.546667098999023,14.858591079711914,225600
2010-11-10,17.52666664123535,17.546667098999023,17.30666732788086,17.530000686645508,14.844477653503418,1402800
2010-11-11,17.043333053588867,17.373332977294922,16.886667251586914,17.336666107177734,14.680758476257324,483600
2010-11-12,17.266666412353516,17.59000015258789,17.139999389648438,17.329999923706055,14.675124168395996,1605000
2010-11-15,17.43000030517578,17.483333587646484,17.190000534057617,17.200000762939453,14.56503963470459,172500
2010-11-16,17.079999923706055,17.209999084472656,16.863332748413086,16.953332901000977,14.356158256530762,916200
2010-11-17,16.876667022705078,17.123332977294922,16.876667022705078,16.940000534057617,14.34487247467041,175200
2010-11-18,17.110000610351562,17.31333351135254,17.110000610351562,17.246667861938477,14.60455322265625,305100
2010-11-19,17.213333129882812,17.573333740234375,17.213333129882812,17.51333236694336,14.830366134643556,194700
2010-11-22,17.51333236694336,17.74333381652832,17.483333587646484,17.73666763305664,15.019490242004396,343500
2010-11-23,17.549999237060547,17.69333267211914,17.520000457763672,17.606666564941406,14.909408569335938,689400
2010-11-24,17.72333335876465,18.08333206176757,17.72333335876465,18.049999237060547,15.28482437133789,524400
2010-11-26,17.956666946411133,18.049999237060547,17.89666748046875,17.93666648864746,15.188852310180664,165900
2010-11-29,17.843332290649414,17.94333267211914,17.69333267211914,17.90999984741211,15.16627025604248,420900
2010-11-30,17.729999542236328,17.78333282470703,17.636667251586914,17.683332443237305,14.974326133728027,1418400
2010-12-01,17.96666717529297,18.27666664123535,17.96666717529297,18.21666717529297,15.425957679748535,473700
2010-12-02,18.30666732788086,18.600000381469727,18.30666732788086,18.57666778564453,15.73079776763916,695100
2010-12-03,18.450000762939453,18.71999931335449,18.450000762939453,18.670000076293945,15.809847831726074,656400
2010-12-06,18.706666946411133,18.706666946411133,18.51666641235352,18.65999984741211,15.801374435424805,702900
2010-12-07,18.84000015258789,18.926666259765625,18.63999938964844,18.63999938964844,15.784432411193848,292200
2010-12-08,18.62333297729492,18.82666778564453,18.600000381469727,18.799999237060547,15.919928550720217,218700
2010-12-09,18.913333892822266,18.916667938232425,18.793333053588867,18.856666564941406,15.96791172027588,99900
2010-12-10,18.8933334350586,18.926666259765625,18.799999237060547,18.86000061035156,15.970732688903809,57300
2010-12-13,18.96999931335449,18.983333587646484,18.72333335876465,18.733333587646484,15.86347484588623,682200
2010-12-14,18.770000457763672,18.78333282470703,18.546667098999023,18.61000061035156,15.759033203125,365100
2010-12-15,18.553333282470703,18.65333366394043,18.38333320617676,18.40999984741211,15.589677810668944,203400
2010-12-16,18.416667938232425,18.57666778564453,18.40999984741211,18.51000022888184,15.674345970153809,1235700
2010-12-17,18.536666870117188,18.683332443237305,18.536666870117188,18.6299991607666,15.775959014892578,485400
2010-12-20,18.59666633605957,18.59666633605957,18.40333366394043,18.47333335876465,15.643301010131836,177300
2010-12-21,18.549999237060547,18.64666748046875,18.546667098999023,18.59000015258789,15.742091178894045,117300
2010-12-22,18.51000022888184,18.61333274841309,18.413333892822266,18.61000061035156,15.759033203125,1719000
2010-12-23,18.58666610717773,18.600000381469727,18.50666618347168,18.55666732788086,15.713868141174316,251700
2010-12-27,18.51666641235352,18.600000381469727,18.32666778564453,18.57999992370605,15.733633041381836,149700
2010-12-28,18.6200008392334,18.6200008392334,18.433332443237305,18.503332138061523,15.668705940246582,120900
2010-12-29,18.57333374023437,18.57333374023437,18.483333587646484,18.50666618347168,15.671527862548828,53100
2010-12-30,18.48666763305664,18.60333251953125,18.48666763305664,18.56333351135254,15.71950912475586,125400
2010-12-31,18.483333587646484,18.56666755676269,18.453332901000977,18.56666755676269,15.722332954406738,53700
2011-01-03,18.656667709350582,18.88999938964844,18.6200008392334,18.666667938232425,15.807019233703612,343500
2011-01-04,18.75666618347168,18.84333229064941,18.53333282470703,18.71333312988281,15.846534729003906,273900
2011-01-05,18.60333251953125,18.793333053588867,18.56333351135254,18.773332595825195,15.897335052490234,137700
2011-01-06,18.87666702270508,19.1433334350586,18.84333229064941,19.11000061035156,16.18242645263672,978300
2011-01-07,19.163333892822266,19.24666786193848,18.86333274841309,19.163333892822266,16.227598190307617,4041300
2011-01-10,19.106666564941406,19.40333366394043,19.07666778564453,19.3700008392334,16.402597427368164,768600
2011-01-11,19.479999542236328,19.479999542236328,19.31999969482422,19.420000076293945,16.4449462890625,132300
2011-01-12,19.549999237060547,19.809999465942383,19.43666648864746,19.799999237060547,16.766721725463867,459000
2011-01-13,19.81666755676269,19.8799991607666,19.700000762939453,19.81333351135254,16.77802085876465,687900
2011-01-14,19.86666679382324,20.34333229064941,19.86666679382324,20.34000015258789,17.224000930786133,1652100
2011-01-18,20.26333236694336,20.34000015258789,20.15999984741211,20.28333282470703,17.176015853881836,741600
2011-01-19,20.10333251953125,20.12333297729492,19.74333381652832,19.793333053588867,16.761079788208008,2770800
2011-01-20,19.63333320617676,19.63333320617676,19.30666732788086,19.59000015258789,16.588905334472656,1370700
2011-01-21,19.74333381652832,19.770000457763672,19.413333892822266,19.450000762939453,16.470346450805664,276000
2011-01-24,19.520000457763672,19.90999984741211,19.5,19.89999961853028,16.851409912109375,1881300
2011-01-25,19.850000381469727,19.8799991607666,19.63333320617676,19.76000022888184,16.73286247253418,381900
2011-01-26,19.84000015258789,19.983333587646484,19.71999931335449,19.920000076293945,16.868343353271484,422100
2011-01-27,20.06333351135254,20.356666564941406,20.06333351135254,20.309999465942383,17.198596954345703,294000
2011-01-28,20.36333274841309,20.39666748046875,19.64999961853028,19.753332138061523,16.727203369140625,464100
2011-01-31,19.76000022888184,19.92333221435547,19.3933334350586,19.82999992370605,16.792133331298828,179100
2011-02-01,20.01000022888184,20.426666259765625,20.01000022888184,20.32333374023437,17.20989418029785,1026000
2011-02-02,20.253332138061523,20.520000457763672,20.209999084472656,20.43000030517578,17.30021858215332,446100
2011-02-03,20.46666717529297,20.49333381652832,20.26333236694336,20.446666717529297,17.314329147338867,414300
2011-02-04,20.50666618347168,20.87666702270508,20.489999771118164,20.87666702270508,17.67845916748047,1151700
2011-02-07,20.93666648864746,21.0,20.72333335876465,20.793333053588867,17.607887268066406,508800
2011-02-08,20.790000915527344,20.796667098999023,20.61666679382324,20.793333053588867,17.607887268066406,297000
2011-02-09,20.709999084472656,20.78333282470703,20.57333374023437,20.64666748046875,17.483692169189453,135300
2011-02-10,20.406667709350582,20.706666946411133,20.34333229064941,20.67333221435547,17.50626564025879,1100700
2011-02-11,20.559999465942383,20.913333892822266,20.530000686645508,20.84000015258789,17.64740562438965,267000
2011-02-14,20.87333297729492,21.17333221435547,20.87333297729492,21.01000022888184,17.791357040405273,210300
2011-02-15,20.979999542236328,20.979999542236328,20.72333335876465,20.796667098999023,17.610713958740234,219600
2011-02-16,20.956666946411133,21.07666778564453,20.88666725158692,21.01333236694336,17.794189453125,264600
2011-02-17,20.926666259765625,21.37666702270508,20.926666259765625,21.32999992370605,18.06234359741211,621600
2011-02-18,21.356666564941406,21.39666748046875,21.183332443237305,21.280000686645508,18.019996643066406,243000
2011-02-22,20.8700008392334,20.92333221435547,20.37666702270508,20.446666717529297,17.314329147338867,488400
2011-02-23,20.48666763305664,20.48666763305664,19.78333282470703,20.053333282470703,16.981250762939453,405300
2011-02-24,20.053333282470703,20.416667938232425,20.02666664123535,20.36666679382324,17.2465763092041,459600
2011-02-25,20.63333320617676,20.916667938232425,20.59666633605957,20.8933334350586,17.692569732666016,1692000
2011-02-28,20.97333335876465,21.02666664123535,20.479999542236328,20.69333267211914,17.52320098876953,253500
2011-03-01,20.726667404174805,20.770000457763672,20.26666641235352,20.290000915527344,17.181663513183594,844500
2011-03-02,20.273332595825195,20.81333351135254,20.273332595825195,20.546667098999023,17.399002075195312,3923100
2011-03-03,20.75666618347168,21.03333282470703,20.75666618347168,20.94333267211914,17.73491096496582,591900
2011-03-04,20.916667938232425,20.92333221435547,20.61333274841309,20.770000457763672,17.588125228881836,4838100
2011-03-07,20.84333229064941,20.84333229064941,19.96999931335449,20.200000762939453,17.105449676513672,867000
2011-03-08,20.176666259765625,20.3933334350586,19.99333381652832,20.21999931335449,17.122386932373047,1839300
2011-03-09,20.11666679382324,20.11666679382324,19.56999969482422,19.59333229064941,16.591718673706055,1835100
2011-03-10,19.30666732788086,19.38666725158692,19.07999992370605,19.09666633605957,16.17113494873047,1764900
2011-03-11,18.96999931335449,19.33666610717773,18.96999931335449,19.31333351135254,16.35462188720703,626400
2011-03-14,19.22333335876465,19.51000022888184,19.13999938964844,19.270000457763672,16.31792640686035,4028700
2011-03-15,18.65999984741211,19.14666748046875,18.440000534057617,19.01666641235352,16.103395462036133,1566900
2011-03-16,18.913333892822266,19.233333587646484,18.479999542236328,18.61666679382324,15.764680862426758,6734100
2011-03-17,18.96666717529297,19.06666755676269,18.773332595825195,18.84000015258789,15.953794479370115,4530600
2011-03-18,19.13333320617676,19.14666748046875,18.84000015258789,18.920000076293945,16.021535873413086,1270200
2011-03-21,19.190000534057617,19.36666679382324,19.13999938964844,19.26000022888184,16.3094539642334,754200
2011-03-22,19.25,19.25,19.046667098999023,19.07666778564453,16.15420150756836,689400
2011-03-23,19.00666618347168,19.293333053588867,18.88666725158692,19.26000022888184,16.3094539642334,1657800
2011-03-24,19.440000534057617,19.773332595825195,19.39666748046875,19.729999542236328,16.707448959350586,904800
2011-03-25,19.76666641235352,19.86000061035156,19.63666725158692,19.65999984741211,16.673250198364258,1090200
2011-03-28,19.78333282470703,19.83666610717773,19.65333366394043,19.663333892822266,16.676069259643555,1275600
2011-03-29,19.656667709350582,19.86000061035156,19.479999542236328,19.86000061035156,16.842859268188477,633600
2011-03-30,20.05666732788086,20.05666732788086,19.72333335876465,19.88333320617676,16.86264991760254,238200
2011-03-31,19.850000381469727,19.906667709350582,19.63999938964844,19.696666717529297,16.7043399810791,183300
2011-04-01,19.809999465942383,19.809999465942383,19.416667938232425,19.479999542236328,16.520591735839844,555000
2011-04-04,19.553333282470703,19.553333282470703,19.196666717529297,19.30666732788086,16.37358856201172,677400
2011-04-05,19.63666725158692,19.89999961853028,19.61333274841309,19.739999771118164,16.7410945892334,814200
2011-04-06,19.940000534057617,20.07333374023437,19.86333274841309,20.043333053588867,16.998342514038086,268800
2011-04-07,20.05666732788086,20.05666732788086,19.76666641235352,19.976667404174805,16.941804885864258,2364900
2011-04-08,20.07333374023437,20.1200008392334,19.706666946411133,19.809999465942383,16.80045509338379,289200
2011-04-11,19.809999465942383,19.83666610717773,19.57333374023437,19.6433334350586,16.659116744995117,371100
2011-04-12,19.50666618347168,19.50666618347168,19.12333297729492,19.226667404174805,16.30574607849121,692400
2011-04-13,19.34333229064941,19.40333366394043,19.15999984741211,19.273332595825195,16.345317840576172,1275000
2011-04-14,19.11666679382324,19.30666732788086,19.01333236694336,19.303333282470703,16.37076187133789,337200
2011-04-15,19.25,19.46666717529297,19.14999961853028,19.40333366394043,16.455577850341797,558300
2011-04-18,19.166667938232425,19.170000076293945,18.916667938232425,19.05666732788086,16.161571502685547,352500
2011-04-19,19.03333282470703,19.156667709350582,18.989999771118164,19.13666725158692,16.22941780090332,242100
2011-04-20,19.683332443237305,19.96666717529297,19.670000076293945,19.946666717529297,16.916362762451172,838500
2011-04-21,20.106666564941406,20.106666564941406,19.8700008392334,19.96666717529297,16.933326721191406,204600
2011-04-25,19.983333587646484,20.05666732788086,19.906667709350582,19.979999542236328,16.94462013244629,527100
2011-04-26,20.0,20.34000015258789,20.0,20.30666732788086,17.221668243408203,282300
2011-04-27,20.166667938232425,20.32666778564453,20.06999969482422,20.293333053588867,17.210363388061523,230700
2011-04-28,20.239999771118164,20.303333282470703,20.05666732788086,20.190000534057617,17.122724533081055,136200
2011-04-29,20.156667709350582,20.286666870117188,20.156667709350582,20.26000022888184,17.182092666625977,127800
2011-05-02,20.32666778564453,20.32666778564453,20.03333282470703,20.07666778564453,17.026613235473633,228600
2011-05-03,19.983333587646484,20.030000686645508,19.69333267211914,19.82999992370605,16.81741714477539,346800
2011-05-04,19.906667709350582,19.989999771118164,19.58666610717773,19.82333374023437,16.811769485473633,794400
2011-05-05,19.72333335876465,20.06999969482422,19.69333267211914,19.87666702270508,16.856998443603516,258000
2011-05-06,20.1200008392334,20.24333381652832,19.950000762939453,20.03333282470703,16.98986053466797,282600
2011-05-09,20.053333282470703,20.053333282470703,19.82999992370605,19.950000762939453,16.919187545776367,516900
2011-05-10,19.99333381652832,20.11000061035156,19.959999084472656,20.046667098999023,17.001176834106445,146700
2011-05-11,20.100000381469727,20.1433334350586,19.78333282470703,19.89999961853028,16.87678337097168,200100
2011-05-12,19.81333351135254,20.239999771118164,19.793333053588867,20.15999984741211,17.09728240966797,341400
2011-05-13,20.13333320617676,20.19333267211914,19.89999961853028,19.913333892822266,16.888093948364258,130500
2011-05-16,19.83666610717773,20.040000915527344,19.59666633605957,19.63333320617676,16.6506290435791,735900
2011-05-17,19.52666664123535,19.543333053588867,19.200000762939453,19.38999938964844,16.444263458251953,1129200
2011-05-18,19.39999961853028,19.786666870117188,19.39999961853028,19.74333381652832,16.74391746520996,150900
2011-05-19,19.700000762939453,19.700000762939453,19.406667709350582,19.57666778564453,16.60257339477539,602700
2011-05-20,19.57999992370605,19.63666725158692,19.426666259765625,19.536666870117188,16.56865119934082,322500
2011-05-23,19.299999237060547,19.299999237060547,19.12333297729492,19.13666725158692,16.22941780090332,274200
2011-05-24,19.233333587646484,19.23666763305664,18.96666717529297,18.96999931335449,16.08806610107422,1470900
2011-05-25,18.89999961853028,19.21333312988281,18.88999938964844,19.13999938964844,16.23224639892578,872100
2011-05-26,19.11666679382324,19.350000381469727,19.059999465942383,19.31999969482422,16.384899139404297,372600
2011-05-27,19.46333312988281,19.63333320617676,19.46333312988281,19.549999237060547,16.579959869384766,1218000
2011-05-31,19.76000022888184,19.86666679382324,19.670000076293945,19.84666633605957,16.831560134887695,696300
2011-06-01,19.82666778564453,19.82666778564453,19.24666786193848,19.270000457763672,16.342496871948242,756600
2011-06-02,19.31666755676269,19.450000762939453,19.170000076293945,19.24666786193848,16.322710037231445,489600
2011-06-03,19.023332595825195,19.18666648864746,18.88666725158692,18.90999984741211,16.03718376159668,531600
2011-06-06,18.8700008392334,18.956666946411133,18.753332138061523,18.773332595825195,15.92128086090088,1011600
2011-06-07,18.88333320617676,19.053333282470703,18.850000381469727,18.850000381469727,15.986294746398926,891600
2011-06-08,18.76000022888184,18.76000022888184,18.420000076293945,18.483333587646484,15.675342559814451,778500
2011-06-09,18.489999771118164,18.606666564941406,18.39666748046875,18.49666786193848,15.686647415161133,1505700
2011-06-10,18.42333221435547,18.433332443237305,18.07666778564453,18.200000762939453,15.435050010681152,408000
2011-06-13,18.229999542236328,18.299999237060547,17.96666717529297,18.040000915527344,15.29935359954834,450000
2011-06-14,18.32333374023437,18.46666717529297,18.299999237060547,18.356666564941406,15.567917823791504,871500
2011-06-15,18.190000534057617,18.299999237060547,17.98666763305664,18.020000457763672,15.282392501831056,468300
2011-06-16,18.0,18.040000915527344,17.656667709350586,17.81333351135254,15.10712718963623,580200
2011-06-17,17.98666763305664,17.98666763305664,17.489999771118164,17.549999237060547,14.883792877197266,938700
2011-06-20,17.49333381652832,17.636667251586914,17.483333587646484,17.573333740234375,14.903586387634276,1503300
2011-06-21,17.690000534057617,18.040000915527344,17.573333740234375,17.98666763305664,15.25412940979004,1037100
2011-06-22,17.950000762939453,18.100000381469727,17.8700008392334,17.916667938232422,15.194761276245115,590100
2011-06-23,17.713333129882812,18.15999984741211,17.579999923706055,18.13999938964844,15.414851188659668,533100
2011-06-24,18.10333251953125,18.10333251953125,17.67333221435547,17.72333335876465,15.060782432556152,346800
2011-06-27,17.76333236694336,17.886667251586914,17.55666732788086,17.81333351135254,15.137258529663086,253500
2011-06-28,17.860000610351562,18.059999465942383,17.850000381469727,18.053333282470703,15.341203689575195,272400
2011-06-29,18.106666564941406,18.170000076293945,17.940000534057617,18.07666778564453,15.361031532287598,470400
2011-06-30,18.11000061035156,18.56333351135254,18.11000061035156,18.5,15.720766067504885,378600
2011-07-01,18.51333236694336,18.94333267211914,18.476667404174805,18.89666748046875,16.057844161987305,305400
2011-07-05,18.89999961853028,18.94333267211914,18.65999984741211,18.74666786193848,15.930378913879396,503100
2011-07-06,18.63666725158692,18.64999961853028,18.43666648864746,18.59666633605957,15.802912712097168,870600
2011-07-07,18.75666618347168,19.059999465942383,18.72333335876465,18.950000762939453,16.10316276550293,512700
2011-07-08,18.75,18.75,18.49666786193848,18.690000534057617,15.882216453552246,508200
2011-07-11,18.476667404174805,18.703332901000977,18.299999237060547,18.36666679382324,15.60746955871582,352800
2011-07-12,18.196666717529297,18.196666717529297,17.739999771118164,17.84000015258789,15.15992546081543,861600
2011-07-13,17.933332443237305,18.049999237060547,17.703332901000977,17.78333282470703,15.111762046813965,1169100
2011-07-14,17.799999237060547,18.003332138061523,17.476667404174805,17.520000457763672,14.887996673583984,502800
2011-07-15,17.626667022705078,17.626667022705078,17.3799991607666,17.59000015258789,14.947474479675291,603000
2011-07-18,17.5,17.583332061767578,17.213333129882812,17.376667022705078,14.766192436218262,967200
2011-07-19,17.536666870117188,17.963333129882812,17.536666870117188,17.920000076293945,15.227898597717283,1461600
2011-07-20,17.983333587646484,18.02666664123535,17.746667861938477,17.850000381469727,15.168418884277344,1185000
2011-07-21,17.816667556762695,18.046667098999023,17.573333740234375,17.983333587646484,15.281720161437988,890100
2011-07-22,18.059999465942383,18.479999542236328,18.059999465942383,18.420000076293945,15.652783393859863,541800
2011-07-25,18.229999542236328,18.299999237060547,18.1200008392334,18.203332901000977,15.468667984008787,522900
2011-07-26,18.286666870117188,18.549999237060547,18.286666870117188,18.32666778564453,15.573471069335938,767400
2011-07-27,18.15999984741211,18.15999984741211,17.626667022705078,17.67333221435547,15.01828670501709,1825200
2011-07-28,17.663333892822266,17.90999984741211,17.453332901000977,17.636667251586914,14.987130165100098,579300
2011-07-29,17.366666793823242,17.639999389648438,17.239999771118164,17.489999771118164,14.86249828338623,453600
2011-08-01,17.733333587646484,17.796667098999023,17.229999542236328,17.469999313354492,14.845501899719238,960300
2011-08-02,17.343332290649414,17.43000030517578,16.933332443237305,16.963333129882812,14.414957046508787,1719300
2011-08-03,16.946666717529297,17.17333221435547,16.60333251953125,17.163333892822266,14.584911346435549,977700
2011-08-04,16.89666748046875,16.93000030517578,16.15333366394043,16.17333221435547,13.743630409240724,2032200
2011-08-05,16.299999237060547,16.530000686645508,15.366666793823242,15.846667289733888,13.466044425964355,4278000
2011-08-08,15.390000343322754,15.603333473205566,14.91333293914795,15.0,12.746572494506836,3100500
2011-08-09,15.216667175292969,15.699999809265137,14.779999732971191,15.670000076293944,13.315916061401367,1929000
2011-08-10,15.313332557678224,15.853333473205566,15.146666526794434,15.369999885559082,13.060988426208496,2515800
2011-08-11,15.59333324432373,16.333332061767578,15.539999961853027,16.1299991607666,13.706811904907228,1651500
2011-08-12,16.376667022705078,16.40999984741211,15.966667175292969,16.06333351135254,13.650163650512695,1017600
2011-08-15,16.139999389648438,16.383333206176758,16.106666564941406,16.373332977294922,13.91359043121338,726600
2011-08-16,16.253332138061523,16.35333251953125,15.873332977294922,16.079999923706055,13.664323806762695,840900
2011-08-17,16.016666412353516,16.323333740234375,15.81999969482422,15.973333358764648,13.57367992401123,627300
2011-08-18,15.529999732971191,15.529999732971191,14.93000030517578,15.050000190734863,12.78905963897705,2017200
2011-08-19,14.886667251586914,15.356666564941406,14.723333358764648,14.773332595825195,12.553955078125,1557600
2011-08-22,15.05666732788086,15.18333339691162,14.783332824707031,14.863332748413086,12.630433082580566,982500
2011-08-23,14.9399995803833,15.649999618530272,14.923333168029783,15.626667022705078,13.279092788696287,1768200
2011-08-24,15.636667251586914,15.776666641235352,15.329999923706056,15.640000343322754,13.290422439575195,1244400
2011-08-25,15.529999732971191,15.729999542236328,15.186667442321776,15.229999542236328,12.942018508911133,768000
2011-08-26,15.233332633972168,15.710000038146973,15.006667137145996,15.653332710266112,13.301755905151367,600000
2011-08-29,15.876667022705078,16.219999313354492,15.856666564941406,16.200000762939453,13.766294479370115,412200
2011-08-30,16.09666633605957,16.30666732788086,16.01333236694336,16.196666717529297,13.763461112976074,287700
2011-08-31,16.299999237060547,16.456666946411133,15.986666679382324,16.113332748413086,13.692646026611328,510000
2011-09-01,16.106666564941406,16.323333740234375,15.81999969482422,15.850000381469728,13.468877792358398,735000
2011-09-02,15.583333015441896,15.616666793823242,15.383333206176758,15.473333358764648,13.148795127868652,600000
2011-09-06,14.953332901000977,15.383333206176758,14.946666717529297,15.369999885559082,13.060988426208496,948000
2011-09-07,15.633333206176758,16.043333053588867,15.633333206176758,16.023332595825195,13.616168022155762,2767500
2011-09-08,15.923333168029783,16.32666778564453,15.866666793823242,15.953332901000977,13.556685447692873,474300
2011-09-09,15.866666793823242,16.19333267211914,15.67666721343994,15.783332824707031,13.412224769592283,1072200
2011-09-12,15.596667289733888,16.260000228881836,15.596667289733888,16.239999771118164,13.800289154052734,4078500
2011-09-13,16.363332748413086,16.623332977294922,16.226667404174805,16.559999465942383,14.07221508026123,1588200
2011-09-14,16.713333129882812,17.183332443237305,16.600000381469727,16.98666763305664,14.434781074523926,2478000
2011-09-15,17.23666763305664,17.290000915527344,17.03333282470703,17.260000228881836,14.66705322265625,1665000
2011-09-16,16.946666717529297,17.463333129882812,16.946666717529297,17.28333282470703,14.686880111694336,2793000
2011-09-19,16.96666717529297,17.190000534057617,16.809999465942383,17.100000381469727,14.531085968017578,1192200
2011-09-20,17.166667938232422,17.22333335876465,16.856666564941406,16.8799991607666,14.34413719177246,1483500
2011-09-21,16.94333267211914,17.06999969482422,16.536666870117188,16.540000915527344,14.055216789245604,1728600
2011-09-22,16.06999969482422,16.1200008392334,15.703332901000977,15.983332633972168,13.582180976867676,3060300
2011-09-23,15.866666793823242,16.360000610351562,15.776666641235352,16.273332595825195,13.828609466552734,2553000
2011-09-26,16.373332977294922,16.373332977294922,15.853333473205566,16.219999313354492,13.81895351409912,1644900
2011-09-27,16.530000686645508,16.850000381469727,16.433332443237305,16.516666412353516,14.07170867919922,1397700
2011-09-28,16.536666870117188,16.59666633605957,16.036666870117188,16.05666732788086,13.679800987243652,1131900
2011-09-29,16.286666870117188,16.309999465942383,15.533332824707031,15.850000381469728,13.503728866577148,1040400
2011-09-30,15.596667289733888,15.733332633972168,15.296667098999023,15.30666732788086,13.04082489013672,1597200
2011-10-03,15.19333267211914,15.359999656677246,14.729999542236328,14.739999771118164,12.558037757873535,1117200
2011-10-04,14.520000457763672,15.359999656677246,14.513333320617676,15.326666831970217,13.057862281799316,3465000
2011-10-05,15.326666831970217,15.873332977294922,15.143333435058594,15.813332557678224,13.472488403320312,1379100
2011-10-06,15.813332557678224,16.03333282470703,15.630000114440918,16.00666618347168,13.637202262878418,575400
2011-10-07,16.059999465942383,16.293333053588867,15.936667442321776,16.079999923706055,13.69968032836914,871200
2011-10-10,16.329999923706055,16.6299991607666,16.329999923706055,16.53333282470703,14.08590316772461,897000
2011-10-11,16.503332138061523,16.57666778564453,16.40333366394043,16.516666412353516,14.07170867919922,543600
2011-10-12,16.69333267211914,16.823333740234375,16.633333206176758,16.639999389648438,14.176782608032228,562800
2011-10-13,16.559999465942383,17.040000915527344,16.559999465942383,16.976667404174805,14.46360969543457,729300
2011-10-14,17.166667938232422,17.196666717529297,16.889999389648438,17.170000076293945,14.628326416015623,1625700
2011-10-17,17.10333251953125,17.10333251953125,16.656667709350586,16.72333335876465,14.247780799865724,1389900
2011-10-18,16.74333381652832,17.116666793823242,16.53333282470703,17.059999465942383,14.534611701965332,507000
2011-10-19,16.969999313354492,17.030000686645508,16.68000030517578,16.71666717529297,14.242104530334473,1254900
2011-10-20,16.626667022705078,16.626667022705078,16.113332748413086,16.426666259765625,13.995028495788574,598500
2011-10-21,16.65999984741211,17.00666618347168,16.65999984741211,16.77666664123535,14.293219566345217,1670700
2011-10-24,16.816667556762695,17.366666793823242,16.816667556762695,17.336666107177734,14.770320892333984,631200
2011-10-25,17.176666259765625,17.350000381469727,17.010000228881836,17.049999237060547,14.52609157562256,618000
2011-10-26,17.163333892822266,17.299999237060547,16.770000457763672,17.106666564941406,14.574370384216309,610200
2011-10-27,17.636667251586914,17.963333129882812,17.496667861938477,17.829999923706055,15.190628051757812,916800
2011-10-28,17.843332290649414,17.90333366394043,17.72333335876465,17.899999618530273,15.250267028808594,359400
2011-10-31,17.663333892822266,17.71666717529297,17.440000534057617,17.46666717529297,14.881080627441406,457800
2011-11-01,16.946666717529297,17.07666778564453,16.78333282470703,16.90999984741211,14.406808853149414,987900
2011-11-02,17.043333053588867,17.126667022705078,16.84000015258789,16.97333335876465,14.46077823638916,591000
2011-11-03,17.136667251586914,17.50666618347168,16.80666732788086,17.479999542236328,14.892431259155272,573900
2011-11-04,17.3799991607666,17.746667861938477,17.34666633605957,17.68000030517578,15.06282901763916,432000
2011-11-07,17.636667251586914,17.703332901000977,17.376667022705078,17.670000076293945,15.054312705993652,435000
2011-11-08,17.803333282470703,17.836666107177734,17.479999542236328,17.75,15.12246799468994,302400
2011-11-09,17.373332977294922,17.373332977294922,16.92333221435547,16.96666717529297,14.455090522766112,586500
2011-11-10,17.15999984741211,17.213333129882812,16.84000015258789,17.079999923706055,14.551648139953612,482400
2011-11-11,17.31999969482422,17.76333236694336,17.309999465942383,17.68000030517578,15.06282901763916,389100
2011-11-14,17.65999984741211,17.770000457763672,17.376667022705078,17.48666763305664,14.89811897277832,661800
2011-11-15,17.389999389648438,17.81333351135254,17.389999389648438,17.706666946411133,15.085551261901855,674100
2011-11-16,17.56999969482422,17.906667709350586,17.56999969482422,17.64666748046875,15.034431457519531,912600
2011-11-17,17.583332061767578,17.583332061767578,16.746667861938477,16.963333129882812,14.45225715637207,721200
2011-11-18,17.00666618347168,17.030000686645508,16.709999084472656,16.803333282470703,14.315937042236328,333000
2011-11-21,16.53333282470703,16.573333740234375,16.239999771118164,16.489999771118164,14.048986434936523,538500
2011-11-22,16.420000076293945,16.543333053588867,16.176666259765625,16.280000686645508,13.870077133178713,1081500
2011-11-23,16.093332290649414,16.106666564941406,15.75333309173584,15.766667366027832,13.432726860046388,580500
2011-11-25,15.68333339691162,15.893333435058594,15.57333278656006,15.57333278656006,13.26801586151123,117900
2011-11-28,16.086666107177734,16.18000030517578,15.916666984558104,16.046667098999023,13.671284675598145,726900
2011-11-29,16.1200008392334,16.196666717529297,15.90999984741211,15.946666717529297,13.586082458496094,495300
2011-11-30,16.413333892822266,16.893333435058594,16.413333892822266,16.843332290649414,14.350016593933104,696300
2011-12-01,16.836666107177734,17.020000457763672,16.75666618347168,16.956666946411133,14.44657039642334,436500
2011-12-02,17.200000762939453,17.24333381652832,16.93666648864746,16.959999084472656,14.449416160583496,601800
2011-12-05,17.139999389648438,17.293333053588867,17.02666664123535,17.100000381469727,14.568686485290527,240600
2011-12-06,17.126667022705078,17.15333366394043,16.959999084472656,17.05666732788086,14.531770706176758,277500
2011-12-07,16.983333587646484,17.323333740234375,16.8799991607666,17.28333282470703,14.724883079528809,396000
2011-12-08,17.15333366394043,17.299999237060547,16.75666618347168,16.773332595825195,14.290375709533691,162600
2011-12-09,16.60333251953125,17.06999969482422,16.510000228881836,16.996667861938477,14.480660438537598,426600
2011-12-12,16.733333587646484,16.733333587646484,16.333332061767578,16.543333053588867,14.094428062438965,653400
2011-12-13,16.676666259765625,16.713333129882812,16.07666778564453,16.149999618530273,13.759318351745604,1083900
2011-12-14,16.15333366394043,16.18666648864746,15.846667289733888,15.896666526794434,13.543485641479492,1385400
2011-12-15,16.136667251586914,16.209999084472656,15.796667098999023,15.856666564941406,13.509407043457031,438300
2011-12-16,15.989999771118164,16.209999084472656,15.93000030517578,16.010000228881836,13.64004135131836,907500
2011-12-19,16.016666412353516,16.053333282470703,15.536666870117188,15.546667098999023,13.245296478271484,1338300
2011-12-20,15.973333358764648,16.293333053588867,15.973333358764648,16.23666763305664,13.833157539367676,1983600
2011-12-21,16.273332595825195,16.273332595825195,15.850000381469728,16.073333740234375,13.694000244140623,295800
2011-12-22,16.09000015258789,16.6299991607666,16.09000015258789,16.57666778564453,14.150412559509276,1195500
2011-12-23,16.606666564941406,16.666667938232422,16.50666618347168,16.649999618530273,14.213006973266602,133800
2011-12-27,16.606666564941406,16.766666412353516,16.573333740234375,16.6299991607666,14.195938110351562,983400
2011-12-28,16.649999618530273,16.649999618530273,16.366666793823242,16.383333206176758,13.985370635986328,214800
2011-12-29,16.459999084472656,16.553333282470703,16.3700008392334,16.52666664123535,14.107728004455566,275400
2011-12-30,16.49333381652832,16.59666633605957,16.46666717529297,16.46666717529297,14.056510925292969,440100
2012-01-03,16.836666107177734,16.93666648864746,16.64666748046875,16.67333221435547,14.232924461364746,371100
2012-01-04,16.600000381469727,16.709999084472656,16.46666717529297,16.67333221435547,14.232924461364746,1187100
2012-01-05,16.623332977294922,16.926666259765625,16.606666564941406,16.899999618530273,14.426416397094728,1147800
2012-01-06,16.893333435058594,16.983333587646484,16.786666870117188,16.94333267211914,14.463408470153809,304800
2012-01-09,17.043333053588867,17.316667556762695,17.023332595825195,17.286666870117188,14.75649070739746,1069800
2012-01-10,17.51333236694336,17.549999237060547,17.389999389648438,17.459999084472656,14.904458045959473,700200
2012-01-11,17.393333435058594,17.56999969482422,17.343332290649414,17.520000457763672,14.95567226409912,1195800
2012-01-12,17.57666778564453,17.739999771118164,17.469999313354492,17.706666946411133,15.115020751953123,361200
2012-01-13,17.536666870117188,17.553333282470703,17.299999237060547,17.34666633605957,14.807709693908691,1169100
2012-01-17,17.510000228881836,17.593332290649414,17.386667251586914,17.39666748046875,14.850390434265137,202800
2012-01-18,17.593332290649414,18.31666755676269,17.593332290649414,18.280000686645508,15.604435920715332,1420200
2012-01-19,18.450000762939453,18.65999984741211,18.406667709350582,18.6433334350586,15.914591789245604,1746000
2012-01-20,18.559999465942383,18.753332138061523,18.540000915527344,18.733333587646484,15.991412162780762,4804200
2012-01-23,18.71666717529297,18.799999237060547,18.536666870117188,18.67333221435547,15.940200805664062,4483200
2012-01-24,18.606666564941406,18.799999237060547,18.543333053588867,18.739999771118164,15.997100830078123,1460400
2012-01-25,18.790000915527344,18.86000061035156,18.53333282470703,18.81999969482422,16.065399169921875,1189800
2012-01-26,18.88999938964844,18.979999542236328,18.523332595825195,18.62333297729492,15.897517204284668,777300
2012-01-27,18.56666755676269,18.74666786193848,18.51333236694336,18.683332443237305,15.948726654052734,414000
2012-01-30,18.559999465942383,18.559999465942383,18.28333282470703,18.489999771118164,15.78369426727295,944400
2012-01-31,18.61666679382324,18.666667938232425,18.37333297729492,18.503332138061523,15.795082092285156,326100
2012-02-01,18.75,19.053333282470703,18.676666259765625,18.916667938232425,16.14791488647461,1958700
2012-02-02,18.976667404174805,19.14666748046875,18.916667938232425,19.020000457763672,16.236127853393555,1212300
2012-02-03,19.25666618347168,19.39666748046875,19.176666259765625,19.31666755676269,16.489370346069336,831900
2012-02-06,19.25666618347168,19.25666618347168,18.99333381652832,19.09666633605957,16.301563262939453,448200
2012-02-07,19.030000686645508,19.15999984741211,18.8933334350586,19.106666564941406,16.310104370117188,1608900
2012-02-08,19.13666725158692,19.476667404174805,19.13666725158692,19.33666610717773,16.506441116333008,696900
2012-02-09,19.420000076293945,19.446666717529297,19.253332138061523,19.39999961853028,16.560503005981445,411900
2012-02-10,19.176666259765625,19.253332138061523,18.93666648864746,19.023332595825195,16.238964080810547,460500
2012-02-13,19.14666748046875,19.22333335876465,18.83333206176757,19.07999992370605,16.287330627441406,157800
2012-02-14,19.02666664123535,19.15333366394043,18.976667404174805,19.14999961853028,16.347095489501953,1032600
2012-02-15,19.299999237060547,19.47333335876465,19.229999542236328,19.25,16.43245506286621,786600
2012-02-16,19.296667098999023,19.76000022888184,19.22333335876465,19.733333587646484,16.845043182373047,773700
2012-02-17,19.84000015258789,19.8799991607666,19.536666870117188,19.549999237060547,16.688549041748047,474900
2012-02-21,19.6200008392334,19.6200008392334,19.22333335876465,19.28333282470703,16.460912704467773,462000
2012-02-22,19.26666641235352,19.38666725158692,19.14666748046875,19.21333312988281,16.401161193847656,358200
2012-02-23,19.200000762939453,19.27666664123535,18.96666717529297,19.24666786193848,16.429615020751953,352800
2012-02-24,19.27666664123535,19.37333297729492,19.166667938232425,19.18666648864746,16.378389358520508,834900
2012-02-27,19.08333206176757,19.350000381469727,18.956666946411133,19.206666946411133,16.39547348022461,619500
2012-02-28,19.23666763305664,19.6200008392334,19.23666763305664,19.51666641235352,16.660093307495117,797100
2012-02-29,19.55666732788086,19.55666732788086,19.190000534057617,19.226667404174805,16.41254234313965,626700
2012-03-01,19.286666870117188,19.42333221435547,19.15999984741211,19.239999771118164,16.423919677734375,486000
2012-03-02,19.21333312988281,19.32999992370605,19.020000457763672,19.023332595825195,16.238964080810547,474600
2012-03-05,18.96666717529297,18.983333587646484,18.5,18.56999969482422,15.8519868850708,1145100
2012-03-06,18.290000915527344,18.43000030517578,18.176666259765625,18.39666748046875,15.704026222229004,771000
2012-03-07,18.43000030517578,18.74333381652832,18.43000030517578,18.666667938232425,15.9345064163208,1201500
2012-03-08,18.84000015258789,18.989999771118164,18.75,18.94333267211914,16.170673370361328,1534200
2012-03-09,18.93000030517578,19.163333892822266,18.93000030517578,19.14999961853028,16.347095489501953,701700
2012-03-12,19.13999938964844,19.13999938964844,18.90333366394043,18.96666717529297,16.190595626831055,518700
2012-03-13,19.1200008392334,19.3799991607666,19.10333251953125,19.3799991607666,16.543424606323242,1193700
2012-03-14,19.426666259765625,19.63999938964844,19.293333053588867,19.31666755676269,16.489370346069336,670800
2012-03-15,19.413333892822266,19.71666717529297,19.406667709350582,19.700000762939453,16.816591262817383,2073300
2012-03-16,19.76666641235352,19.76666641235352,19.62333297729492,19.733333587646484,16.845043182373047,733200
2012-03-19,19.74333381652832,19.946666717529297,19.65333366394043,19.87333297729492,16.964548110961914,535200
2012-03-20,19.74333381652832,19.790000915527344,19.56333351135254,19.71666717529297,16.83082389831543,716400
2012-03-21,19.770000457763672,19.88999938964844,19.676666259765625,19.796667098999023,16.899105072021484,365700
2012-03-22,19.63333320617676,19.73666763305664,19.53333282470703,19.690000534057617,16.808063507080078,619200
2012-03-23,19.670000076293945,19.73666763305664,19.5,19.729999542236328,16.84220314025879,806700
2012-03-26,19.850000381469727,19.97333335876465,19.74333381652832,19.96666717529297,17.074522018432617,799800
2012-03-27,19.976667404174805,20.11000061035156,19.959999084472656,19.959999084472656,17.068811416625977,635100
2012-03-28,19.98666763305664,20.00666618347168,19.59333229064941,19.729999542236328,16.872133255004883,1057800
2012-03-29,19.553333282470703,19.773332595825195,19.483333587646484,19.733333587646484,16.87498664855957,1300800
2012-03-30,19.87333297729492,19.933332443237305,19.666667938232425,19.81666755676269,16.946245193481445,585600
2012-04-02,19.726667404174805,19.8799991607666,19.53333282470703,19.83333206176757,16.96049690246582,378900
2012-04-03,19.729999542236328,19.76000022888184,19.43666648864746,19.51666641235352,16.68970489501953,1296600
2012-04-04,19.24666786193848,19.273332595825195,18.89999961853028,19.08666610717773,16.321990966796875,1061700
2012-04-05,18.989999771118164,19.183332443237305,18.989999771118164,19.11666679382324,16.347639083862305,1389300
2012-04-09,18.82999992370605,18.90999984741211,18.73666763305664,18.86333274841309,16.130998611450195,745200
2012-04-10,18.81666755676269,18.96999931335449,18.47333335876465,18.50666618347168,15.826001167297363,849000
2012-04-11,18.75,18.953332901000977,18.71999931335449,18.81666755676269,16.091089248657227,650400
2012-04-12,18.88666725158692,19.239999771118164,18.86333274841309,19.17333221435547,16.39609718322754,436200
2012-04-13,19.11333274841309,19.15999984741211,18.82333374023437,18.83333206176757,16.105348587036133,665400
2012-04-16,18.99666786193848,19.020000457763672,18.663333892822266,18.82666778564453,16.099647521972656,726000
2012-04-17,18.96666717529297,19.21333312988281,18.96666717529297,19.1200008392334,16.35048484802246,1012500
2012-04-18,18.92333221435547,19.046667098999023,18.780000686645508,18.979999542236328,16.23076820373535,517800
2012-04-19,18.89666748046875,19.196666717529297,18.64666748046875,18.74666786193848,16.03123664855957,767100
2012-04-20,18.76666641235352,18.76666641235352,18.303333282470703,18.31333351135254,15.66066551208496,1368000
2012-04-23,18.08666610717773,18.11000061035156,17.916667938232422,18.09000015258789,15.469687461853027,960300
2012-04-24,18.1299991607666,18.176666259765625,17.89666748046875,17.956666946411133,15.355661392211914,527700
2012-04-25,18.26000022888184,18.39999961853028,18.15333366394043,18.356666564941406,15.697726249694824,660300
2012-04-26,18.42333221435547,18.81333351135254,18.42333221435547,18.780000686645508,16.059738159179688,1090800
2012-04-27,18.82333374023437,18.84000015258789,18.59666633605957,18.78333282470703,16.062585830688477,682200
2012-04-30,18.796667098999023,18.803333282470703,18.683332443237305,18.703332901000977,15.994179725646973,1093500
2012-05-01,18.65333366394043,18.89999961853028,18.63333320617676,18.76000022888184,16.04263687133789,456900
2012-05-02,18.61000061035156,18.87666702270508,18.59333229064941,18.850000381469727,16.11960220336914,405600
2012-05-03,18.82999992370605,18.94333267211914,18.36333274841309,18.3799991607666,15.717673301696776,618000
2012-05-04,18.303333282470703,18.38666725158692,17.969999313354492,18.010000228881836,15.401277542114258,1106100
2012-05-07,17.940000534057617,18.08333206176757,17.933332443237305,17.956666946411133,15.355661392211914,504300
2012-05-08,17.816667556762695,17.883333206176758,17.476667404174805,17.85333251953125,15.267300605773926,887100
2012-05-09,17.59666633605957,17.873332977294922,17.416667938232422,17.790000915527344,15.213136672973633,711000
2012-05-10,17.920000076293945,17.926666259765625,17.586666107177734,17.72333335876465,15.156132698059082,567900
2012-05-11,17.676666259765625,18.05666732788086,17.670000076293945,17.84666633605957,15.26159381866455,452400
2012-05-14,17.666667938232422,17.793333053588867,17.593332290649414,17.67333221435547,15.113367080688477,447600
2012-05-15,17.6299991607666,17.80666732788086,17.450000762939453,17.48666763305664,14.953742980957031,515400
2012-05-16,17.53333282470703,17.593332290649414,17.19333267211914,17.21666717529297,14.722853660583496,473700
2012-05-17,17.226667404174805,17.28333282470703,16.833332061767578,16.836666107177734,14.39789581298828,578100
2012-05-18,16.93666648864746,16.93666648864746,16.47333335876465,16.51333236694336,14.121397018432615,879600
2012-05-21,16.553333282470703,16.94333267211914,16.51333236694336,16.926666259765625,14.474859237670898,739500
2012-05-22,16.92333221435547,16.926666259765625,16.69333267211914,16.803333282470703,14.36938762664795,569100
2012-05-23,16.573333740234375,16.889999389648438,16.47333335876465,16.8700008392334,14.426396369934082,1327800
2012-05-24,16.920000076293945,16.92333221435547,16.536666870117188,16.6299991607666,14.22116470336914,593700
2012-05-25,16.65999984741211,16.92333221435547,16.65999984741211,16.796667098999023,14.363687515258787,606300
2012-05-29,17.023332595825195,17.260000228881836,17.010000228881836,17.156667709350586,14.67154312133789,394800
2012-05-30,16.976667404174805,17.023332595825195,16.816667556762695,16.916667938232422,14.46630859375,477600
2012-05-31,16.876667022705078,16.876667022705078,16.51333236694336,16.739999771118164,14.315234184265137,1117200
2012-06-01,16.420000076293945,16.420000076293945,16.0,16.023332595825195,13.702374458312988,1232100
2012-06-04,16.049999237060547,16.219999313354492,15.81666660308838,15.99666690826416,13.679571151733398,1013100
2012-06-05,16.003332138061523,16.373332977294922,15.99666690826416,16.303333282470703,13.94180965423584,713100
2012-06-06,16.456666946411133,16.899999618530273,16.456666946411133,16.816667556762695,14.380794525146484,821700
2012-06-07,17.079999923706055,17.133333206176758,16.6299991607666,16.666667938232422,14.252521514892578,850800
2012-06-08,16.606666564941406,16.920000076293945,16.540000915527344,16.84000015258789,14.400741577148438,565500
2012-06-11,17.113332748413086,17.14666748046875,16.553333282470703,16.60333251953125,14.198360443115234,1065300
2012-06-12,16.649999618530273,16.946666717529297,16.606666564941406,16.899999618530273,14.45205307006836,573300
2012-06-13,16.913333892822266,17.00666618347168,16.703332901000977,16.766666412353516,14.338034629821776,805800
2012-06-14,16.770000457763672,16.799999237060547,16.543333053588867,16.729999542236328,14.306676864624023,386400
2012-06-15,16.729999542236328,17.010000228881836,16.729999542236328,16.99333381652832,14.531867027282717,427200
2012-06-18,16.886667251586914,17.329999923706055,16.886667251586914,17.229999542236328,14.734258651733398,635400
2012-06-19,17.356666564941406,17.479999542236328,17.253332138061523,17.416667938232422,14.927964210510254,478800
2012-06-20,17.43000030517578,17.643333435058594,17.386667251586914,17.56999969482422,15.059383392333984,628500
2012-06-21,17.516666412353516,17.516666412353516,16.84000015258789,16.85333251953125,14.445123672485352,855600
2012-06-22,16.979999542236328,17.149999618530273,16.933332443237305,17.09666633605957,14.653684616088867,617700
2012-06-25,16.953332901000977,16.953332901000977,16.50666618347168,16.543333053588867,14.17941951751709,649800
2012-06-26,16.56999969482422,16.683332443237305,16.420000076293945,16.606666564941406,14.233701705932615,316500
2012-06-27,16.6299991607666,16.863332748413086,16.616666793823242,16.81999969482422,14.41655445098877,492900
2012-06-28,16.72333335876465,16.773332595825195,16.48666763305664,16.713333129882812,14.325130462646484,584700
2012-06-29,17.113332748413086,17.440000534057617,17.09000015258789,17.440000534057617,14.947959899902344,1009800
2012-07-02,17.52666664123535,17.543333053588867,17.28333282470703,17.413333892822266,14.92510223388672,484800
2012-07-03,17.44333267211914,17.643333435058594,17.389999389648438,17.626667022705078,15.107950210571287,586800
2012-07-05,17.496667861938477,17.56999969482422,17.329999923706055,17.49333381652832,14.99366855621338,228900
2012-07-06,17.316667556762695,17.323333740234375,16.90333366394043,17.053333282470703,14.616541862487791,707100
2012-07-09,17.020000457763672,17.06999969482422,16.773332595825195,16.82666778564453,14.42226505279541,2310000
2012-07-10,16.713333129882812,16.92333221435547,16.363332748413086,16.479999542236328,14.125134468078612,1207500
2012-07-11,16.496667861938477,16.553333282470703,16.21666717529297,16.296667098999023,13.968000411987305,594900
2012-07-12,16.163333892822266,16.163333892822266,15.893333435058594,16.040000915527344,13.74801254272461,803400
2012-07-13,16.09000015258789,16.22333335876465,16.053333282470703,16.15333366394043,13.845147132873535,632700
2012-07-16,16.113332748413086,16.113332748413086,15.890000343322754,16.003332138061523,13.716581344604492,567900
2012-07-17,16.083332061767578,16.083332061767578,15.673333168029783,15.936667442321776,13.659442901611328,979500
2012-07-18,15.893333435058594,16.579999923706055,15.850000381469728,16.479999542236328,14.125134468078612,1985400
2012-07-19,16.709999084472656,16.953332901000977,16.706666946411133,16.809999465942383,14.407984733581545,1440900
2012-07-20,16.793333053588867,16.850000381469727,16.530000686645508,16.530000686645508,14.16798973083496,1425300
2012-07-23,16.21666717529297,16.463333129882812,16.0,16.393333435058594,14.050858497619627,1775100
2012-07-24,16.476667404174805,16.476667404174805,16.156667709350586,16.316667556762695,13.985143661499023,712200
2012-07-25,16.446666717529297,16.843332290649414,16.446666717529297,16.643333435058594,14.265131950378418,1102500
2012-07-26,16.96666717529297,17.136667251586914,16.843332290649414,17.010000228881836,14.5794038772583,1387800
2012-07-27,17.05666732788086,17.46666717529297,17.020000457763672,17.426666259765625,14.936534881591797,1870200
2012-07-30,17.389999389648438,17.53333282470703,17.163333892822266,17.270000457763672,14.802255630493164,679800
2012-07-31,17.333332061767578,17.593332290649414,17.329999923706055,17.39666748046875,14.910820960998535,1239000
2012-08-01,17.48666763305664,17.553333282470703,17.27666664123535,17.393333435058594,14.907960891723633,1046700
2012-08-02,17.206666946411133,17.56999969482422,17.14666748046875,17.290000915527344,14.819398880004885,656700
2012-08-03,17.553333282470703,17.780000686645508,17.46666717529297,17.676666259765625,15.150806427001951,811800
2012-08-06,17.71666717529297,17.876667022705078,17.71666717529297,17.73666763305664,15.20223617553711,288300
2012-08-07,17.8799991607666,18.28333282470703,17.876667022705078,18.14666748046875,15.55364990234375,1024500
2012-08-08,18.07666778564453,18.23666763305664,18.043333053588867,18.190000534057617,15.590797424316406,1240800
2012-08-09,18.203332901000977,18.36000061035156,18.170000076293945,18.33333206176757,15.713638305664062,899400
2012-08-10,18.26333236694336,18.426666259765625,18.26333236694336,18.426666259765625,15.7936429977417,636900
2012-08-13,18.38333320617676,18.38333320617676,18.07999992370605,18.26666641235352,15.656505584716797,383400
2012-08-14,18.406667709350582,18.40999984741211,18.049999237060547,18.12666702270508,15.536502838134766,1321500
2012-08-15,18.06333351135254,18.31333351135254,18.01333236694336,18.229999542236328,15.62507438659668,418800
2012-08-16,18.21666717529297,18.553333282470703,18.21666717529297,18.51666641235352,15.870779991149902,758700
2012-08-17,18.503332138061523,18.503332138061523,18.32666778564453,18.38333320617676,15.75650119781494,238200
2012-08-20,18.33333206176757,18.33333206176757,18.13666725158692,18.26000022888184,15.650789260864258,1309200
2012-08-21,18.31666755676269,18.51000022888184,18.206666946411133,18.270000457763672,15.659358978271484,556200
2012-08-22,18.25,18.25,18.02666664123535,18.13666725158692,15.545085906982422,1071600
2012-08-23,18.06666755676269,18.10333251953125,17.92333221435547,18.03333282470703,15.456506729125977,320100
2012-08-24,18.049999237060547,18.176666259765625,17.913333892822266,18.12333297729492,15.533653259277344,307500
2012-08-27,18.176666259765625,18.206666946411133,17.98666763305664,18.053333282470703,15.473652839660645,390300
2012-08-28,18.030000686645508,18.12666702270508,17.969999313354492,18.02666664123535,15.450791358947754,381000
2012-08-29,18.03333282470703,18.12333297729492,17.916667938232422,18.046667098999023,15.467937469482422,483300
2012-08-30,17.93000030517578,17.959999084472656,17.739999771118164,17.770000457763672,15.230802536010742,670200
2012-08-31,17.916667938232422,18.07333374023437,17.753332138061523,17.983333587646484,15.413652420043944,691500
2012-09-04,18.01333236694336,18.01333236694336,17.656667709350586,17.843332290649414,15.29366397857666,320400
2012-09-05,17.836666107177734,17.94333267211914,17.68666648864746,17.746667861938477,15.210811614990234,226500
2012-09-06,17.883333206176758,18.37666702270508,17.873332977294922,18.286666870117188,15.67363739013672,1041300
2012-09-07,18.253332138061523,18.26666641235352,18.12666702270508,18.23666763305664,15.630786895751951,1990500
2012-09-10,18.1200008392334,18.176666259765625,17.899999618530273,17.920000076293945,15.359368324279783,711000
2012-09-11,17.956666946411133,18.106666564941406,17.906667709350586,18.036666870117188,15.459369659423828,377700
2012-09-12,18.106666564941406,18.196666717529297,17.989999771118164,18.07666778564453,15.493647575378418,381300
2012-09-13,18.046667098999023,18.30666732788086,17.90999984741211,18.23666763305664,15.630786895751951,1678500
2012-09-14,18.36000061035156,18.666667938232425,18.33333206176757,18.476667404174805,15.836495399475098,512100
2012-09-17,18.406667709350582,18.440000534057617,18.21666717529297,18.286666870117188,15.67363739013672,323700
2012-09-18,18.22333335876465,18.270000457763672,18.166667938232425,18.209999084472656,15.607934951782228,513000
2012-09-19,18.1299991607666,18.21666717529297,18.08333206176757,18.100000381469727,15.51365566253662,589500
2012-09-20,18.003332138061523,18.036666870117188,17.833332061767578,17.92333221435547,15.362234115600586,1042800
2012-09-21,18.059999465942383,18.13333320617676,17.94333267211914,17.94333267211914,15.379366874694824,210300
2012-09-24,17.799999237060547,17.816667556762695,17.610000610351562,17.68666648864746,15.15937614440918,675600
2012-09-25,17.709999084472656,17.713333129882812,17.15333366394043,17.170000076293945,14.78200912475586,732300
2012-09-26,17.023332595825195,17.079999923706055,16.81999969482422,17.046667098999023,14.675827980041504,1372800
2012-09-27,17.18666648864746,17.469999313354492,17.066667556762695,17.433332443237305,15.008723258972168,854100
2012-09-28,17.336666107177734,17.40999984741211,17.260000228881836,17.293333053588867,14.888187408447266,350700
2012-10-01,17.389999389648438,17.46666717529297,17.183332443237305,17.226667404174805,14.830796241760254,254400
2012-10-02,17.316667556762695,17.336666107177734,17.203332901000977,17.309999465942383,14.902543067932127,429000
2012-10-03,17.34666633605957,17.356666564941406,17.190000534057617,17.25666618347168,14.856621742248535,568500
2012-10-04,17.299999237060547,17.366666793823242,17.166667938232422,17.34666633605957,14.93410873413086,440100
2012-10-05,17.40999984741211,17.616666793823242,17.296667098999023,17.32666778564453,14.916888236999512,750900
2012-10-08,17.206666946411133,17.253332138061523,17.09666633605957,17.136667251586914,14.753313064575195,803400
2012-10-09,17.1299991607666,17.133333206176758,16.823333740234375,16.873332977294922,14.526601791381836,819300
2012-10-10,16.8700008392334,16.8700008392334,16.623332977294922,16.639999389648438,14.325721740722656,781800
2012-10-11,16.836666107177734,16.836666107177734,16.67333221435547,16.690000534057617,14.368770599365234,514500
2012-10-12,16.676666259765625,16.733333587646484,16.573333740234375,16.593332290649414,14.285545349121094,758100
2012-10-15,16.656667709350586,16.856666564941406,16.656667709350586,16.816667556762695,14.477819442749023,577500
2012-10-16,16.863332748413086,17.213333129882812,16.863332748413086,17.200000762939453,14.80784034729004,622500
2012-10-17,17.043333053588867,17.260000228881836,17.01333236694336,17.166667938232422,14.779139518737791,432300
2012-10-18,17.066667556762695,17.14666748046875,16.92333221435547,17.0,14.635652542114258,648600
2012-10-19,16.996667861938477,16.996667861938477,16.489999771118164,16.489999771118164,14.19658088684082,918000
2012-10-22,16.593332290649414,16.656667709350586,16.426666259765625,16.53333282470703,14.233887672424316,455400
2012-10-23,16.350000381469727,16.600000381469727,16.28333282470703,16.573333740234375,14.268324851989746,508800
2012-10-24,16.753332138061523,16.753332138061523,16.293333053588867,16.30666732788086,14.038750648498535,663300
2012-10-25,16.49333381652832,16.55666732788086,16.356666564941406,16.546667098999023,14.24537181854248,387300
2012-10-26,16.543333053588867,16.700000762939453,16.496667861938477,16.600000381469727,14.291290283203123,399300
2012-10-31,16.600000381469727,16.746667861938477,16.543333053588867,16.6299991607666,14.317111015319824,785400
2012-11-01,16.643333435058594,17.18666648864746,16.6299991607666,17.15333366394043,14.767662048339844,949200
2012-11-02,17.15333366394043,17.206666946411133,16.833332061767578,16.833332061767578,14.492162704467772,707700
2012-11-05,16.836666107177734,17.183332443237305,16.796667098999023,17.126667022705078,14.744702339172363,278700
2012-11-06,17.166667938232422,17.416667938232422,17.136667251586914,17.383333206176758,14.965676307678224,663300
2012-11-07,17.149999618530273,17.196666717529297,16.833332061767578,16.913333892822266,14.561041831970217,1223100
2012-11-08,17.003332138061523,17.010000228881836,16.719999313354492,16.719999313354492,14.394596099853516,653100
2012-11-09,16.68666648864746,16.953332901000977,16.676666259765625,16.739999771118164,14.411815643310549,426900
2012-11-12,16.823333740234375,16.860000610351562,16.649999618530273,16.75,14.42042064666748,517800
2012-11-13,16.64666748046875,16.770000457763672,16.60333251953125,16.623332977294922,14.311371803283691,417000
2012-11-14,16.733333587646484,16.786666870117188,16.323333740234375,16.35333251953125,14.078922271728516,809400
2012-11-15,16.40333366394043,16.43000030517578,16.10333251953125,16.149999618530273,13.903870582580566,899100
2012-11-16,16.200000762939453,16.24333381652832,15.859999656677246,16.15333366394043,13.906739234924316,760500
2012-11-19,16.383333206176758,16.479999542236328,16.286666870117188,16.479999542236328,14.187973022460938,401700
2012-11-20,16.40333366394043,16.44333267211914,16.253332138061523,16.406667709350586,14.124844551086426,966900
2012-11-21,16.43000030517578,16.479999542236328,16.3799991607666,16.46666717529297,14.176496505737305,398400
2012-11-23,16.583332061767578,16.833332061767578,16.523332595825195,16.739999771118164,14.411815643310549,301800
2012-11-26,16.72333335876465,16.85333251953125,16.68666648864746,16.809999465942383,14.472081184387209,231900
2012-11-27,16.833332061767578,16.933332443237305,16.753332138061523,16.773332595825195,14.440506935119627,381000
2012-11-28,16.690000534057617,16.976667404174805,16.530000686645508,16.950000762939453,14.592605590820312,463800
2012-11-29,17.020000457763672,17.083332061767578,16.899999618530273,17.0,14.635652542114258,584400
2012-11-30,17.023332595825195,17.073333740234375,16.933332443237305,16.976667404174805,14.615562438964844,308400
2012-12-03,17.09666633605957,17.126667022705078,16.886667251586914,16.89666748046875,14.54669189453125,425400
2012-12-04,16.889999389648438,17.059999465942383,16.836666107177734,17.0,14.635652542114258,679800
2012-12-05,17.059999465942383,17.06333351135254,16.8700008392334,17.003332138061523,14.638521194458008,235500
2012-12-06,16.97333335876465,17.190000534057617,16.97333335876465,17.170000076293945,14.78200912475586,677400
2012-12-07,17.239999771118164,17.253332138061523,17.09666633605957,17.206666946411133,14.813580513000488,321300
2012-12-10,17.203332901000977,17.363332748413086,17.203332901000977,17.31999969482422,14.911147117614746,436200
2012-12-11,17.416667938232422,17.700000762939453,17.386667251586914,17.649999618530273,15.19525146484375,791400
2012-12-12,17.69333267211914,17.73666763305664,17.55666732788086,17.583332061767578,15.13785457611084,1001100
2012-12-13,17.546667098999023,17.72333335876465,17.363332748413086,17.416667938232422,14.994373321533203,304200
2012-12-14,17.39666748046875,17.43666648864746,17.22333335876465,17.28333282470703,14.8795804977417,441600
2012-12-17,17.316667556762695,17.446666717529297,17.226667404174805,17.356666564941406,14.942713737487791,705000
2012-12-18,17.43000030517578,17.69333267211914,17.3700008392334,17.683332443237305,15.223953247070312,992400
2012-12-19,17.60333251953125,17.78333282470703,17.60333251953125,17.643333435058594,15.243534088134766,1379400
2012-12-20,17.649999618530273,17.65333366394043,17.476667404174805,17.610000610351562,15.214733123779297,543600
2012-12-21,17.25,17.456666946411133,17.093332290649414,17.446666717529297,15.073615074157717,459000
2012-12-24,17.420000076293945,17.446666717529297,17.309999465942383,17.366666793823242,15.004498481750488,238500
2012-12-26,17.426666259765625,17.530000686645508,17.229999542236328,17.253332138061523,14.90657901763916,250200
2012-12-27,17.23666763305664,17.24333381652832,16.969999313354492,17.163333892822266,14.82882595062256,485700
2012-12-28,17.05666732788086,17.226667404174805,17.040000915527344,17.053333282470703,14.73378086090088,395700
2012-12-31,17.053333282470703,17.389999389648438,17.016666412353516,17.34666633605957,14.987220764160156,470100
2013-01-02,17.780000686645508,18.10333251953125,17.773332595825195,18.10333251953125,15.640954971313477,2020500
2013-01-03,18.08666610717773,18.12333297729492,17.920000076293945,17.979999542236328,15.53440284729004,502800
2013-01-04,18.020000457763672,18.023332595825195,17.8700008392334,17.969999313354492,15.525772094726562,403800
2013-01-07,17.920000076293945,17.979999542236328,17.793333053588867,17.906667709350586,15.471051216125488,642300
2013-01-08,17.883333206176758,17.92333221435547,17.683332443237305,17.700000762939453,15.292490005493164,913800
2013-01-09,17.793333053588867,17.883333206176758,17.760000228881836,17.8700008392334,15.439369201660156,256500
2013-01-10,18.07333374023437,18.15333366394043,17.98666763305664,18.1299991607666,15.664006233215332,572100
2013-01-11,18.100000381469727,18.239999771118164,18.100000381469727,18.21666717529297,15.738883018493652,577800
2013-01-14,18.13333320617676,18.229999542236328,18.040000915527344,18.18666648864746,15.71296215057373,838800
2013-01-15,18.1299991607666,18.1299991607666,18.003332138061523,18.08666610717773,15.626561164855955,436800
2013-01-16,18.059999465942383,18.33666610717773,18.059999465942383,18.303333282470703,15.813762664794922,797400
2013-01-17,18.42333221435547,18.68666648864746,18.3700008392334,18.64999961853028,16.113277435302734,1734900
2013-01-18,18.549999237060547,18.63333320617676,18.48666763305664,18.56999969482422,16.044158935546875,974100
2013-01-22,18.57999992370605,18.57999992370605,18.413333892822266,18.50666618347168,15.989439010620115,456000
2013-01-23,18.600000381469727,18.733333587646484,18.543333053588867,18.71333312988281,16.16799545288086,853500
2013-01-24,18.46333312988281,18.709999084472656,18.413333892822266,18.536666870117188,16.015352249145508,597300
2013-01-25,18.666667938232425,18.86666679382324,18.64999961853028,18.773332595825195,16.21983528137207,835500
2013-01-28,18.786666870117188,18.88666725158692,18.76333236694336,18.81999969482422,16.26015853881836,534000
2013-01-29,18.790000915527344,18.790000915527344,18.63999938964844,18.700000762939453,16.15647315979004,616800
2013-01-30,18.676666259765625,18.83333206176757,18.663333892822266,18.71999931335449,16.173755645751953,469800
2013-01-31,18.75666618347168,18.83333206176757,18.63999938964844,18.67333221435547,16.133434295654297,565800
2013-02-01,18.76666641235352,19.046667098999023,18.76000022888184,19.036666870117188,16.447343826293945,762000
2013-02-04,18.8933334350586,19.07333374023437,18.739999771118164,18.74333381652832,16.193910598754883,1051800
2013-02-05,18.84666633605957,19.08333206176757,18.83333206176757,19.036666870117188,16.447343826293945,485400
2013-02-06,18.920000076293945,19.10333251953125,18.920000076293945,19.08333206176757,16.487667083740234,402600
2013-02-07,19.06333351135254,19.09666633605957,18.81999969482422,18.979999542236328,16.398391723632812,558300
2013-02-08,19.023332595825195,19.25,19.023332595825195,19.21333312988281,16.5999755859375,744900
2013-02-11,19.24666786193848,19.30666732788086,19.156667709350582,19.26000022888184,16.64030647277832,437700
2013-02-12,19.233333587646484,19.32666778564453,19.206666946411133,19.293333053588867,16.66910171508789,989400
2013-02-13,19.33333206176757,19.43000030517578,19.24666786193848,19.33333206176757,16.70366859436035,368700
2013-02-14,19.270000457763672,19.543333053588867,19.25,19.53333282470703,16.87645721435547,556200
2013-02-15,19.540000915527344,19.58666610717773,19.34333229064941,19.426666259765625,16.784303665161133,232500
2013-02-19,19.446666717529297,19.663333892822266,19.440000534057617,19.64999961853028,16.977258682250977,530400
2013-02-20,19.666667938232425,19.67333221435547,19.21666717529297,19.229999542236328,16.6143856048584,914700
2013-02-21,19.17333221435547,19.17333221435547,18.73666763305664,18.8700008392334,16.303346633911133,527700
2013-02-22,19.046667098999023,19.27666664123535,18.99333381652832,19.26666641235352,16.64606285095215,624000
2013-02-25,19.3700008392334,19.43666648864746,18.89666748046875,18.89999961853028,16.329273223876953,836100
2013-02-26,19.01666641235352,19.07333374023437,18.87333297729492,19.02666664123535,16.438711166381836,403500
2013-02-27,19.13999938964844,19.433332443237305,19.036666870117188,19.34000015258789,16.709423065185547,688500
2013-02-28,19.35333251953125,19.49333381652832,19.309999465942383,19.35333251953125,16.72093391418457,536100
2013-03-01,19.21999931335449,19.34000015258789,19.020000457763672,19.273332595825195,16.651826858520508,521400
2013-03-04,19.21666717529297,19.25666618347168,19.08333206176757,19.21999931335449,16.60573959350586,468000
2013-03-05,19.37666702270508,19.6433334350586,19.37666702270508,19.59666633605957,16.931184768676758,457800
2013-03-06,19.65999984741211,19.733333587646484,19.57333374023437,19.6200008392334,16.951339721679688,528000
2013-03-07,19.666667938232425,19.803333282470703,19.64999961853028,19.709999084472656,17.029098510742188,411300
2013-03-08,19.78333282470703,19.82666778564453,19.56666755676269,19.73666763305664,17.052133560180664,555000
2013-03-11,19.71999931335449,19.78333282470703,19.56999969482422,19.75666618347168,17.069419860839844,528900
2013-03-12,19.733333587646484,19.86000061035156,19.683332443237305,19.84000015258789,17.141416549682617,1022700
2013-03-13,19.84333229064941,19.959999084472656,19.733333587646484,19.89999961853028,17.193256378173828,722400
2013-03-14,20.023332595825195,20.100000381469727,19.976667404174805,20.003332138061523,17.28252601623535,601200
2013-03-15,20.020000457763672,20.020000457763672,19.62666702270508,19.676666259765625,17.000289916992188,742800
2013-03-18,19.47333335876465,19.59666633605957,19.32999992370605,19.426666259765625,16.784303665161133,379200
2013-03-19,19.50666618347168,19.543333053588867,19.176666259765625,19.34666633605957,16.715179443359375,1109400
2013-03-20,19.456666946411133,19.61333274841309,19.433332443237305,19.60333251953125,16.936941146850586,973500
2013-03-21,19.48666763305664,19.489999771118164,19.26333236694336,19.286666870117188,16.663345336914062,1679100
2013-03-22,19.44333267211914,19.58333206176757,19.3799991607666,19.5,16.847665786743164,282300
2013-03-25,19.5,19.56999969482422,19.286666870117188,19.413333892822266,16.83003807067871,426900
2013-03-26,19.51333236694336,19.57999992370605,19.426666259765625,19.56333351135254,16.960071563720703,154800
2013-03-27,19.46333312988281,19.6299991607666,19.34333229064941,19.60333251953125,16.994747161865234,264300
2013-03-28,19.57666778564453,19.753332138061523,19.523332595825195,19.73666763305664,17.110332489013672,405000
2013-04-01,19.78333282470703,19.78333282470703,19.28333282470703,19.33333206176757,16.760679244995117,281700
2013-04-02,19.44333267211914,19.44333267211914,19.09000015258789,19.163333892822266,16.61330223083496,392100
2013-04-03,19.166667938232425,19.21666717529297,18.71333312988281,18.77666664123535,16.278091430664062,1171200
2013-04-04,18.790000915527344,19.030000686645508,18.690000534057617,19.023332595825195,16.49193000793457,350400
2013-04-05,18.683332443237305,18.950000762939453,18.57999992370605,18.92333221435547,16.40523910522461,570600
2013-04-08,18.953332901000977,19.156667709350582,18.773332595825195,19.15333366394043,16.604631423950195,303000
2013-04-09,19.09333229064941,19.47333335876465,19.059999465942383,19.33666610717773,16.763565063476562,197700
2013-04-10,19.38666725158692,19.77666664123535,19.38666725158692,19.770000457763672,17.139240264892578,531300
2013-04-11,19.63999938964844,19.803333282470703,19.56333351135254,19.676666259765625,17.05832290649414,382200
2013-04-12,19.543333053588867,19.62666702270508,19.37333297729492,19.59666633605957,16.98896598815918,226500
2013-04-15,19.416667938232425,19.51666641235352,19.09333229064941,19.1200008392334,16.575735092163086,498600
2013-04-16,19.273332595825195,19.52666664123535,19.209999084472656,19.51333236694336,16.91672706604004,211500
2013-04-17,19.27666664123535,19.27666664123535,18.786666870117188,18.86000061035156,16.35032844543457,599400
2013-04-18,19.06999969482422,19.18000030517578,18.6433334350586,18.700000762939453,16.211624145507812,1368300
2013-04-19,18.706666946411133,18.8933334350586,18.549999237060547,18.84000015258789,16.332992553710938,564900
2013-04-22,18.96333312988281,19.106666564941406,18.656667709350582,19.043333053588867,16.50926971435547,298500
2013-04-23,19.206666946411133,19.476667404174805,19.17333221435547,19.43666648864746,16.85025978088379,365100
2013-04-24,19.42333221435547,19.74333381652832,19.38333320617676,19.68666648864746,17.06698226928711,685800
2013-04-25,19.799999237060547,19.99666786193848,19.74666786193848,19.8799991607666,17.234596252441406,503100
2013-04-26,19.770000457763672,19.770000457763672,19.6200008392334,19.68666648864746,17.06698226928711,1923300
2013-04-29,19.726667404174805,19.976667404174805,19.696666717529297,19.93000030517578,17.277944564819336,397500
2013-04-30,19.959999084472656,20.09333229064941,19.82333374023437,20.08333206176757,17.410877227783203,1945800
2013-05-01,20.07999992370605,20.11000061035156,19.90333366394043,19.926666259765625,17.275056838989258,608700
2013-05-02,20.08666610717773,20.229999542236328,19.94333267211914,20.190000534057617,17.50335121154785,827700
2013-05-03,20.3933334350586,20.523332595825195,20.34666633605957,20.34666633605957,17.63916778564453,1022400
2013-05-06,20.489999771118164,20.61333274841309,20.42333221435547,20.50666618347168,17.77787208557129,738000
2013-05-07,20.61333274841309,20.61333274841309,20.416667938232425,20.523332595825195,17.79232406616211,638700
2013-05-08,20.543333053588867,20.803333282470703,20.543333053588867,20.74333381652832,17.983057022094727,747300
2013-05-09,20.770000457763672,20.989999771118164,20.709999084472656,20.89666748046875,18.115982055664062,957000
2013-05-10,20.920000076293945,21.09333229064941,20.916667938232425,21.07999992370605,18.27491569519043,349200
2013-05-13,20.983333587646484,21.053333282470703,20.850000381469727,20.87666702270508,18.0986385345459,507000
2013-05-14,20.940000534057617,21.01000022888184,20.84666633605957,20.97333335876465,18.182449340820312,153600
2013-05-15,20.96333312988281,21.25,20.96333312988281,21.176666259765625,18.35872459411621,151800
2013-05-16,21.209999084472656,21.28333282470703,21.01000022888184,21.02666664123535,18.228683471679688,318000
2013-05-17,21.13333320617676,21.31333351135254,21.09333229064941,21.296667098999023,18.462757110595703,195000
2013-05-20,21.303333282470703,21.37333297729492,21.21666717529297,21.25666618347168,18.428068161010746,962400
2013-05-21,21.273332595825195,21.31999969482422,21.21666717529297,21.253332138061523,18.425188064575195,886200
2013-05-22,21.32999992370605,21.46666717529297,20.81999969482422,20.916667938232425,18.133319854736328,1495500
2013-05-23,20.61666679382324,20.946666717529297,20.55666732788086,20.920000076293945,18.136201858520508,1573500
2013-05-24,20.86333274841309,20.913333892822266,20.706666946411133,20.913333892822266,18.13043212890625,746700
2013-05-28,21.13999938964844,21.26666641235352,21.053333282470703,21.10333251953125,18.295154571533203,457200
2013-05-29,20.99333381652832,21.25,20.96999931335449,21.183332443237305,18.36449813842773,215400
2013-05-30,21.28333282470703,21.59000015258789,21.253332138061523,21.51000022888184,18.64769554138184,1004700
2013-05-31,21.40999984741211,21.553333282470703,21.226667404174805,21.226667404174805,18.402070999145508,1761300
2013-06-03,21.32666778564453,21.489999771118164,21.06666755676269,21.303333282470703,18.46853256225586,531300
2013-06-04,21.3933334350586,21.62333297729492,21.32999992370605,21.39999961853028,18.552324295043945,562500
2013-06-05,21.34000015258789,21.36666679382324,21.059999465942383,21.07333374023437,18.269136428833008,349800
2013-06-06,21.09333229064941,21.22333335876465,20.86000061035156,21.043333053588867,18.24312973022461,230400
2013-06-07,21.163333892822266,21.38333320617676,21.03333282470703,21.356666564941406,18.514768600463867,298800
2013-06-10,21.39999961853028,21.51666641235352,21.31333351135254,21.48666763305664,18.627466201782227,129300
2013-06-11,21.30666732788086,21.31999969482422,20.989999771118164,21.003332138061523,18.208452224731445,1291500
2013-06-12,21.196666717529297,21.239999771118164,20.739999771118164,20.76000022888184,17.99750518798828,351300
2013-06-13,20.753332138061523,21.21333312988281,20.706666946411133,21.183332443237305,18.36449813842773,386400
2013-06-14,21.233333587646484,21.290000915527344,21.06333351135254,21.09666633605957,18.28936767578125,168000
2013-06-17,21.35333251953125,21.540000915527344,21.303333282470703,21.40333366394043,18.55522918701172,243900
2013-06-18,21.5,21.773332595825195,21.5,21.75666618347168,18.86153793334961,670500
2013-06-19,21.77666664123535,21.850000381469727,21.49333381652832,21.5,18.639036178588867,2561700
2013-06-20,21.229999542236328,21.239999771118164,20.78333282470703,20.81999969482422,18.04951477050781,386400
2013-06-21,21.040000915527344,21.040000915527344,20.64666748046875,20.90999984741211,18.127540588378903,307500
2013-06-24,20.76000022888184,20.76000022888184,20.309999465942383,20.46333312988281,17.740306854248047,693300
2013-06-25,20.71999931335449,21.01000022888184,20.6433334350586,20.96333312988281,18.17377662658692,312900
2013-06-26,21.196666717529297,21.226667404174805,20.90333366394043,21.02666664123535,18.2667293548584,250500
2013-06-27,21.183332443237305,21.27666664123535,21.100000381469727,21.100000381469727,18.330442428588867,1718700
2013-06-28,21.12666702270508,21.309999465942383,20.940000534057617,21.17333221435547,18.39414405822754,600600
2013-07-01,21.273332595825195,21.38333320617676,21.13666725158692,21.14666748046875,18.370981216430664,331800
2013-07-02,21.12666702270508,21.38666725158692,21.040000915527344,21.176666259765625,18.39704132080078,1409100
2013-07-03,21.106666564941406,21.36666679382324,21.106666564941406,21.273332595825195,18.48102188110352,212700
2013-07-05,21.459999084472656,21.57333374023437,21.31999969482422,21.549999237060547,18.72137260437012,358800
2013-07-08,21.63333320617676,21.6433334350586,21.059999465942383,21.1200008392334,18.34781646728516,1793100
2013-07-09,21.32666778564453,21.39666748046875,21.26333236694336,21.34666633605957,18.544727325439453,232500
2013-07-10,21.33333206176757,21.61000061035156,21.32999992370605,21.56666755676269,18.73586082458496,324900
2013-07-11,21.916667938232425,22.053333282470703,21.809999465942383,22.036666870117188,19.14415740966797,431400
2013-07-12,22.106666564941406,22.200000762939453,22.059999465942383,22.156667709350582,19.248411178588867,310500
2013-07-15,22.209999084472656,22.209999084472656,22.1200008392334,22.156667709350582,19.248411178588867,977400
2013-07-16,22.190000534057617,22.32333374023437,22.1433334350586,22.24333381652832,19.323699951171875,156900
2013-07-17,22.24333381652832,22.33666610717773,22.190000534057617,22.25,19.32948875427246,314700
2013-07-18,22.166667938232425,22.253332138061523,21.99333381652832,22.06333351135254,19.16732788085937,385500
2013-07-19,21.96666717529297,22.01666641235352,21.83666610717773,22.00666618347168,19.118093490600582,226500
2013-07-22,22.043333053588867,22.043333053588867,21.88666725158692,21.96333312988281,19.080455780029297,273600
2013-07-23,22.049999237060547,22.190000534057617,21.856666564941406,21.89999961853028,19.025428771972656,1033500
2013-07-24,21.96333312988281,21.989999771118164,21.46666717529297,21.489999771118164,18.66924095153809,880500
2013-07-25,21.483333587646484,21.6200008392334,21.356666564941406,21.600000381469727,18.764812469482425,1026000
2013-07-26,21.440000534057617,21.440000534057617,21.31666755676269,21.43000030517578,18.61712074279785,281100
2013-07-29,21.356666564941406,21.46333312988281,21.25,21.293333053588867,18.498395919799805,198600
2013-07-30,21.36000061035156,21.59666633605957,21.36000061035156,21.549999237060547,18.72137260437012,138600
2013-07-31,21.559999465942383,21.773332595825195,21.559999465942383,21.656667709350582,18.81403923034668,538800
2013-08-01,21.86333274841309,22.046667098999023,21.82333374023437,22.03333282470703,19.14126777648925,181500
2013-08-02,21.979999542236328,21.979999542236328,21.770000457763672,21.913333892822266,19.03702163696289,89700
2013-08-05,21.83666610717773,21.89666748046875,21.80666732788086,21.86666679382324,18.99647521972656,94200
2013-08-06,21.803333282470703,21.803333282470703,21.63333320617676,21.733333587646484,18.88064193725586,783600
2013-08-07,21.666667938232425,21.666667938232425,21.40999984741211,21.49666786193848,18.67504501342773,372000
2013-08-08,21.59333229064941,21.6200008392334,21.38999938964844,21.50666618347168,18.68372344970703,171900
2013-08-09,21.46666717529297,21.50666618347168,21.36666679382324,21.39666748046875,18.588171005249023,103200
2013-08-12,21.32333374023437,21.543333053588867,21.273332595825195,21.476667404174805,18.65767288208008,137400
2013-08-13,21.61666679382324,21.76000022888184,21.40999984741211,21.729999542236328,18.87775039672852,231600
2013-08-14,21.546667098999023,21.59000015258789,21.37333297729492,21.39999961853028,18.591062545776367,245700
2013-08-15,21.12333297729492,21.176666259765625,20.90333366394043,20.916667938232425,18.17117500305176,300000
2013-08-16,20.953332901000977,21.170000076293945,20.86666679382324,20.989999771118164,18.23488044738769,135000
2013-08-19,20.94333267211914,21.046667098999023,20.82999992370605,20.84000015258789,18.104564666748047,607800
2013-08-20,20.850000381469727,21.043333053588867,20.850000381469727,20.98666763305664,18.23198509216309,125100
2013-08-21,20.89666748046875,20.99666786193848,20.81666755676269,20.82666778564453,18.092988967895508,218100
2013-08-22,20.8933334350586,21.100000381469727,20.8933334350586,21.05666732788086,18.292797088623047,276300
2013-08-23,21.09000015258789,21.15999984741211,20.959999084472656,21.05666732788086,18.292797088623047,170700
2013-08-26,21.049999237060547,21.14999961853028,21.01000022888184,21.01666641235352,18.258045196533203,111900
2013-08-27,20.81666755676269,20.81666755676269,20.456666946411133,20.5,17.809202194213867,624000
2013-08-28,20.55666732788086,20.83333206176757,20.55666732788086,20.76666641235352,18.04085350036621,132900
2013-08-29,20.786666870117188,21.023332595825195,20.75666618347168,20.983333587646484,18.22908592224121,319500
2013-08-30,20.99333381652832,20.99333381652832,20.733333587646484,20.803333282470703,18.072715759277344,256800
2013-09-03,21.053333282470703,21.24333381652832,20.88333320617676,20.976667404174805,18.223295211791992,878100
2013-09-04,21.106666564941406,21.553333282470703,21.06999969482422,21.50666618347168,18.68372344970703,1049700
2013-09-05,21.57333374023437,21.71333312988281,21.57333374023437,21.670000076293945,18.825618743896484,165300
2013-09-06,21.733333587646484,21.74666786193848,21.416667938232425,21.56999969482422,18.73874855041504,282000
2013-09-09,21.62666702270508,21.920000076293945,21.62666702270508,21.856666564941406,18.987775802612305,277500
2013-09-10,21.976667404174805,22.290000915527344,21.976667404174805,22.28333282470703,19.358442306518555,156900
2013-09-11,22.176666259765625,22.27666664123535,22.02666664123535,22.22333335876465,19.30632781982422,844200
2013-09-12,22.21666717529297,22.253332138061523,22.06333351135254,22.07666778564453,19.17890930175781,121200
2013-09-13,22.06666755676269,22.183332443237305,21.979999542236328,22.18000030517578,19.2686767578125,102300
2013-09-16,22.350000381469727,22.459999084472656,22.24333381652832,22.253332138061523,19.33238983154297,238500
2013-09-17,22.38999938964844,22.456666946411133,22.32999992370605,22.406667709350582,19.46559333801269,231300
2013-09-18,22.43666648864746,22.63999938964844,22.32333374023437,22.606666564941406,19.63934135437012,323700
2013-09-19,22.65999984741211,22.676666259765625,22.46666717529297,22.540000915527344,19.581430435180664,108900
2013-09-20,22.59333229064941,22.663333892822266,22.3933334350586,22.416667938232425,19.474285125732425,93000
2013-09-23,22.57333374023437,22.57333374023437,22.233333587646484,22.32333374023437,19.393205642700195,673500
2013-09-24,22.299999237060547,22.459999084472656,22.209999084472656,22.36333274841309,19.515661239624023,173100
2013-09-25,22.3799991607666,22.50666618347168,22.24666786193848,22.38666725158692,19.536027908325195,100500
2013-09-26,22.43666648864746,22.51333236694336,22.296667098999023,22.37333297729492,19.524391174316406,91200
2013-09-27,22.26333236694336,22.28333282470703,22.14666748046875,22.19333267211914,19.367307662963867,170100
2013-09-30,22.00666618347168,22.28333282470703,21.920000076293945,22.21666717529297,19.387678146362305,408600
2013-10-01,22.253332138061523,22.46999931335449,22.21333312988281,22.43000030517578,19.57384490966797,156000
2013-10-02,22.273332595825195,22.3933334350586,22.24333381652832,22.38999938964844,19.538936614990234,97500
2013-10-03,22.406667709350582,22.51000022888184,22.11666679382324,22.33333206176757,19.48948860168457,164400
2013-10-04,22.38666725158692,22.559999465942383,22.356666564941406,22.503332138061523,19.637836456298828,180000
2013-10-07,22.303333282470703,22.53333282470703,22.253332138061523,22.38999938964844,19.538936614990234,273300
2013-10-08,22.420000076293945,22.459999084472656,21.950000762939453,22.03333282470703,19.22768783569336,934800
2013-10-09,22.06666755676269,22.06666755676269,21.726667404174805,21.953332901000977,19.15787124633789,974100
2013-10-10,22.166667938232425,22.479999542236328,22.166667938232425,22.44333267211914,19.5854721069336,1054500
2013-10-11,22.34666633605957,22.55666732788086,22.28333282470703,22.48666763305664,19.62329292297364,198600
2013-10-14,22.35333251953125,22.69333267211914,22.33333206176757,22.663333892822266,19.777463912963867,279000
2013-10-15,22.63333320617676,22.706666946411133,22.440000534057617,22.459999084472656,19.600021362304688,278400
2013-10-16,22.49333381652832,22.696666717529297,22.48666763305664,22.67333221435547,19.78619384765625,349500
2013-10-17,22.530000686645508,22.84000015258789,22.453332901000977,22.84000015258789,19.9316349029541,116100
2013-10-18,22.86333274841309,22.916667938232425,22.71333312988281,22.90333366394043,19.986900329589844,198900
2013-10-21,22.93000030517578,22.98666763305664,22.88333320617676,22.959999084472656,20.03635025024414,189300
2013-10-22,23.0,23.003332138061523,22.799999237060547,22.906667709350582,19.98981285095215,215700
2013-10-23,22.553333282470703,22.559999465942383,22.049999237060547,22.14999961853028,19.32948875427246,336900
2013-10-24,22.34666633605957,22.440000534057617,22.293333053588867,22.34666633605957,19.50111961364746,252600
2013-10-25,22.426666259765625,22.459999084472656,22.35333251953125,22.416667938232425,19.56220436096192,1077000
2013-10-28,22.46999931335449,22.600000381469727,22.413333892822266,22.56999969482422,19.69601249694824,116100
2013-10-29,22.63999938964844,22.933332443237305,22.63999938964844,22.933332443237305,20.01307678222656,831000
2013-10-30,22.94333267211914,22.97333335876465,22.73666763305664,22.80666732788086,19.902544021606445,108300
2013-10-31,22.84666633605957,23.07333374023437,22.84333229064941,22.956666946411133,20.03343391418457,416700
2013-11-01,23.020000457763672,23.043333053588867,22.77666664123535,22.856666564941406,19.946178436279297,209700
2013-11-04,22.916667938232425,22.916667938232425,22.803333282470703,22.84000015258789,19.9316349029541,232500
2013-11-05,22.69333267211914,22.86000061035156,22.59000015258789,22.786666870117188,19.885086059570312,441600
2013-11-06,22.88333320617676,22.933332443237305,22.73666763305664,22.83333206176757,19.925817489624023,156300
2013-11-07,22.850000381469727,22.850000381469727,22.39666748046875,22.43000030517578,19.57384490966797,244800
2013-11-08,22.456666946411133,22.68000030517578,22.42333221435547,22.67333221435547,19.78619384765625,181500
2013-11-11,22.739999771118164,22.739999771118164,22.56999969482422,22.67333221435547,19.78619384765625,42000
2013-11-12,22.57666778564453,22.81333351135254,22.57666778564453,22.81333351135254,19.90836334228516,362100
2013-11-13,22.683332443237305,23.01666641235352,22.68000030517578,22.99666786193848,20.06834602355957,174900
2013-11-14,22.946666717529297,22.976667404174805,22.856666564941406,22.89999961853028,19.98398780822754,110400
2013-11-15,22.950000762939453,23.08333206176757,22.82666778564453,23.046667098999023,20.11198234558105,105900
2013-11-18,23.08333206176757,23.08333206176757,22.799999237060547,22.84000015258789,19.9316349029541,201000
2013-11-19,22.87333297729492,22.88999938964844,22.559999465942383,22.57666778564453,19.701833724975582,162300
2013-11-20,22.58666610717773,22.63666725158692,22.43000030517578,22.456666946411133,19.59710693359375,178500
2013-11-21,22.53333282470703,22.8799991607666,22.53333282470703,22.86333274841309,19.95199584960937,124500
2013-11-22,22.82999992370605,22.90999984741211,22.76666641235352,22.8933334350586,19.978178024291992,81900
2013-11-25,22.89999961853028,22.906667709350582,22.700000762939453,22.86333274841309,19.95199584960937,74700
2013-11-26,22.8799991607666,23.09666633605957,22.8799991607666,23.05666732788086,20.12070846557617,166200
2013-11-27,22.983333587646484,23.14666748046875,22.916667938232425,23.1200008392334,20.175981521606445,1223400
2013-11-29,23.12666702270508,23.233333587646484,23.12333297729492,23.156667709350582,20.20798110961914,117600
2013-12-02,23.15333366394043,23.21999931335449,23.07333374023437,23.100000381469727,20.158519744873047,175200
2013-12-03,23.043333053588867,23.25666618347168,23.043333053588867,23.18000030517578,20.22834014892578,682500
2013-12-04,23.13333320617676,23.233333587646484,22.92333221435547,23.07333374023437,20.13525390625,844500
2013-12-05,23.09666633605957,23.226667404174805,23.08333206176757,23.1200008392334,20.175981521606445,149700
2013-12-06,23.36333274841309,23.44333267211914,23.350000381469727,23.38999938964844,20.411602020263672,279000
2013-12-09,23.49333381652832,23.540000915527344,23.416667938232425,23.44333267211914,20.458131790161133,190800
2013-12-10,23.426666259765625,23.48666763305664,23.34333229064941,23.3799991607666,20.402870178222656,130800
2013-12-11,23.39999961853028,23.43666648864746,23.13333320617676,23.176666259765625,20.22542953491211,322800
2013-12-12,23.166667938232425,23.190000534057617,22.940000534057617,22.98666763305664,20.05962562561035,168600
2013-12-13,23.059999465942383,23.06333351135254,22.8933334350586,22.940000534057617,20.018903732299805,137700
2013-12-16,23.21666717529297,23.36666679382324,23.09333229064941,23.22333335876465,20.266159057617188,281700
2013-12-17,23.24333381652832,23.523332595825195,23.24333381652832,23.46666717529297,20.47850227355957,166500
2013-12-18,23.479999542236328,23.65333366394043,23.12666702270508,23.59000015258789,20.586132049560547,381000
2013-12-19,23.600000381469727,23.600000381469727,23.39999961853028,23.49333381652832,20.50177574157715,192000
2013-12-20,23.51000022888184,23.753332138061523,23.51000022888184,23.703332901000977,20.685029983520508,908400
2013-12-23,23.71999931335449,23.82999992370605,23.696666717529297,23.803333282470703,20.83940696716309,435300
2013-12-24,23.83666610717773,23.940000534057617,23.83333206176757,23.856666564941406,20.8861026763916,77100
2013-12-26,23.956666946411133,24.0,23.906667709350582,23.950000762939453,20.96781539916992,252600
2013-12-27,23.96999931335449,24.03333282470703,23.959999084472656,23.96999931335449,20.985326766967773,1479600
2013-12-30,23.979999542236328,24.07666778564453,23.959999084472656,24.01000022888184,21.020341873168945,270900
2013-12-31,24.10333251953125,24.24333381652832,24.10333251953125,24.23666763305664,21.21878433227539,887100
2014-01-02,24.09000015258789,24.09000015258789,23.803333282470703,23.90333366394043,20.92694854736328,865800
2014-01-03,23.89999961853028,23.89999961853028,23.739999771118164,23.83333206176757,20.86566734313965,427800
2014-01-06,23.84000015258789,23.84000015258789,23.67333221435547,23.71666717529297,20.763532638549805,737400
2014-01-07,23.76333236694336,23.916667938232425,23.733333587646484,23.8799991607666,20.90652656555176,394800
2014-01-08,24.06666755676269,24.26000022888184,24.0,24.23666763305664,21.21878433227539,342600
2014-01-09,24.290000915527344,24.290000915527344,23.96666717529297,24.05666732788086,21.06119728088379,213300
2014-01-10,24.07333374023437,24.203332901000977,24.049999237060547,24.166667938232425,21.15749931335449,156000
2014-01-13,24.12666702270508,24.203332901000977,23.81666755676269,23.8933334350586,20.918197631835938,543000
2014-01-14,23.953332901000977,24.453332901000977,23.953332901000977,24.406667709350582,21.367616653442383,383100
2014-01-15,24.540000915527344,24.706666946411133,24.503332138061523,24.62333297729492,21.557296752929688,759000
2014-01-16,24.549999237060547,24.62666702270508,24.450000762939453,24.49666786193848,21.446413040161133,601800
2014-01-17,24.37333297729492,24.520000457763672,24.30666732788086,24.36333274841309,21.32967185974121,545400
2014-01-21,24.456666946411133,24.51000022888184,24.309999465942383,24.49666786193848,21.446413040161133,510900
2014-01-22,24.49333381652832,24.796667098999023,24.446666717529297,24.76000022888184,21.67695617675781,448200
2014-01-23,24.62666702270508,24.63999938964844,24.38333320617676,24.51333236694336,21.46099281311035,285600
2014-01-24,24.36666679382324,24.406667709350582,23.926666259765625,23.94333267211914,20.961973190307617,1125900
2014-01-27,23.99333381652832,24.040000915527344,23.63333320617676,23.77666664123535,20.816062927246094,824700
2014-01-28,23.77666664123535,23.92333221435547,23.65333366394043,23.87333297729492,20.90069007873535,497400
2014-01-29,23.71999931335449,23.99333381652832,23.71999931335449,23.78333282470703,20.821901321411133,921600
2014-01-30,23.99333381652832,24.15333366394043,23.916667938232425,24.08333206176757,21.084545135498047,1313700
2014-01-31,23.780000686645508,24.06333351135254,23.76333236694336,23.97333335876465,20.98824119567871,524700
2014-02-03,23.953332901000977,23.953332901000977,23.38666725158692,23.43666648864746,20.51839828491211,1737900
2014-02-04,23.50666618347168,23.51666641235352,23.34000015258789,23.476667404174805,20.55341529846192,949500
2014-02-05,23.37666702270508,23.60333251953125,23.23666763305664,23.50666618347168,20.579679489135746,606300
2014-02-06,23.546667098999023,23.916667938232425,23.546667098999023,23.8799991607666,20.90652656555176,455700
2014-02-07,23.97333335876465,24.280000686645508,23.8933334350586,24.25666618347168,21.236297607421875,399300
2014-02-10,24.290000915527344,24.40999984741211,24.273332595825195,24.3799991607666,21.344276428222656,346800
2014-02-11,24.420000076293945,24.76000022888184,24.420000076293945,24.700000762939453,21.62442398071289,823800
2014-02-12,24.76666641235352,24.94333267211914,24.76666641235352,24.916667938232425,21.814117431640625,408000
2014-02-13,24.803333282470703,25.209999084472656,24.75666618347168,25.200000762939453,22.06216812133789,347400
2014-02-14,25.170000076293945,25.3933334350586,25.11000061035156,25.36333274841309,22.205156326293945,1166700
2014-02-18,25.39666748046875,25.450000762939453,25.239999771118164,25.43000030517578,22.26353073120117,169500
2014-02-19,25.36333274841309,25.520000457763672,25.33666610717773,25.406667709350582,22.24309539794922,139800
2014-02-20,25.416667938232425,25.606666564941406,25.3700008392334,25.57999992370605,22.39484977722168,285000
2014-02-21,25.6299991607666,25.676666259765625,25.40333366394043,25.46999931335449,22.29853820800781,390300
2014-02-24,25.59666633605957,25.726667404174805,25.56666755676269,25.56999969482422,22.386098861694336,167100
2014-02-25,25.51000022888184,25.59000015258789,25.31333351135254,25.433332443237305,22.26644515991211,243300
2014-02-26,25.520000457763672,25.786666870117188,25.49666786193848,25.606666564941406,22.418201446533203,164400
2014-02-27,25.600000381469727,25.64666748046875,25.43000030517578,25.60333251953125,22.4152774810791,196800
2014-02-28,25.606666564941406,25.68000030517578,25.406667709350582,25.58333206176757,22.397764205932617,163800
2014-03-03,25.3799991607666,25.47333335876465,25.203332901000977,25.42333221435547,22.2576961517334,269400
2014-03-04,25.753332138061523,25.916667938232425,25.753332138061523,25.87333297729492,22.651655197143555,889800
2014-03-05,25.913333892822266,25.99333381652832,25.82999992370605,25.92333221435547,22.695432662963867,289200
2014-03-06,26.0,26.12666702270508,25.906667709350582,26.10333251953125,22.853015899658203,427800
2014-03-07,26.273332595825195,26.273332595825195,25.99333381652832,26.07333374023437,22.826749801635746,672000
2014-03-10,26.08333206176757,26.13333320617676,25.90999984741211,26.030000686645508,22.788816452026367,150300
2014-03-11,26.08333206176757,26.15333366394043,25.81333351135254,25.88666725158692,22.663333892822266,178500
2014-03-12,25.770000457763672,26.10333251953125,25.71999931335449,26.09333229064941,22.84426498413086,145800
2014-03-13,26.170000076293945,26.209999084472656,25.536666870117188,25.670000076293945,22.47364044189453,778200
2014-03-14,25.63999938964844,25.74333381652832,25.520000457763672,25.523332595825195,22.34523582458496,178500
2014-03-17,25.690000534057617,25.93000030517578,25.690000534057617,25.84000015258789,22.622482299804688,150300
2014-03-18,25.940000534057617,26.22333335876465,25.84333229064941,26.21333312988281,22.949323654174805,538200
2014-03-19,26.21999931335449,26.36666679382324,26.036666870117188,26.190000534057617,22.928890228271484,785100
2014-03-20,26.12666702270508,26.68666648864746,26.07999992370605,26.67333221435547,23.352039337158203,533700
2014-03-21,26.75666618347168,26.786666870117188,26.3799991607666,26.440000534057617,23.14775848388672,396000
2014-03-24,26.56999969482422,26.59000015258789,26.1200008392334,26.33333206176757,23.05437469482422,727800
2014-03-25,26.38666725158692,26.606666564941406,26.32333374023437,26.459999084472656,23.22672271728516,309300
2014-03-26,26.74333381652832,26.76666641235352,26.15999984741211,26.15999984741211,22.963376998901367,384300
2014-03-27,26.166667938232425,26.25,25.89666748046875,25.96666717529297,22.793670654296875,543600
2014-03-28,26.046667098999023,26.34333229064941,26.030000686645508,26.13666725158692,22.94289970397949,214200
2014-03-31,26.356666564941406,26.64666748046875,26.309999465942383,26.56333351135254,23.31743621826172,696300
2014-04-01,26.68666648864746,26.98666763305664,26.68000030517578,26.98666763305664,23.68903541564941,621000
2014-04-02,27.036666870117188,27.040000915527344,26.80666732788086,26.946666717529297,23.653919219970703,542700
2014-04-03,26.989999771118164,27.233333587646484,26.87666702270508,26.98666763305664,23.68903541564941,354600
2014-04-04,27.200000762939453,27.200000762939453,26.18666648864746,26.22333335876465,23.01897430419922,977700
2014-04-07,26.156667709350582,26.37333297729492,25.84000015258789,25.98666763305664,22.81123352050781,797100
2014-04-08,26.02666664123535,26.34333229064941,26.023332595825195,26.32666778564453,23.10968589782715,181200
2014-04-09,26.446666717529297,26.61666679382324,26.31666755676269,26.60333251953125,23.35254096984864,174000
2014-04-10,26.6433334350586,26.6433334350586,25.753332138061523,25.780000686645508,22.62981414794922,1304400
2014-04-11,25.489999771118164,25.84666633605957,25.309999465942383,25.37666702270508,22.27577018737793,1170000
2014-04-14,25.58333206176757,25.71666717529297,25.34000015258789,25.57999992370605,22.45425605773925,1281000
2014-04-15,25.62666702270508,25.82333374023437,25.299999237060547,25.74666786193848,22.600563049316406,477900
2014-04-16,25.81666755676269,25.83333206176757,25.33333206176757,25.703332901000977,22.56252098083496,590700
2014-04-17,25.86333274841309,26.293333053588867,25.83333206176757,26.18666648864746,22.986791610717773,354600
2014-04-21,26.36666679382324,26.43000030517578,26.09333229064941,26.42333221435547,23.19453430175781,447300
2014-04-22,26.483333587646484,26.729999542236328,26.426666259765625,26.65999984741211,23.402286529541016,621000
2014-04-23,26.690000534057617,26.753332138061523,26.56999969482422,26.63666725158692,23.381799697875977,602100
2014-04-24,26.84333229064941,26.86000061035156,26.446666717529297,26.786666870117188,23.513477325439453,247800
2014-04-25,26.51666641235352,26.51666641235352,25.86000061035156,25.90999984741211,22.74392890930176,261900
2014-04-28,26.05666732788086,26.11333274841309,25.3933334350586,25.76333236694336,22.61518669128418,882900
2014-04-29,25.88666725158692,26.0,25.76666641235352,25.940000534057617,22.770267486572266,215100
2014-04-30,25.86666679382324,26.07666778564453,25.83333206176757,26.06999969482422,22.88437271118164,155700
2014-05-01,26.040000915527344,26.31666755676269,25.933332443237305,25.98666763305664,22.81123352050781,85500
2014-05-02,25.989999771118164,26.18666648864746,25.946666717529297,26.07666778564453,22.890230178833008,66300
2014-05-05,25.920000076293945,26.170000076293945,25.84666633605957,26.100000381469727,22.910720825195312,258900
2014-05-06,26.10333251953125,26.233333587646484,25.97333335876465,26.0,22.82292556762696,222600
2014-05-07,26.11666679382324,26.11666679382324,25.799999237060547,26.01000022888184,22.831707000732425,105600
2014-05-08,26.01000022888184,26.549999237060547,25.916667938232425,26.190000534057617,22.989717483520508,139200
2014-05-09,26.206666946411133,26.206666946411133,25.93000030517578,26.106666564941406,22.916566848754883,199800
2014-05-12,26.253332138061523,26.61333274841309,26.24666786193848,26.58333206176757,23.334991455078125,169500
2014-05-13,26.68666648864746,26.68666648864746,26.3700008392334,26.37333297729492,23.1506462097168,322200
2014-05-14,26.37666702270508,26.3799991607666,26.1433334350586,26.15333366394043,22.95752716064453,103200
2014-05-15,26.12333297729492,26.163333892822266,25.65999984741211,25.84666633605957,22.68833541870117,708900
2014-05-16,25.953332901000977,26.14999961853028,25.88999938964844,26.13333320617676,22.93997383117676,204300
2014-05-19,26.11333274841309,26.459999084472656,26.11333274841309,26.39666748046875,23.17112922668457,384600
2014-05-20,26.38666725158692,26.483333587646484,26.1299991607666,26.270000457763672,23.0599422454834,238200
2014-05-21,26.3700008392334,26.46666717529297,26.273332595825195,26.39666748046875,23.17112922668457,137100
2014-05-22,26.456666946411133,26.62333297729492,26.44333267211914,26.51666641235352,23.276466369628903,264300
2014-05-23,26.543333053588867,26.78333282470703,26.483333587646484,26.770000457763672,23.498842239379883,233700
2014-05-27,26.950000762939453,27.100000381469727,26.88333320617676,27.100000381469727,23.788516998291016,579900
2014-05-28,27.1433334350586,27.203332901000977,27.0,27.13999938964844,23.823631286621094,255000
2014-05-29,27.22333335876465,27.280000686645508,27.13999938964844,27.190000534057617,23.867521286010746,150900
2014-05-30,27.23666763305664,27.26333236694336,27.1200008392334,27.22333335876465,23.896774291992188,219600
2014-06-02,27.39999961853028,27.450000762939453,27.166667938232425,27.37333297729492,24.0284481048584,379500
2014-06-03,27.38666725158692,27.64999961853028,27.31333351135254,27.6299991607666,24.25375747680664,336900
2014-06-04,27.59000015258789,27.793333053588867,27.543333053588867,27.753332138061523,24.36201477050781,636600
2014-06-05,27.796667098999023,27.953332901000977,27.663333892822266,27.88999938964844,24.481983184814453,260700
2014-06-06,27.99333381652832,28.07999992370605,27.959999084472656,28.053333282470703,24.6253604888916,332700
2014-06-09,28.1433334350586,28.24333381652832,28.046667098999023,28.07999992370605,24.64876174926757,235200
2014-06-10,28.10333251953125,28.18000030517578,27.983333587646484,28.163333892822266,24.72191619873047,199200
2014-06-11,28.15333366394043,28.416667938232425,28.14666748046875,28.309999465942383,24.85066032409668,344100
2014-06-12,28.290000915527344,28.406667709350582,28.11333274841309,28.21333312988281,24.765810012817383,867300
2014-06-13,28.46999931335449,28.56999969482422,28.34000015258789,28.489999771118164,25.0086727142334,391500
2014-06-16,28.459999084472656,28.71333312988281,28.453332901000977,28.65999984741211,25.15789031982422,761100
2014-06-17,28.61000061035156,28.90999984741211,28.61000061035156,28.8700008392334,25.342241287231445,330600
2014-06-18,28.90999984741211,28.90999984741211,28.540000915527344,28.75,25.23689842224121,698100
2014-06-19,28.82333374023437,28.82333374023437,28.606666564941406,28.790000915527344,25.272003173828125,905100
2014-06-20,28.85333251953125,28.87666702270508,28.74333381652832,28.87666702270508,25.348087310791016,685800
2014-06-23,28.913333892822266,28.913333892822266,28.73666763305664,28.770000457763672,25.25445556640625,1428600
2014-06-24,28.76333236694336,28.88333320617676,28.39999961853028,28.456666946411133,25.04964065551757,1128000
2014-06-25,28.40333366394043,28.606666564941406,28.28333282470703,28.57666778564453,25.1552734375,435300
2014-06-26,28.59666633605957,28.59666633605957,28.239999771118164,28.450000762939453,25.043773651123047,247800
2014-06-27,28.38333320617676,28.503332138061523,28.34666633605957,28.48666763305664,25.07605743408203,476700
2014-06-30,28.55666732788086,28.82333374023437,28.51333236694336,28.799999237060547,25.351865768432617,297000
2014-07-01,28.90999984741211,29.30666732788086,28.88999938964844,29.19333267211914,25.69811248779297,306900
2014-07-02,29.286666870117188,29.31333351135254,29.18000030517578,29.270000457763672,25.765600204467773,445800
2014-07-03,29.36666679382324,29.503332138061523,29.36666679382324,29.453332901000977,25.926982879638672,316800
2014-07-07,29.47333335876465,29.47333335876465,29.21333312988281,29.25666618347168,25.75386047363281,468000
2014-07-08,29.21999931335449,29.253332138061523,28.82333374023437,29.100000381469727,25.61595344543457,525900
2014-07-09,29.07999992370605,29.293333053588867,28.96333312988281,29.27666664123535,25.77147102355957,382800
2014-07-10,28.85333251953125,29.25,28.75666618347168,29.1433334350586,25.654102325439453,471000
2014-07-11,29.14666748046875,29.203332901000977,29.023332595825195,29.13999938964844,25.65116500854492,347700
2014-07-14,29.303333282470703,29.38666725158692,29.196666717529297,29.28333282470703,25.7773380279541,937500
2014-07-15,29.296667098999023,29.38333320617676,28.926666259765625,29.196666717529297,25.70104217529297,434700
2014-07-16,29.42333221435547,29.553333282470703,29.36666679382324,29.536666870117188,26.00034141540528,308100
2014-07-17,29.229999542236328,29.239999771118164,28.729999542236328,28.773332595825195,25.32839584350586,1110900
2014-07-18,28.88666725158692,29.176666259765625,28.850000381469727,29.14999961853028,25.65997314453125,605400
2014-07-21,29.08666610717773,29.296667098999023,29.043333053588867,29.23666763305664,25.736257553100582,355500
2014-07-22,29.35333251953125,29.476667404174805,29.293333053588867,29.426666259765625,25.90350341796875,342300
2014-07-23,29.28333282470703,29.28333282470703,28.73666763305664,28.753332138061523,25.31078338623047,797400
2014-07-24,28.739999771118164,28.74333381652832,28.47333335876465,28.48666763305664,25.07605743408203,921600
2014-07-25,28.27666664123535,28.31333351135254,27.86000061035156,27.92333221435547,24.58016014099121,2210100
2014-07-28,27.933332443237305,27.946666717529297,27.559999465942383,27.89666748046875,24.55669403076172,1801800
2014-07-29,27.98666763305664,28.11666679382324,27.84333229064941,27.84666633605957,24.512678146362305,577800
2014-07-30,28.08666610717773,28.203332901000977,27.950000762939453,28.11666679382324,24.75034523010254,1718400
2014-07-31,27.799999237060547,27.88666725158692,27.426666259765625,27.546667098999023,24.24860000610352,2455800
2014-08-01,27.503332138061523,27.786666870117188,27.39999961853028,27.63666725158692,24.32782554626465,587400
2014-08-04,27.709999084472656,27.83666610717773,27.489999771118164,27.75666618347168,24.433443069458008,720600
2014-08-05,27.666667938232425,27.770000457763672,27.36666679382324,27.46333312988281,24.175235748291016,1244100
2014-08-06,27.36000061035156,27.75,27.31666755676269,27.553333282470703,24.25446128845215,859800
2014-08-07,27.72333335876465,27.739999771118164,27.1200008392334,27.183332443237305,23.92876434326172,879000
2014-08-08,27.286666870117188,27.53333282470703,27.24666786193848,27.520000457763672,24.2251205444336,652500
2014-08-11,27.64666748046875,27.92333221435547,27.63666725158692,27.770000457763672,24.4451904296875,1435200
2014-08-12,27.75,27.80666732788086,27.51333236694336,27.75,24.427583694458008,196800
2014-08-13,27.793333053588867,28.01333236694336,27.793333053588867,28.01333236694336,24.65938949584961,407400
2014-08-14,28.01333236694336,28.11000061035156,27.96333312988281,28.06666755676269,24.706336975097656,469200
2014-08-15,28.286666870117188,28.459999084472656,28.036666870117188,28.36333274841309,24.96747779846192,622500
2014-08-18,28.46333312988281,28.479999542236328,28.26666641235352,28.47333335876465,25.06431198120117,488400
2014-08-19,28.546667098999023,28.71999931335449,28.51666641235352,28.676666259765625,25.24329948425293,712200
2014-08-20,28.63666725158692,28.950000762939453,28.63666725158692,28.916667938232425,25.45456314086914,262800
2014-08-21,28.90333366394043,29.043333053588867,28.850000381469727,29.02666664123535,25.55139541625977,409500
2014-08-22,29.01000022888184,29.166667938232425,28.926666259765625,29.046667098999023,25.56900215148925,467400
2014-08-25,29.226667404174805,29.226667404174805,28.88999938964844,28.94333267211914,25.47804069519043,247800
2014-08-26,28.97333335876465,29.053333282470703,28.916667938232425,28.946666717529297,25.48097801208496,153000
2014-08-27,28.959999084472656,29.023332595825195,28.82666778564453,29.0,25.527925491333008,356700
2014-08-28,28.850000381469727,29.11000061035156,28.809999465942383,29.09333229064941,25.610078811645508,207600
2014-08-29,29.25666618347168,29.39999961853028,29.196666717529297,29.31333351135254,25.80375099182129,240900
2014-09-02,29.356666564941406,29.416667938232425,29.049999237060547,29.18000030517578,25.68636703491211,214200
2014-09-03,29.293333053588867,29.3799991607666,29.196666717529297,29.26000022888184,25.75678825378418,238200
2014-09-04,29.33666610717773,29.553333282470703,29.26666641235352,29.34333229064941,25.83015251159668,270600
2014-09-05,29.36333274841309,29.59000015258789,29.31333351135254,29.58666610717773,26.04435157775879,445200
2014-09-08,29.553333282470703,29.82333374023437,29.546667098999023,29.65999984741211,26.10890388488769,474300
2014-09-09,29.666667938232425,29.690000534057617,29.34666633605957,29.38666725158692,25.86829948425293,190500
2014-09-10,29.356666564941406,29.426666259765625,29.196666717529297,29.37666702270508,25.8594970703125,162300
2014-09-11,29.28333282470703,29.453332901000977,29.163333892822266,29.453332901000977,25.926982879638672,250800
2014-09-12,29.416667938232425,29.416667938232425,29.02666664123535,29.08666610717773,25.604209899902344,624600
2014-09-15,29.14666748046875,29.156667709350582,28.71666717529297,28.729999542236328,25.290246963500977,652500
2014-09-16,28.683332443237305,29.270000457763672,28.670000076293945,29.229999542236328,25.73038482666016,1664400
2014-09-17,29.28333282470703,29.60333251953125,29.25666618347168,29.440000534057617,25.91524887084961,444000
2014-09-18,29.56333351135254,29.88999938964844,29.536666870117188,29.88999938964844,26.311368942260746,355500
2014-09-19,30.030000686645508,30.036666870117188,29.46333312988281,29.51666641235352,25.98273086547852,339000
2014-09-22,29.40999984741211,29.479999542236328,29.10333251953125,29.15999984741211,25.66877174377441,315600
2014-09-23,29.023332595825195,29.290000915527344,28.953332901000977,29.06666755676269,25.58660888671875,632700
2014-09-24,29.040000915527344,29.36000061035156,29.040000915527344,29.350000381469727,25.90732765197754,329100
2014-09-25,29.290000915527344,29.309999465942383,28.72333335876465,28.81333351135254,25.433609008789062,507900
2014-09-26,29.036666870117188,29.22333335876465,28.940000534057617,29.15333366394043,25.733726501464844,828300
2014-09-29,28.86000061035156,29.28333282470703,28.803333282470703,29.190000534057617,25.766090393066406,325800
2014-09-30,29.233333587646484,29.233333587646484,28.84333229064941,28.950000762939453,25.55425262451172,370800
2014-10-01,28.8933334350586,28.8933334350586,28.170000076293945,28.24333381652832,24.930465698242188,1676700
2014-10-02,28.23666763305664,28.23666763305664,27.56666755676269,28.06999969482422,24.7774658203125,584400
2014-10-03,28.30666732788086,28.43666648864746,28.09666633605957,28.24666786193848,24.933412551879883,489600
2014-10-06,28.296667098999023,28.34666633605957,27.81666755676269,28.0,24.715669631958008,429900
2014-10-07,27.906667709350582,27.96666717529297,27.46666717529297,27.46666717529297,24.24489974975586,1260600
2014-10-08,27.52666664123535,28.14666748046875,27.239999771118164,28.08666610717773,24.792177200317383,439200
2014-10-09,28.030000686645508,28.03333282470703,27.309999465942383,27.32666778564453,24.12133026123047,1307100
2014-10-10,26.56666755676269,26.57333374023437,25.21333312988281,25.44333267211914,22.45890617370605,3951300
2014-10-13,25.456666946411133,25.773332595825195,24.88666725158692,24.90333366394043,21.98224639892578,4425000
2014-10-14,25.350000381469727,25.83333206176757,25.1433334350586,25.35333251953125,22.37945556640625,3031200
2014-10-15,24.86666679382324,25.666667938232425,24.71999931335449,25.47333335876465,22.48537826538086,1984800
2014-10-16,25.12333297729492,26.043333053588867,25.11666679382324,25.86666679382324,22.83257484436035,990300
2014-10-17,26.32999992370605,26.5,26.01666641235352,26.05666732788086,23.00029563903809,1563000
2014-10-20,26.06666755676269,26.49666786193848,25.88333320617676,26.46999931335449,23.36513900756836,591900
2014-10-21,26.78333282470703,27.459999084472656,26.76333236694336,27.446666717529297,24.22723960876465,1086600
2014-10-22,27.656667709350582,27.69333267211914,27.040000915527344,27.053333282470703,23.88004875183105,2008500
2014-10-23,27.40999984741211,27.59000015258789,27.32666778564453,27.44333267211914,24.224306106567383,709500
2014-10-24,27.450000762939453,27.786666870117188,27.43000030517578,27.71666717529297,24.465576171875,624900
2014-10-27,27.696666717529297,27.88999938964844,27.48666763305664,27.84666633605957,24.5803279876709,1352400
2014-10-28,27.99333381652832,28.253332138061523,27.89999961853028,28.24333381652832,24.930465698242188,1290900
2014-10-29,28.196666717529297,28.37333297729492,27.976667404174805,28.299999237060547,24.980487823486328,1864200
2014-10-30,28.166667938232425,28.196666717529297,27.606666564941406,27.956666946411133,24.67742729187012,1145100
2014-10-31,28.733333587646484,29.190000534057617,28.733333587646484,29.049999237060547,25.64251708984375,2241300
2014-11-03,29.09333229064941,29.406667709350582,29.049999237060547,29.25,25.819055557250977,1669500
2014-11-04,29.13999938964844,29.31666755676269,28.926666259765625,29.1433334350586,25.72490692138672,539700
2014-11-05,29.36333274841309,29.47333335876465,29.11000061035156,29.43666648864746,25.983827590942383,762900
2014-11-06,29.26333236694336,29.36666679382324,29.0,29.183332443237305,25.760210037231445,978000
2014-11-07,29.14999961853028,29.24333381652832,28.68666648864746,28.920000076293945,25.52776336669922,445200
2014-11-10,29.0,29.18000030517578,28.87666702270508,29.13333320617676,25.71607208251953,326100
2014-11-11,29.18000030517578,29.18000030517578,28.953332901000977,29.07666778564453,25.666059494018555,533700
2014-11-12,28.96333312988281,29.05666732788086,28.87666702270508,29.03333282470703,25.627803802490234,254700
2014-11-13,29.12666702270508,29.32666778564453,28.933332443237305,29.036666870117188,25.630748748779297,186600
2014-11-14,28.98666763305664,29.309999465942383,28.82999992370605,29.290000915527344,25.8543643951416,277500
2014-11-17,29.15333366394043,29.239999771118164,28.920000076293945,29.156667709350582,25.73666763305664,864900
2014-11-18,29.206666946411133,29.80666732788086,29.206666946411133,29.726667404174805,26.23980712890625,456900
2014-11-19,29.77666664123535,29.77666664123535,29.38666725158692,29.523332595825195,26.06032943725586,725700
2014-11-20,29.38999938964844,29.82666778564453,29.26333236694336,29.793333053588867,26.298660278320312,651300
2014-11-21,30.11000061035156,30.209999084472656,29.88333320617676,30.1200008392334,26.58700561523437,1091700
2014-11-24,30.18000030517578,30.426666259765625,30.13333320617676,30.40999984741211,26.842988967895508,533100
2014-11-25,30.5,30.51000022888184,30.350000381469727,30.416667938232425,26.8488712310791,610500
2014-11-26,30.43000030517578,31.06666755676269,30.43000030517578,31.059999465942383,27.41674423217773,552300
2014-11-28,31.12333297729492,31.233333587646484,30.956666946411133,31.14666748046875,27.49324989318848,333900
2014-12-01,31.01000022888184,31.17333221435547,30.63999938964844,30.753332138061523,27.146053314208984,930300
2014-12-02,30.683332443237305,30.956666946411133,30.55666732788086,30.946666717529297,27.316713333129883,538800
2014-12-03,31.09666633605957,31.62666702270508,31.08333206176757,31.59666633605957,27.890470504760746,1059600
2014-12-04,31.690000534057617,31.82666778564453,31.446666717529297,31.62333297729492,27.91400718688965,741000
2014-12-05,31.72333335876465,31.946666717529297,31.663333892822266,31.940000534057617,28.193523406982425,362100
2014-12-08,31.88333320617676,32.0099983215332,31.296667098999023,31.489999771118164,27.79630851745605,1208400
2014-12-09,31.043333053588867,31.553333282470703,30.956666946411133,31.48666763305664,27.79337310791016,645900
2014-12-10,31.32333374023437,31.489999771118164,30.82999992370605,30.88666725158692,27.263748168945312,667500
2014-12-11,31.023332595825195,31.406667709350582,30.96333312988281,31.03333282470703,27.39320182800293,1842900
2014-12-12,30.76000022888184,30.96333312988281,30.489999771118164,30.520000457763672,26.940086364746094,1188600
2014-12-15,30.666667938232425,30.96999931335449,30.13666725158692,30.23666763305664,26.68999290466309,1096800
2014-12-16,30.106666564941406,30.670000076293945,29.98666763305664,30.030000686645508,26.50756454467773,855900
2014-12-17,30.08333206176757,30.753332138061523,29.87666702270508,30.676666259765625,27.078372955322266,812100
2014-12-18,31.183332443237305,31.26000022888184,30.96999931335449,31.26000022888184,27.59329032897949,627600
2014-12-19,31.433332443237305,31.433332443237305,31.036666870117188,31.26333236694336,27.596229553222656,577500
2014-12-22,31.33666610717773,31.683332443237305,31.296667098999023,31.64666748046875,27.934595108032227,377700
2014-12-23,31.78333282470703,31.906667709350582,31.56666755676269,31.57666778564453,27.8728141784668,982500
2014-12-24,31.433332443237305,31.503332138061523,31.36000061035156,31.3700008392334,27.914644241333008,203400
2014-12-26,31.450000762939453,31.543333053588867,31.37333297729492,31.40999984741211,27.95022964477539,201000
2014-12-29,31.3933334350586,31.39999961853028,31.21333312988281,31.31999969482422,27.87014389038086,204600
2014-12-30,31.106666564941406,31.270000457763672,31.106666564941406,31.12333297729492,27.69513320922852,362700
2014-12-31,31.170000076293945,31.3933334350586,30.94333267211914,30.96333312988281,27.552764892578125,290100
2015-01-02,31.100000381469727,31.27666664123535,30.64666748046875,30.93666648864746,27.52903175354004,663000
2015-01-05,30.80666732788086,30.86333274841309,30.34333229064941,30.35333251953125,27.00994873046875,619500
2015-01-06,30.37333297729492,30.40333366394043,29.59000015258789,29.676666259765625,26.40781593322754,1123800
2015-01-07,29.84666633605957,30.10333251953125,29.670000076293945,29.96999931335449,26.668842315673828,721200
2015-01-08,30.273332595825195,30.90999984741211,30.273332595825195,30.86000061035156,27.46081924438477,633000
2015-01-09,30.983333587646484,31.0,30.50666618347168,30.87666702270508,27.475643157958984,420900
2015-01-12,30.74333381652832,30.74333381652832,30.13666725158692,30.28333282470703,26.94766426086425,572400
2015-01-13,30.503332138061523,30.87666702270508,29.83333206176757,29.98666763305664,26.683670043945312,520800
2015-01-14,29.696666717529297,30.11333274841309,29.51000022888184,29.81666755676269,26.532405853271484,1241700
2015-01-15,30.049999237060547,30.21333312988281,29.55666732788086,29.57999992370605,26.321802139282227,663000
2015-01-16,29.476667404174805,29.94333267211914,29.350000381469727,29.90333366394043,26.609516143798828,876900
2015-01-20,30.05666732788086,30.32333374023437,29.82666778564453,30.21333312988281,26.8853702545166,395400
2015-01-21,30.156667709350582,30.690000534057617,30.02666664123535,30.55666732788086,27.190889358520508,433500
2015-01-22,30.530000686645508,30.76666641235352,29.96333312988281,30.739999771118164,27.35402488708496,1371300
2015-01-23,30.60333251953125,30.799999237060547,30.51000022888184,30.65999984741211,27.282838821411133,564600
2015-01-26,30.59333229064941,30.786666870117188,30.36666679382324,30.71666717529297,27.333267211914062,353700
2015-01-27,30.32333374023437,30.453332901000977,29.983333587646484,30.170000076293945,26.846811294555664,1060800
2015-01-28,30.58666610717773,30.82999992370605,30.00666618347168,30.02666664123535,26.71926689147949,945900
2015-01-29,29.926666259765625,30.13999938964844,29.48666763305664,30.046667098999023,26.737064361572266,658200
2015-01-30,29.706666946411133,30.10333251953125,29.413333892822266,29.456666946411133,26.21205139160156,1456200
2015-02-02,29.51000022888184,29.62666702270508,28.916667938232425,29.53333282470703,26.28027534484864,927300
2015-02-03,29.65999984741211,30.06999969482422,29.61666679382324,30.05666732788086,26.745962142944336,631200
2015-02-04,29.976667404174805,30.38333320617676,29.96666717529297,30.170000076293945,26.846811294555664,1008000
2015-02-05,30.293333053588867,30.476667404174805,30.1299991607666,30.46333312988281,27.10783767700196,699000
2015-02-06,30.50666618347168,30.76000022888184,30.21999931335449,30.296667098999023,26.95952606201172,1006200
2015-02-09,30.253332138061523,30.253332138061523,29.89999961853028,29.976667404174805,26.67477798461914,1523400
2015-02-10,30.34666633605957,31.0,30.26333236694336,30.989999771118164,27.57649040222168,1259100
2015-02-11,30.99333381652832,31.200000762939453,30.88999938964844,31.09000015258789,27.665477752685547,965700
2015-02-12,31.183332443237305,31.59666633605957,31.183332443237305,31.58666610717773,28.10743522644043,935400
2015-02-13,31.729999542236328,31.90333366394043,31.536666870117188,31.809999465942383,28.306167602539062,737100
2015-02-17,31.796667098999023,31.946666717529297,31.700000762939453,31.90999984741211,28.39515686035156,2393400
2015-02-18,31.87333297729492,31.920000076293945,31.700000762939453,31.82666778564453,28.321001052856445,458700
2015-02-19,31.780000686645508,32.00666809082031,31.733333587646484,31.913333892822266,28.398122787475582,651600
2015-02-20,31.82666778564453,32.12666702270508,31.75,32.10333251953125,28.56719017028809,1902900
2015-02-23,32.06666564941406,32.06666564941406,31.790000915527344,31.90333366394043,28.38922882080078,673200
2015-02-24,31.90333366394043,32.34333419799805,31.68666648864746,32.33000183105469,28.768888473510746,842400
2015-02-25,32.2599983215332,32.336666107177734,32.06666564941406,32.163333892822266,28.620574951171875,387900
2015-02-26,32.31666564941406,32.45333480834961,32.21333312988281,32.383331298828125,28.816347122192383,295500
2015-02-27,32.37666702270508,32.4466667175293,32.186668395996094,32.28666687011719,28.730329513549805,350100
2015-03-02,32.560001373291016,33.189998626708984,32.55666732788086,33.17333221435547,29.519336700439453,865800
2015-03-03,33.05666732788086,33.05666732788086,32.51666641235352,32.560001373291016,28.97356033325196,1192200
2015-03-04,32.470001220703125,32.526668548583984,32.150001525878906,32.51666641235352,28.93499183654785,569700
2015-03-05,32.630001068115234,32.723331451416016,32.400001525878906,32.53666687011719,28.95279312133789,733500
2015-03-06,32.43000030517578,32.483333587646484,32.11000061035156,32.20000076293945,28.65321922302246,642600
2015-03-09,32.17333221435547,32.37666702270508,32.13999938964844,32.29999923706055,28.7421989440918,519900
2015-03-10,32.09000015258789,32.16666793823242,31.696666717529297,31.703332901000977,28.211244583129883,1150500
2015-03-11,31.86333274841309,32.099998474121094,31.76333236694336,31.773332595825195,28.27354049682617,356100
2015-03-12,31.440000534057617,31.773332595825195,31.416667938232425,31.76333236694336,28.26463890075684,1173300
2015-03-13,31.84000015258789,32.03333282470703,31.63333320617676,31.976667404174805,28.45448112487793,539100
2015-03-16,32.150001525878906,32.470001220703125,32.106666564941406,32.46333312988281,28.88753890991211,657600
2015-03-17,32.22666549682617,32.28333282470703,32.04666519165039,32.22666549682617,28.67693901062012,439800
2015-03-18,32.21666717529297,32.62333297729492,31.80666732788086,32.46666717529297,28.89051055908203,466500
2015-03-19,32.43333435058594,32.619998931884766,32.38666534423828,32.540000915527344,28.95576286315918,283200
2015-03-20,32.776668548583984,33.10333251953125,32.733333587646484,33.0,29.365089416503903,462300
2015-03-23,33.0099983215332,33.04666519165039,32.71333312988281,32.72666549682617,29.121864318847656,401100
2015-03-24,32.75,32.75,32.426666259765625,32.4466667175293,28.872703552246094,580200
2015-03-25,32.336666107177734,32.37333297729492,30.81999969482422,30.856666564941406,27.531095504760746,1159200
2015-03-26,30.13999938964844,30.6299991607666,29.76000022888184,30.433332443237305,27.15338897705078,1420500
2015-03-27,30.446666717529297,31.413333892822266,30.37666702270508,31.296667098999023,27.923677444458008,1165500
2015-03-30,31.5,31.780000686645508,31.31666755676269,31.696666717529297,28.280567169189453,1275300
2015-03-31,31.559999465942383,31.62333297729492,31.290000915527344,31.34000015258789,27.96233940124512,408900
2015-04-01,31.253332138061523,31.273332595825195,30.8933334350586,31.13666725158692,27.78091812133789,625500
2015-04-02,31.26333236694336,31.350000381469727,31.040000915527344,31.06666755676269,27.71846008300781,643800
2015-04-06,30.773332595825195,31.273332595825195,30.606666564941406,31.203332901000977,27.84039878845215,1060800
2015-04-07,31.209999084472656,31.483333587646484,31.156667709350582,31.21666717529297,27.852298736572266,1043700
2015-04-08,31.15333366394043,31.503332138061523,31.13666725158692,31.39999961853028,28.015867233276367,876300
2015-04-09,31.24666786193848,31.850000381469727,31.24666786193848,31.809999465942383,28.38168907165528,597600
2015-04-10,31.83333206176757,31.940000534057617,31.786666870117188,31.940000534057617,28.497678756713867,264900
2015-04-13,31.983333587646484,32.099998474121094,31.706666946411133,31.75,28.32815170288086,436500
2015-04-14,31.753332138061523,31.753332138061523,31.32999992370605,31.426666259765625,28.0396728515625,664200
2015-04-15,31.666667938232425,32.043331146240234,31.62666702270508,31.950000762939453,28.506595611572266,444300
2015-04-16,31.6433334350586,31.86000061035156,31.6433334350586,31.81333351135254,28.38466453552246,523200
2015-04-17,31.55666732788086,31.55666732788086,31.209999084472656,31.36000061035156,27.98018455505371,497700
2015-04-20,31.520000457763672,31.753332138061523,31.51333236694336,31.62666702270508,28.21811294555664,398100
2015-04-21,31.979999542236328,32.06666564941406,31.733333587646484,31.84333229064941,28.41142463684082,454500
2015-04-22,32.040000915527344,32.29999923706055,31.790000915527344,32.293331146240234,28.812931060791016,450900
2015-04-23,31.71999931335449,31.90333366394043,31.546667098999023,31.793333053588867,28.366819381713867,588900
2015-04-24,31.733333587646484,31.753332138061523,31.07333374023437,31.270000457763672,27.899883270263672,630600
2015-04-27,31.31333351135254,31.676666259765625,31.273332595825195,31.350000381469727,27.971263885498047,595200
2015-04-28,31.36666679382324,31.446666717529297,30.94333267211914,31.3799991607666,27.99802589416504,1202700
2015-04-29,31.1433334350586,31.299999237060547,30.88333320617676,31.206666946411133,27.843379974365234,784500
2015-04-30,31.14999961853028,31.26666641235352,30.74333381652832,30.93666648864746,27.60247802734375,2324100
2015-05-01,31.22333335876465,31.8700008392334,31.21333312988281,31.796667098999023,28.36979103088379,1523700
2015-05-04,31.8700008392334,31.93666648864746,31.64999961853028,31.733333587646484,28.31327247619629,662400
2015-05-05,31.50666618347168,31.58666610717773,31.01333236694336,31.043333053588867,27.69764709472656,748200
2015-05-06,31.15999984741211,31.303333282470703,30.780000686645508,31.00666618347168,27.66493034362793,1397400
2015-05-07,31.12666702270508,31.3933334350586,31.12666702270508,31.34666633605957,27.9682846069336,928500
2015-05-08,31.60333251953125,31.793333053588867,31.57333374023437,31.65999984741211,28.247848510742188,657000
2015-05-11,31.65999984741211,31.796667098999023,31.549999237060547,31.68000030517578,28.265703201293945,495000
2015-05-12,31.543333053588867,31.58333206176757,31.25,31.3933334350586,28.009923934936523,996000
2015-05-13,31.559999465942383,31.81333351135254,31.5,31.58666610717773,28.18241500854492,393900
2015-05-14,31.80666732788086,32.08000183105469,31.690000534057617,31.96333312988281,28.518495559692383,876300
2015-05-15,32.02333450317383,32.13666534423828,31.8799991607666,32.01666641235352,28.566082000732425,379200
2015-05-18,32.060001373291016,32.3466682434082,31.96999931335449,32.33000183105469,28.84564781188965,625500
2015-05-19,32.40999984741211,32.56666564941406,32.099998474121094,32.21333312988281,28.74155235290528,457200
2015-05-20,32.25333404541016,32.51333236694336,32.13999938964844,32.28333282470703,28.804000854492188,858600
2015-05-21,32.25666809082031,32.496665954589844,32.116668701171875,32.4466667175293,28.9497299194336,460200
2015-05-22,32.40666580200195,32.62666702270508,32.40666580200195,32.51333236694336,29.00921630859375,411000
2015-05-26,32.46333312988281,32.49333190917969,32.116668701171875,32.26333236694336,28.786163330078125,785400
2015-05-27,32.36333465576172,33.63999938964844,32.3466682434082,33.529998779296875,29.916303634643555,1316100
2015-05-28,33.563331604003906,33.723331451416016,33.34000015258789,33.563331604003906,29.946054458618164,1225800
2015-05-29,33.66999816894531,33.82666778564453,33.53333282470703,33.689998626708984,30.05906867980957,1813800
2015-06-01,33.8033332824707,33.93333435058594,33.529998779296875,33.709999084472656,30.076913833618164,1315800
2015-06-02,33.606666564941406,33.606666564941406,33.28333282470703,33.33333206176758,29.74083709716797,938700
2015-06-03,33.5,33.529998779296875,33.08333206176758,33.106666564941406,29.53860664367676,3604800
2015-06-04,32.96666717529297,33.08000183105469,32.706668853759766,32.80666732788086,29.270936965942383,1787400
2015-06-05,32.76666641235352,32.90666580200195,32.51333236694336,32.810001373291016,29.273908615112305,1308000
2015-06-08,32.84000015258789,32.84000015258789,32.106666564941406,32.19333267211914,28.72369766235352,1367700
2015-06-09,32.21333312988281,32.25666809082031,31.84666633605957,32.17333221435547,28.705856323242188,1645500
2015-06-10,32.323333740234375,32.686668395996094,32.30666732788086,32.573333740234375,29.062747955322266,1308900
2015-06-11,32.709999084472656,32.72666549682617,32.53333282470703,32.563331604003906,29.05381774902344,1614300
2015-06-12,32.426666259765625,32.426666259765625,32.22666549682617,32.27000045776367,28.792110443115234,657000
2015-06-15,31.93666648864746,32.22999954223633,31.78333282470703,32.20333480834961,28.732627868652344,828300
2015-06-16,32.143333435058594,32.37333297729492,32.06666564941406,32.293331146240234,28.812931060791016,679200
2015-06-17,32.33000183105469,32.4466667175293,32.20000076293945,32.31999969482422,28.83671188354492,727200
2015-06-18,32.40666580200195,32.93000030517578,32.40666580200195,32.776668548583984,29.2441635131836,796800
2015-06-19,32.856666564941406,32.95000076293945,32.50666809082031,32.61333465576172,29.098438262939453,1072500
2015-06-22,32.883331298828125,32.973331451416016,32.72666549682617,32.88999938964844,29.34528541564941,899700
2015-06-23,32.95333480834961,33.0,32.616668701171875,32.72666549682617,29.19955444335937,976500
2015-06-24,32.59333419799805,32.67333221435547,32.290000915527344,32.29666519165039,28.89093971252441,742200
2015-06-25,32.383331298828125,32.4900016784668,32.19333267211914,32.27333450317383,28.87006568908692,973200
2015-06-26,31.983333587646484,31.983333587646484,31.34333229064941,31.46999931335449,28.15144157409668,1826700
2015-06-29,31.05666732788086,31.27666664123535,30.56333351135254,30.58666610717773,27.361270904541016,1572300
2015-06-30,30.86666679382324,30.933332443237305,30.559999465942383,30.696666717529297,27.459667205810547,4370400
2015-07-01,31.13333320617676,31.18000030517578,30.706666946411133,30.770000457763672,27.52526092529297,1442400
2015-07-02,30.82999992370605,31.01000022888184,30.78333282470703,30.913333892822266,27.653484344482425,1002300
2015-07-06,30.63333320617676,30.913333892822266,30.32999992370605,30.46333312988281,27.250926971435547,3059400
2015-07-07,30.476667404174805,30.479999542236328,29.446666717529297,30.36666679382324,27.164459228515625,2893200
2015-07-08,29.959999084472656,30.043333053588867,29.47333335876465,29.546667098999023,26.430932998657227,1993500
2015-07-09,30.08333206176757,30.15333366394043,29.15999984741211,29.170000076293945,26.093982696533203,3779700
2015-07-10,29.51666641235352,29.81333351135254,29.48666763305664,29.709999084472656,26.577035903930664,1492200
2015-07-13,29.96999931335449,30.020000457763672,29.74666786193848,29.959999084472656,26.800678253173828,1103700
2015-07-14,30.106666564941406,30.34666633605957,30.06999969482422,30.273332595825195,27.08097267150879,1011300
2015-07-15,30.34000015258789,30.34000015258789,29.956666946411133,30.09333229064941,26.919946670532227,1074900
2015-07-16,30.31666755676269,30.31666755676269,29.87333297729492,30.14999961853028,26.97063446044922,1657500
2015-07-17,30.13333320617676,30.13333320617676,29.850000381469727,30.08666610717773,26.91398429870605,1542000
2015-07-20,30.196666717529297,30.24666786193848,29.86333274841309,29.8799991607666,26.729108810424805,1096800
2015-07-21,29.8933334350586,30.14999961853028,29.84333229064941,29.88666725158692,26.735076904296875,678600
2015-07-22,29.10333251953125,29.22333335876465,28.81999969482422,29.1433334350586,26.07013511657715,3495300
2015-07-23,29.30666732788086,29.926666259765625,29.30666732788086,29.57666778564453,26.45776557922364,1139700
2015-07-24,29.663333892822266,29.72333335876465,28.953332901000977,28.983333587646484,25.927005767822266,2122800
2015-07-27,28.80666732788086,28.96999931335449,28.46666717529297,28.770000457763672,25.73616409301757,1569000
2015-07-28,28.916667938232425,29.546667098999023,28.690000534057617,29.3700008392334,26.272891998291016,2151900
2015-07-29,29.34666633605957,29.46333312988281,29.08666610717773,29.406667709350582,26.305694580078125,1403400
2015-07-30,29.253332138061523,29.6200008392334,29.17333221435547,29.523332595825195,26.41006088256836,3404700
2015-07-31,29.56666755676269,29.56666755676269,29.12666702270508,29.18000030517578,26.102935791015625,1690800
2015-08-03,29.14999961853028,29.206666946411133,28.926666259765625,29.08666610717773,26.01943588256836,1101900
2015-08-04,28.99333381652832,29.049999237060547,28.57999992370605,28.76333236694336,25.730201721191406,2780100
2015-08-05,28.93000030517578,29.32999992370605,28.916667938232425,29.12666702270508,26.055225372314453,1431300
2015-08-06,29.18000030517578,29.18000030517578,28.38666725158692,28.606666564941406,25.59006118774414,2950500
2015-08-07,28.489999771118164,28.799999237060547,28.46333312988281,28.770000457763672,25.73616409301757,946800
2015-08-10,29.023332595825195,29.53333282470703,28.98666763305664,29.483333587646484,26.37428092956543,1439100
2015-08-11,29.190000534057617,29.19333267211914,28.703332901000977,28.81999969482422,25.7808895111084,2166000
2015-08-12,28.46999931335449,29.12666702270508,28.24333381652832,28.98666763305664,25.92998504638672,2565600
2015-08-13,28.983333587646484,29.100000381469727,28.690000534057617,28.753332138061523,25.72125625610352,903300
2015-08-14,28.64666748046875,28.64666748046875,28.34333229064941,28.51666641235352,25.50954246520996,1231500
2015-08-17,28.39666748046875,28.81333351135254,28.253332138061523,28.76000022888184,25.72721672058105,794400
2015-08-18,28.71666717529297,28.71999931335449,28.17333221435547,28.21666717529297,25.241186141967773,1221600
2015-08-19,28.27666664123535,28.28333282470703,27.780000686645508,27.96333312988281,25.01455879211425,1461000
2015-08-20,27.65999984741211,27.67333221435547,26.90333366394043,26.913333892822266,24.07529067993164,2677500
2015-08-21,26.56666755676269,26.976667404174805,26.176666259765625,26.176666259765625,23.41630172729492,4139700
2015-08-24,24.65999984741211,26.726667404174805,24.286666870117188,25.59000015258789,22.89149475097656,5372700
2015-08-25,26.59666633605957,26.65333366394043,25.33666610717773,25.33666610717773,22.664878845214844,2749500
2015-08-26,26.12666702270508,26.63333320617676,25.62666702270508,26.600000381469727,23.79499244689941,3394800
2015-08-27,27.06333351135254,27.62666702270508,27.03333282470703,27.59000015258789,24.680593490600582,3912300
2015-08-28,27.489999771118164,27.80666732788086,27.489999771118164,27.75,24.82372283935547,2056200
2015-08-31,27.536666870117188,27.953332901000977,27.39999961853028,27.67333221435547,24.7551383972168,1644000
2015-09-01,26.84333229064941,27.38666725158692,26.56666755676269,26.696666717529297,23.88146209716797,2040000
2015-09-02,27.14666748046875,27.33333206176757,26.850000381469727,27.33333206176757,24.45099449157715,1447200
2015-09-03,27.540000915527344,27.90999984741211,27.456666946411133,27.546667098999023,24.641834259033203,952500
2015-09-04,27.166667938232425,27.39999961853028,26.96333312988281,27.06999969482422,24.215431213378903,998100
2015-09-08,27.666667938232425,28.280000686645508,27.663333892822266,28.270000457763672,25.288894653320312,2252400
2015-09-09,28.520000457763672,28.71666717529297,27.69333267211914,27.75,24.82372283935547,2599800
2015-09-10,27.73666763305664,28.12666702270508,27.476667404174805,27.87333297729492,24.93404769897461,1707600
2015-09-11,27.6299991607666,27.906667709350582,27.50666618347168,27.88999938964844,24.948963165283203,1901100
2015-09-14,28.02666664123535,28.100000381469727,27.87333297729492,27.953332901000977,25.005613327026367,1593000
2015-09-15,28.08333206176757,28.38666725158692,28.06999969482422,28.309999465942383,25.324676513671875,1239600
2015-09-16,28.24333381652832,28.40333366394043,28.07666778564453,28.3700008392334,25.378347396850582,1427100
2015-09-17,28.31999969482422,28.600000381469727,28.08333206176757,28.1433334350586,25.17558479309082,1956300
2015-09-18,27.72333335876465,28.01000022888184,27.546667098999023,27.65333366394043,24.73725318908692,1840500
2015-09-21,27.82999992370605,27.920000076293945,27.43666648864746,27.56999969482422,24.66270446777344,2055600
2015-09-22,27.100000381469727,27.176666259765625,26.85333251953125,26.96333312988281,24.12001037597656,2840700
2015-09-23,26.983333587646484,27.11666679382324,26.729999542236328,26.76333236694336,23.941104888916016,1437900
2015-09-24,26.51000022888184,26.87666702270508,26.003332138061523,26.709999084472656,23.893394470214844,4153500
2015-09-25,26.92333221435547,27.100000381469727,26.450000762939453,26.706666946411133,24.024736404418945,1764900
2015-09-28,26.536666870117188,26.683332443237305,25.96333312988281,25.96666717529297,23.35904312133789,5704500
2015-09-29,26.036666870117188,26.38666725158692,25.86000061035156,26.13999938964844,23.514968872070312,1279800
2015-09-30,26.600000381469727,27.18000030517578,26.559999465942383,27.15333366394043,24.426549911499023,1386600
2015-10-01,27.13999938964844,27.13999938964844,26.36333274841309,26.82999992370605,24.135684967041016,2105100
2015-10-02,26.47333335876465,27.406667709350582,26.459999084472656,27.38999938964844,24.63945198059082,2045700
2015-10-05,27.656667709350582,28.05666732788086,27.56999969482422,27.92333221435547,25.11922073364257,2508300
2015-10-06,27.86333274841309,28.08666610717773,27.51333236694336,28.01333236694336,25.200183868408203,3105900
2015-10-07,28.25,28.559999465942383,27.90999984741211,28.38333320617676,25.53302001953125,1994100
2015-10-08,28.36666679382324,28.6200008392334,28.1200008392334,28.56999969482422,25.700946807861328,1840500
2015-10-09,28.62333297729492,28.65999984741211,28.22333335876465,28.3933334350586,25.542016983032227,1390800
2015-10-12,28.36666679382324,28.453332901000977,28.24333381652832,28.3933334350586,25.542016983032227,1982400
2015-10-13,28.19333267211914,28.350000381469727,28.01666641235352,28.043333053588867,25.2271671295166,1438200
2015-10-14,28.183332443237305,29.31666755676269,28.106666564941406,29.06333351135254,26.144739151000977,3415800
2015-10-15,29.27666664123535,29.559999465942383,29.08666610717773,29.33666610717773,26.390623092651367,2243400
2015-10-16,29.35333251953125,29.440000534057617,29.163333892822266,29.40333366394043,26.45059967041016,1426500
2015-10-19,29.309999465942383,29.59333229064941,29.17333221435547,29.3933334350586,26.44159698486328,1389000
2015-10-20,29.38333320617676,29.46333312988281,29.200000762939453,29.36666679382324,26.41760635375977,996900
2015-10-21,29.656667709350582,29.96666717529297,29.39999961853028,29.40999984741211,26.456600189208984,1579800
2015-10-22,29.88999938964844,30.479999542236328,29.83333206176757,30.43000030517578,27.374164581298828,2399100
2015-10-23,30.700000762939453,30.88333320617676,30.38999938964844,30.799999237060547,27.707006454467773,3199500
2015-10-26,30.65999984741211,30.65999984741211,30.09666633605957,30.24666786193848,27.209238052368164,3103200
2015-10-27,29.976667404174805,30.19333267211914,29.89999961853028,29.983333587646484,26.97234916687012,3168900
2015-10-28,30.196666717529297,30.50666618347168,30.06999969482422,30.426666259765625,27.371166229248047,3307800
2015-10-29,29.84333229064941,29.92333221435547,29.523332595825195,29.61000061035156,26.636505126953125,1950600
2015-10-30,29.72333335876465,29.953332901000977,29.670000076293945,29.84666633605957,26.84940528869629,1505400
2015-11-02,29.926666259765625,30.14999961853028,29.89666748046875,30.11000061035156,27.086292266845703,1122300
2015-11-03,30.01333236694336,30.38999938964844,30.01333236694336,30.26666641235352,27.22723197937012,1026300
2015-11-04,30.293333053588867,30.42333221435547,30.13999938964844,30.35333251953125,27.305191040039062,1472100
2015-11-05,30.21666717529297,30.26000022888184,29.67333221435547,29.71666717529297,26.732465744018555,2101800
2015-11-06,29.96333312988281,30.51666641235352,29.916667938232425,30.503332138061523,27.440135955810547,1913700
2015-11-09,30.426666259765625,30.426666259765625,30.049999237060547,30.206666946411133,27.173254013061523,1821900
2015-11-10,29.88333320617676,29.88333320617676,29.56666755676269,29.656667709350582,26.67849349975586,2517900
2015-11-11,29.726667404174805,29.99333381652832,29.65333366394043,29.68000030517578,26.699478149414062,1607400
2015-11-12,29.523332595825195,29.703332901000977,29.296667098999023,29.296667098999023,26.35464668273925,2419200
2015-11-13,29.286666870117188,29.39666748046875,28.920000076293945,29.03333282470703,26.11775016784668,1488300
2015-11-16,29.01666641235352,29.40999984741211,29.01000022888184,29.38999938964844,26.438594818115234,1824000
2015-11-17,29.43000030517578,29.81666755676269,29.38999938964844,29.58666610717773,26.615516662597656,2051700
2015-11-18,29.6299991607666,29.90999984741211,29.426666259765625,29.8799991607666,26.87939071655273,2264700
2015-11-19,29.950000762939453,30.22333335876465,29.790000915527344,29.950000762939453,26.942365646362305,1168200
2015-11-20,30.07666778564453,30.209999084472656,29.96999931335449,30.046667098999023,27.02932548522949,598200
2015-11-23,29.99333381652832,30.0,29.64666748046875,29.68666648864746,26.70547103881836,1169400
2015-11-24,29.62333297729492,30.09666633605957,29.49666786193848,30.036666870117188,27.02032852172852,1676700
2015-11-25,30.059999465942383,30.206666946411133,29.946666717529297,30.07999992370605,27.059309005737305,462300
2015-11-27,30.09666633605957,30.32333374023437,30.09666633605957,30.209999084472656,27.176254272460938,588600
2015-11-30,30.253332138061523,30.62333297729492,30.24333381652832,30.536666870117188,27.47011375427246,1134900
2015-12-01,30.733333587646484,31.01333236694336,30.663333892822266,31.01000022888184,27.89591407775879,1731600
2015-12-02,31.12333297729492,31.203332901000977,30.803333282470703,30.86333274841309,27.763975143432617,996900
2015-12-03,31.273332595825195,31.30666732788086,30.520000457763672,30.676666259765625,27.596059799194336,1847700
2015-12-04,30.6433334350586,31.290000915527344,30.59333229064941,31.206666946411133,28.072832107543945,1254900
2015-12-07,31.18000030517578,31.18000030517578,30.88666725158692,30.953332901000977,27.844940185546875,1502100
2015-12-08,30.540000915527344,30.78333282470703,30.39999961853028,30.690000534057617,27.608051300048828,1609200
2015-12-09,30.690000534057617,30.72333335876465,30.1433334350586,30.290000915527344,27.24822425842285,1364700
2015-12-10,30.26333236694336,30.68666648864746,30.24333381652832,30.43666648864746,27.380165100097656,1127400
2015-12-11,30.12666702270508,30.233333587646484,29.81999969482422,29.86666679382324,26.86740493774414,2222100
2015-12-14,29.85333251953125,29.96666717529297,29.37333297729492,29.67333221435547,26.6934871673584,2588100
2015-12-15,29.90333366394043,30.23666763305664,29.803333282470703,30.1200008392334,27.09528923034668,1524000
2015-12-16,30.303333282470703,30.406667709350582,29.8700008392334,30.34666633605957,27.2991943359375,1255200
2015-12-17,30.523332595825195,30.600000381469727,29.90333366394043,29.93000030517578,26.92437171936035,1064700
2015-12-18,29.74666786193848,29.84000015258789,29.51666641235352,29.58333206176757,26.61251640319824,1937700
2015-12-21,29.76333236694336,30.11666679382324,29.74333381652832,30.09000015258789,27.06830406188965,953100
2015-12-22,30.18666648864746,30.23666763305664,29.89999961853028,30.13666725158692,27.11027908325196,796500
2015-12-23,30.17333221435547,30.37333297729492,30.12666702270508,30.34666633605957,27.2991943359375,1291200
2015-12-24,30.253332138061523,30.51666641235352,30.233333587646484,30.40333366394043,27.40827751159668,506700
2015-12-28,30.26000022888184,30.28333282470703,29.983333587646484,30.28333282470703,27.30010032653809,342900
2015-12-29,30.46999931335449,30.77666664123535,30.3799991607666,30.63666725158692,27.618627548217773,596400
2015-12-30,30.62666702270508,30.690000534057617,30.33666610717773,30.36000061035156,27.36921501159668,1165800
2015-12-31,30.239999771118164,30.253332138061523,29.93000030517578,29.946666717529297,26.9965934753418,776700
2016-01-04,29.34333229064941,29.600000381469727,29.166667938232425,29.600000381469727,26.68408393859864,1023000
2016-01-05,29.656667709350582,29.71666717529297,29.25666618347168,29.31999969482422,26.4316635131836,1329000
2016-01-06,28.690000534057617,28.81666755676269,28.239999771118164,28.30666732788086,25.518156051635746,1541100
2016-01-07,27.76000022888184,28.15999984741211,27.453332901000977,27.51333236694336,24.80297088623047,2026800
2016-01-08,27.703332901000977,27.80666732788086,27.046667098999023,27.11666679382324,24.44537925720215,1465200
2016-01-11,27.290000915527344,27.456666946411133,26.84333229064941,27.209999084472656,24.529516220092773,1000800
2016-01-12,27.51000022888184,27.696666717529297,27.05666732788086,27.43666648864746,24.733858108520508,1073700
2016-01-13,27.44333267211914,27.65333366394043,26.55666732788086,26.56333351135254,23.94656562805176,1756200
2016-01-14,26.696666717529297,27.253332138061523,26.33333206176757,27.11000061035156,24.439373016357425,1294200
2016-01-15,26.040000915527344,26.229999542236328,25.540000915527344,25.88666725158692,23.3365535736084,1663800
2016-01-19,26.273332595825195,26.49333381652832,25.703332901000977,25.93000030517578,23.375619888305664,986100
2016-01-20,25.60333251953125,26.36000061035156,25.3799991607666,26.100000381469727,23.528867721557617,1718700
2016-01-21,26.36000061035156,26.809999465942383,26.12333297729492,26.48666763305664,23.877450942993164,1162200
2016-01-22,26.989999771118164,27.15999984741211,26.80666732788086,26.96999931335449,24.313167572021484,1642800
2016-01-25,26.90999984741211,26.96666717529297,26.546667098999023,26.59666633605957,23.97660446166992,1261500
2016-01-26,26.670000076293945,27.053333282470703,26.58666610717773,26.84333229064941,24.1989803314209,1683300
2016-01-27,26.75666618347168,27.043333053588867,26.43000030517578,26.536666870117188,23.92252349853516,1650000
2016-01-28,26.64666748046875,26.793333053588867,26.26000022888184,26.476667404174805,23.868427276611328,525000
2016-01-29,26.696666717529297,27.68000030517578,26.696666717529297,27.676666259765625,24.95022201538086,1774500
2016-02-01,27.459999084472656,27.94333267211914,27.38999938964844,27.799999237060547,25.061397552490234,1923600
2016-02-02,27.5,27.5,26.80666732788086,26.88333320617676,24.235036849975582,1210200
2016-02-03,27.23666763305664,27.23666763305664,26.40333366394043,26.946666717529297,24.292137145996094,1507800
2016-02-04,26.946666717529297,27.58333206176757,26.92333221435547,27.413333892822266,24.71282768249512,1115400
2016-02-05,27.293333053588867,27.293333053588867,26.36333274841309,26.47333335876465,23.86543083190918,2381400
2016-02-08,26.02666664123535,26.036666870117188,25.39666748046875,25.80666732788086,23.2644271850586,3249300
2016-02-09,25.49333381652832,26.11333274841309,25.43666648864746,25.65999984741211,23.132213592529297,859200
2016-02-10,25.86666679382324,26.09333229064941,25.433332443237305,25.459999084472656,22.951919555664062,2616000
2016-02-11,25.05666732788086,25.406667709350582,24.933332443237305,25.26333236694336,22.77461814880371,1256100
2016-02-12,25.543333053588867,25.84666633605957,25.190000534057617,25.81666755676269,23.273452758789062,1213500
2016-02-16,26.15999984741211,26.86000061035156,26.07666778564453,26.72333335876465,24.090795516967773,1281300
2016-02-17,26.89999961853028,27.413333892822266,26.86000061035156,27.36000061035156,24.664745330810547,1126200
2016-02-18,27.56666755676269,27.59000015258789,27.203332901000977,27.229999542236328,24.54755592346192,1015200
2016-02-19,27.27666664123535,27.51000022888184,27.15999984741211,27.350000381469727,24.65573501586914,545400
2016-02-22,27.62333297729492,27.92333221435547,27.62333297729492,27.780000686645508,25.04336929321289,1787400
2016-02-23,27.6433334350586,27.69333267211914,27.290000915527344,27.34333229064941,24.64972496032715,764100
2016-02-24,27.01666641235352,27.76666641235352,26.850000381469727,27.706666946411133,24.97726821899414,1031700
2016-02-25,27.796667098999023,28.06999969482422,27.489999771118164,28.043333053588867,25.280765533447266,1239000
2016-02-26,28.290000915527344,28.32666778564453,28.10333251953125,28.22333335876465,25.443029403686523,921300
2016-02-29,28.27666664123535,28.64999961853028,28.156667709350582,28.156667709350582,25.382936477661133,1171200
2016-03-01,28.36333274841309,28.953332901000977,28.350000381469727,28.916667938232425,26.068058013916016,1164900
2016-03-02,28.87333297729492,29.11333274841309,28.86666679382324,29.09666633605957,26.23033332824707,1033200
2016-03-03,29.106666564941406,29.203332901000977,28.916667938232425,29.1299991607666,26.2603759765625,869400
2016-03-04,29.32999992370605,29.67333221435547,29.11333274841309,29.43000030517578,26.53083038330078,1378500
2016-03-07,29.25,29.670000076293945,29.14666748046875,29.56333351135254,26.65102767944336,1113600
2016-03-08,29.32999992370605,29.350000381469727,28.85333251953125,28.8933334350586,26.047027587890625,1032900
2016-03-09,28.97333335876465,29.170000076293945,28.8799991607666,29.09666633605957,26.23033332824707,578700
2016-03-10,29.280000686645508,29.52666664123535,28.850000381469727,29.24333381652832,26.3625545501709,2480700
2016-03-11,29.559999465942383,29.82999992370605,29.5,29.799999237060547,26.864381790161133,656100
2016-03-14,29.68666648864746,29.82666778564453,29.59666633605957,29.729999542236328,26.80126953125,752400
2016-03-15,29.6299991607666,29.656667709350582,29.413333892822266,29.65333366394043,26.732158660888672,2064300
2016-03-16,29.46666717529297,29.956666946411133,29.46666717529297,29.920000076293945,26.972558975219727,1463400
2016-03-17,29.82999992370605,30.203332901000977,29.78333282470703,30.12666702270508,27.15886688232422,940200
2016-03-18,30.166667938232425,30.559999465942383,30.09333229064941,30.523332595825195,27.51645851135254,1722300
2016-03-21,30.42333221435547,30.600000381469727,30.303333282470703,30.56333351135254,27.5525131225586,672000
2016-03-22,30.413333892822266,30.67333221435547,30.34000015258789,30.55666732788086,27.546506881713867,653100
2016-03-23,30.420000076293945,30.446666717529297,30.059999465942383,30.06666755676269,27.18662452697754,735600
2016-03-24,29.8799991607666,30.06333351135254,29.71999931335449,30.046667098999023,27.168550491333008,602400
2016-03-28,30.11000061035156,30.14666748046875,29.90333366394043,30.030000686645508,27.153478622436523,476100
2016-03-29,29.89999961853028,30.46666717529297,29.76000022888184,30.44333267211914,27.527217864990234,1197600
2016-03-30,30.60333251953125,30.89999961853028,30.58666610717773,30.709999084472656,27.768341064453125,688800
2016-03-31,30.666667938232425,30.69333267211914,30.530000686645508,30.540000915527344,27.61462783813477,536700
2016-04-01,30.27666664123535,30.76333236694336,30.24333381652832,30.75,27.80451393127441,453000
2016-04-04,30.729999542236328,30.753332138061523,30.416667938232425,30.476667404174805,27.557353973388672,653700
2016-04-05,30.293333053588867,30.51333236694336,30.17333221435547,30.30666732788086,27.403636932373047,541500
2016-04-06,30.273332595825195,30.62333297729492,30.023332595825195,30.59666633605957,27.66585922241211,5235600
2016-04-07,30.479999542236328,30.479999542236328,30.01666641235352,30.1299991607666,27.24389839172364,1107300
2016-04-08,30.46999931335449,30.549999237060547,30.163333892822266,30.270000457763672,27.37049102783203,1175400
2016-04-11,30.413333892822266,30.709999084472656,30.253332138061523,30.26333236694336,27.36445426940918,789300
2016-04-12,30.303333282470703,30.33666610717773,29.83333206176757,30.21999931335449,27.32526969909668,1233000
2016-04-13,30.426666259765625,30.92333221435547,30.40999984741211,30.89666748046875,27.93712615966797,1008600
2016-04-14,30.62666702270508,30.706666946411133,30.35333251953125,30.65999984741211,27.72312355041504,725700
2016-04-15,30.59333229064941,30.63666725158692,30.36333274841309,30.39666748046875,27.48501968383789,1100100
2016-04-18,30.286666870117188,30.47333335876465,30.229999542236328,30.39999961853028,27.488035202026367,980100
2016-04-19,30.46666717529297,30.49666786193848,29.90333366394043,30.030000686645508,27.153478622436523,1293000
2016-04-20,29.953332901000977,30.453332901000977,29.950000762939453,30.31666755676269,27.412681579589844,1105500
2016-04-21,30.30666732788086,30.30666732788086,29.99333381652832,30.13666725158692,27.249919891357425,825300
2016-04-22,30.15999984741211,30.456666946411133,29.946666717529297,30.190000534057617,27.298152923583984,731400
2016-04-25,30.09666633605957,30.270000457763672,29.920000076293945,30.01000022888184,27.13538932800293,1796100
2016-04-26,30.23666763305664,30.68666648864746,30.233333587646484,30.40999984741211,27.497079849243164,1356300
2016-04-27,30.11000061035156,30.770000457763672,30.07999992370605,30.71999931335449,27.77737617492676,1516800
2016-04-28,30.55666732788086,30.72333335876465,29.83666610717773,29.916667938232425,27.051002502441406,1489500
2016-04-29,29.799999237060547,29.799999237060547,28.90333366394043,29.12666702270508,26.336673736572266,2604000
2016-05-02,29.203332901000977,29.38666725158692,28.976667404174805,29.34666633605957,26.53559875488281,1144200
2016-05-03,29.053333282470703,29.190000534057617,28.8799991607666,29.01333236694336,26.23419189453125,3286800
2016-05-04,28.803333282470703,29.00666618347168,28.58333206176757,28.683332443237305,25.9358024597168,2537100
2016-05-05,28.850000381469727,29.030000686645508,28.64999961853028,28.753332138061523,25.99908828735352,1178100
2016-05-06,28.6299991607666,28.81333351135254,28.39666748046875,28.793333053588867,26.03526306152344,1242000
2016-05-09,28.84666633605957,29.0,28.67333221435547,28.75666618347168,26.00211524963379,975000
2016-05-10,28.83666610717773,29.11000061035156,28.663333892822266,29.09666633605957,26.30954360961914,830100
2016-05-11,28.98666763305664,29.286666870117188,28.98666763305664,29.02666664123535,26.24625587463379,2676300
2016-05-12,29.09333229064941,29.14666748046875,28.27666664123535,28.50666618347168,25.77606010437012,1212000
2016-05-13,28.58666610717773,28.84666633605957,28.52666664123535,28.61000061035156,25.86949157714844,1603500
2016-05-16,28.62666702270508,29.26666641235352,28.52666664123535,29.06999969482422,26.285430908203125,712800
2016-05-17,29.02666664123535,29.18666648864746,28.793333053588867,28.8799991607666,26.113636016845703,624000
2016-05-18,28.76000022888184,29.58333206176757,28.76000022888184,29.32999992370605,26.52052116394043,2003400
2016-05-19,29.13999938964844,29.38666725158692,28.913333892822266,29.166667938232425,26.37284469604492,1394700
2016-05-20,29.520000457763672,30.07999992370605,29.51666641235352,30.049999237060547,27.17155647277832,1679400
2016-05-23,30.25,30.530000686645508,30.25,30.26000022888184,27.3614444732666,735900
2016-05-24,30.51000022888184,31.02666664123535,30.47333335876465,30.989999771118164,28.02151870727539,1587600
2016-05-25,31.18000030517578,31.25666618347168,30.933332443237305,31.17333221435547,28.187286376953125,1248600
2016-05-26,31.21999931335449,31.350000381469727,31.1433334350586,31.27666664123535,28.28072929382324,912300
2016-05-27,31.25,31.52666664123535,31.25,31.47333335876465,28.45856094360352,861600
2016-05-31,31.53333282470703,31.68666648864746,31.446666717529297,31.656667709350582,28.624326705932617,2144400
2016-06-01,31.6299991607666,31.86333274841309,31.50666618347168,31.82333374023437,28.775026321411133,1314300
2016-06-02,31.76666641235352,31.82999992370605,31.62666702270508,31.82999992370605,28.781055450439453,740700
2016-06-03,32.106666564941406,32.12333297729492,31.73666763305664,31.92333221435547,28.865447998046875,1316100
2016-06-06,31.94333267211914,32.11333465576172,31.796667098999023,31.850000381469727,28.79914093017578,1886100
2016-06-07,31.98666763305664,32.21666717529297,31.983333587646484,32.1533317565918,29.07341766357422,1399200
2016-06-08,32.1533317565918,32.223331451416016,32.040000915527344,32.13999938964844,29.06136131286621,418800
2016-06-09,31.933332443237305,32.19333267211914,31.82333374023437,32.176666259765625,29.09451484680176,1087200
2016-06-10,31.850000381469727,31.850000381469727,31.536666870117188,31.64999961853028,28.618297576904297,1038900
2016-06-13,31.446666717529297,31.83666610717773,31.420000076293945,31.48666763305664,28.470611572265625,1664400
2016-06-14,31.38333320617676,31.559999465942383,31.176666259765625,31.476667404174805,28.461572647094727,1265700
2016-06-15,31.63666725158692,31.690000534057617,31.420000076293945,31.47333335876465,28.45856094360352,706500
2016-06-16,31.163333892822266,31.489999771118164,30.93000030517578,31.46999931335449,28.455535888671875,4066500
2016-06-17,31.420000076293945,31.420000076293945,30.976667404174805,31.203332901000977,28.21441650390625,1817700
2016-06-20,31.656667709350582,31.926666259765625,31.53333282470703,31.549999237060547,28.52787399291992,1106100
2016-06-21,31.58333206176757,31.6433334350586,31.43666648864746,31.549999237060547,28.618282318115234,966600
2016-06-22,31.59666633605957,31.85333251953125,31.483333587646484,31.520000457763672,28.5910701751709,918900
2016-06-23,31.933332443237305,32.34333419799805,31.83666610717773,32.30666732788086,29.30463218688965,1099200
2016-06-24,30.940000534057617,31.43666648864746,30.43666648864746,30.553333282470703,27.714229583740234,2657100
2016-06-27,30.13666725158692,30.13999938964844,29.11333274841309,29.31333351135254,26.58945655822754,5307000
2016-06-28,29.770000457763672,30.13999938964844,29.690000534057617,30.07999992370605,27.284873962402344,2741700
2016-06-29,30.433332443237305,30.77666664123535,30.32333374023437,30.68666648864746,27.835174560546875,2353800
2016-06-30,30.726667404174805,31.24666786193848,30.666667938232425,31.21333312988281,28.31290054321289,1577400
2016-07-01,30.976667404174805,31.06333351135254,30.8933334350586,30.956666946411133,28.08008003234864,1338000
2016-07-05,30.71333312988281,30.71333312988281,30.206666946411133,30.38999938964844,27.56607437133789,2583300
2016-07-06,30.170000076293945,30.479999542236328,29.87666702270508,30.43000030517578,27.60235977172852,1725300
2016-07-07,30.476667404174805,31.02666664123535,30.476667404174805,30.799999237060547,27.937973022460938,1184100
2016-07-08,31.11666679382324,31.683332443237305,31.100000381469727,31.656667709350582,28.715038299560547,1075200
2016-07-11,31.89666748046875,32.150001525878906,31.87333297729492,32.01333236694336,29.038562774658203,960900
2016-07-12,32.30666732788086,32.540000915527344,32.246665954589844,32.43000030517578,29.4165153503418,3075300
2016-07-13,32.54666519165039,32.66666793823242,32.41999816894531,32.470001220703125,29.45279693603516,1431000
2016-07-14,32.76333236694336,32.79666519165039,32.5,32.706668853759766,29.66746711730957,1401300
2016-07-15,32.71333312988281,32.75333404541016,32.56666564941406,32.6966667175293,29.65839958190918,1151100
2016-07-18,33.11000061035156,33.23666763305664,33.01666641235352,33.176666259765625,30.09379005432129,1426200
2016-07-19,33.12333297729492,33.1533317565918,32.959999084472656,33.063331604003906,29.99099922180176,845400
2016-07-20,33.25,33.66999816894531,33.143333435058594,33.586666107177734,30.465694427490234,1967100
2016-07-21,33.619998931884766,33.63999938964844,33.21333312988281,33.349998474121094,30.25102996826172,1458000
2016-07-22,33.23666763305664,33.53666687011719,33.03333282470703,33.51666641235352,30.40220069885254,1398900
2016-07-25,33.5099983215332,33.77333450317383,33.5099983215332,33.709999084472656,30.57756233215332,710100
2016-07-26,34.03333282470703,35.17333221435547,34.03333282470703,35.01666641235352,31.76282501220703,4409700
2016-07-27,35.33000183105469,35.34333419799805,34.810001373291016,35.01333236694336,31.759796142578125,3430500
2016-07-28,34.856666564941406,35.0533332824707,34.66666793823242,34.81999969482422,31.58442115783692,2495700
2016-07-29,34.813331604003906,34.926666259765625,34.5099983215332,34.66666793823242,31.44533920288086,1017000
2016-08-01,34.74333190917969,34.81999969482422,34.573333740234375,34.69333267211914,31.469526290893555,1479300
2016-08-02,34.630001068115234,34.630001068115234,33.95333480834961,34.15999984741211,30.985759735107425,4523400
2016-08-03,33.97666549682617,34.209999084472656,33.970001220703125,34.20333480834961,31.025066375732425,1248900
2016-08-04,34.290000915527344,34.53666687011719,34.22666549682617,34.52333450317383,31.315319061279297,1218600
2016-08-05,34.72666549682617,35.0,34.676666259765625,34.96333312988281,31.71444702148437,1239000
2016-08-08,35.08333206176758,35.16666793823242,34.86000061035156,34.92333221435547,31.67816162109375,695700
2016-08-09,35.116668701171875,35.31999969482422,35.05666732788086,35.206668853759766,31.935157775878903,1128000
2016-08-10,35.23666763305664,35.276668548583984,34.81999969482422,34.96666717529297,31.717464447021484,2446800
2016-08-11,35.116668701171875,35.14666748046875,34.91666793823242,35.099998474121094,31.838403701782227,1129500
2016-08-12,35.16666793823242,35.34000015258789,35.130001068115234,35.26333236694336,31.986570358276367,575100
2016-08-15,35.336666107177734,35.83000183105469,35.336666107177734,35.74333190917969,32.42196273803711,683100
2016-08-16,35.686668395996094,35.686668395996094,35.45333480834961,35.49333190917969,32.1951904296875,1883100
2016-08-17,35.50666809082031,35.51333236694336,35.29666519165039,35.48666763305664,32.18914031982422,1782300
2016-08-18,35.496665954589844,35.746665954589844,35.46666717529297,35.74333190917969,32.42196273803711,693000
2016-08-19,35.776668548583984,36.13666534423828,35.776668548583984,36.04999923706055,32.70014572143555,1472400
2016-08-22,35.99333190917969,36.1533317565918,35.913333892822266,36.06666564941406,32.71525192260742,770700
2016-08-23,36.22666549682617,36.4033317565918,36.22666549682617,36.24333190917969,32.87550354003906,825600
2016-08-24,36.29333114624024,36.323333740234375,35.849998474121094,35.94333267211914,32.60337448120117,917700
2016-08-25,35.83333206176758,36.25666809082031,35.83333206176758,36.09000015258789,32.736419677734375,940200
2016-08-26,36.150001525878906,36.52333450317383,36.00666809082031,36.25,32.88154220581055,932100
2016-08-29,36.4033317565918,36.53333282470703,36.34999847412109,36.393333435058594,33.01156997680664,810900
2016-08-30,36.400001525878906,36.59999847412109,36.19333267211914,36.323333740234375,32.94805908203125,3181200
2016-08-31,36.31333160400391,36.35333251953125,36.0966682434082,36.29999923706055,32.92689514160156,1447200
2016-09-01,36.4033317565918,36.61333465576172,36.11666870117188,36.58666610717773,33.18693161010742,1393800
2016-09-02,36.75,36.776668548583984,36.383331298828125,36.54999923706055,33.153663635253906,1664400
2016-09-06,36.61333465576172,36.663333892822266,36.27999877929688,36.46666717529297,33.07807922363281,1085400
2016-09-07,36.52000045776367,36.526668548583984,36.12333297729492,36.18999862670898,32.82712173461914,3814200
2016-09-08,36.073333740234375,36.223331451416016,35.913333892822266,36.12666702270508,32.76968765258789,1353300
2016-09-09,35.84333419799805,35.84333419799805,34.73666763305664,34.84333419799805,31.605587005615234,2546400
2016-09-12,34.560001373291016,35.53333282470703,34.44333267211914,35.49333190917969,32.1951904296875,2162700
2016-09-13,35.31666564941406,35.616668701171875,35.00333404541016,35.18000030517578,31.910966873168945,1202100
2016-09-14,35.09000015258789,35.57666778564453,35.043331146240234,35.4900016784668,32.192176818847656,1094100
2016-09-15,35.473331451416016,36.37666702270508,35.426666259765625,36.310001373291016,32.93596267700195,1795500
2016-09-16,36.57666778564453,36.68999862670898,36.04333114624024,36.31999969482422,32.94504928588867,1916100
2016-09-19,36.54666519165039,36.89666748046875,36.24333190917969,36.36333465576172,32.984344482421875,1180500
2016-09-20,36.573333740234375,36.5966682434082,36.11000061035156,36.20000076293945,32.836185455322266,1076100
2016-09-21,36.380001068115234,36.75666809082031,36.223331451416016,36.70000076293945,33.289737701416016,1295700
2016-09-22,36.93999862670898,37.04999923706055,36.71333312988281,36.81999969482422,33.39858627319336,1056600
2016-09-23,36.76666641235352,36.78333282470703,36.39666748046875,36.44333267211914,33.05691146850586,818100
2016-09-26,36.03333282470703,36.1533317565918,35.78333282470703,35.93333435058594,32.73111724853516,1149300
2016-09-27,35.849998474121094,36.560001373291016,35.83000183105469,36.5533332824707,33.29587936401367,1034700
2016-09-28,36.686668395996094,36.81333160400391,36.4033317565918,36.62666702270508,33.36266326904297,840600
2016-09-29,36.643333435058594,37.30666732788086,36.24333190917969,37.07666778564453,33.7725715637207,2580900
2016-09-30,37.29666519165039,37.90666580200195,37.29666519165039,37.663333892822266,34.30695724487305,1372500
2016-10-03,37.75333404541016,37.91666793823242,37.33666610717773,37.40999984741211,34.07618713378906,3632100
2016-10-04,37.56666564941406,37.68333435058594,37.16999816894531,37.31333160400391,33.98814392089844,1019400
2016-10-05,37.43333435058594,37.84999847412109,37.34333419799805,37.58666610717773,34.23711395263672,3852600
2016-10-06,37.560001373291016,37.83666610717773,37.32666778564453,37.80666732788086,34.437503814697266,2603700
2016-10-07,37.86666870117188,37.86666870117188,37.40999984741211,37.75,34.385887145996094,1383900
2016-10-10,37.926666259765625,38.06999969482422,37.54666519165039,37.560001373291016,34.212833404541016,1210500
2016-10-11,37.51333236694336,37.51333236694336,36.45000076293945,36.77333450317383,33.49626541137695,1871400
2016-10-12,36.75,36.7599983215332,36.323333740234375,36.650001525878906,33.38392639160156,1567500
2016-10-13,36.323333740234375,36.323333740234375,35.633331298828125,36.21666717529297,32.98921585083008,2082000
2016-10-14,36.54666519165039,36.91666793823242,36.456668853759766,36.4900016784668,33.238189697265625,1365000
2016-10-17,36.45333480834961,36.650001525878906,36.27999877929688,36.29999923706055,33.06510543823242,701100
2016-10-18,36.74666595458984,36.869998931884766,36.650001525878906,36.720001220703125,33.447689056396484,891600
2016-10-19,36.400001525878906,36.61333465576172,36.220001220703125,36.56666564941406,33.30802154541016,1192200
2016-10-20,36.5,36.956668853759766,36.276668548583984,36.823333740234375,33.54182434082031,2059800
2016-10-21,36.52999877929688,36.76666641235352,36.383331298828125,36.72999954223633,33.45679473876953,1095900
2016-10-24,36.92333221435547,37.426666259765625,36.92333221435547,37.4033317565918,34.07013320922852,711000
2016-10-25,37.42333221435547,37.53666687011719,37.29999923706055,37.369998931884766,34.039764404296875,823500
2016-10-26,37.08333206176758,37.53666687011719,37.0533332824707,37.31666564941406,33.99116516113281,1119900
2016-10-27,37.68000030517578,37.76666641235352,37.09333419799805,37.143333435058594,33.833282470703125,1385700
2016-10-28,37.29333114624024,37.51666641235352,36.880001068115234,36.91999816894531,33.629859924316406,1798500
2016-10-31,37.04999923706055,37.29666519165039,37.04999923706055,37.119998931884766,33.81204605102539,913200
2016-11-01,37.12666702270508,37.41999816894531,36.38666534423828,36.790000915527344,33.511451721191406,1674000
2016-11-02,36.81333160400391,37.01666641235352,36.426666259765625,36.54666519165039,33.28981018066406,2461200
2016-11-03,36.56333160400391,36.8033332824707,36.34999847412109,36.48333358764648,33.23210525512695,1512600
2016-11-04,36.27000045776367,36.573333740234375,36.0,36.25333404541016,33.02261734008789,1259100
2016-11-07,36.926666259765625,37.29666519165039,36.77999877929688,37.27333450317383,33.95170974731445,4797900
2016-11-08,37.26333236694336,37.59000015258789,37.0533332824707,37.34999847412109,34.02153396606445,1226100
2016-11-09,36.51333236694336,37.29333114624024,36.33333206176758,37.17333221435547,33.8606071472168,3111000
2016-11-10,37.38999938964844,37.633331298828125,36.03333282470703,36.369998931884766,33.12886428833008,6669000
2016-11-11,36.78333282470703,37.823333740234375,36.78333282470703,37.76333236694336,34.398033142089844,2595300
2016-11-14,37.95000076293945,37.95333480834961,37.46666717529297,37.56666564941406,34.21889114379883,1340100
2016-11-15,37.720001220703125,38.369998931884766,37.630001068115234,38.27000045776367,34.85956573486328,1415100
2016-11-16,38.20333480834961,38.74333190917969,38.19333267211914,38.709999084472656,35.26034927368164,1212300
2016-11-17,38.856666564941406,39.31999969482422,38.62333297729492,39.12666702270508,35.63987731933594,1084500
2016-11-18,39.0099983215332,39.459999084472656,39.0099983215332,39.40999984741211,35.897953033447266,1064400
2016-11-21,39.52999877929688,39.73333358764648,39.393333435058594,39.67333221435547,36.1378288269043,1140300
2016-11-22,39.883331298828125,40.133331298828125,39.8466682434082,40.0966682434082,36.5234489440918,1418700
2016-11-23,40.11333465576172,40.22999954223633,39.900001525878906,40.14666748046875,36.5689811706543,1044000
2016-11-25,40.220001220703125,40.23666763305664,40.04333114624024,40.21666717529297,36.63274383544922,411900
2016-11-28,40.119998931884766,40.27999877929688,40.02999877929688,40.0966682434082,36.5234489440918,661500
2016-11-29,40.06666564941406,40.2599983215332,39.83333206176758,40.02333450317383,36.45664596557617,1172700
2016-11-30,40.00333404541016,40.106666564941406,39.776668548583984,39.79333114624024,36.24714279174805,591900
2016-12-01,39.76333236694336,39.76333236694336,37.62333297729492,37.84999847412109,34.47697448730469,3488400
2016-12-02,37.79666519165039,38.383331298828125,37.66666793823242,38.31666564941406,34.902076721191406,2997000
2016-12-05,38.650001525878906,38.90666580200195,38.39666748046875,38.78333282470703,35.327152252197266,1120500
2016-12-06,38.893333435058594,39.36333465576172,38.893333435058594,39.31999969482422,35.81597900390625,1454700
2016-12-07,39.29666519165039,40.22666549682617,39.16666793823242,40.130001068115234,36.55379486083984,1300500
2016-12-08,40.23666763305664,40.71666717529297,40.186668395996094,40.47999954223633,36.87261962890625,1262700
2016-12-09,40.80666732788086,40.88999938964844,40.060001373291016,40.34333419799805,36.74812316894531,1004400
2016-12-12,40.18333435058594,40.25333404541016,39.706668853759766,40.026668548583984,36.45967483520508,2093700
2016-12-13,40.16666793823242,40.75666809082031,40.11333465576172,40.49333190917969,36.8847541809082,1004100
2016-12-14,40.5099983215332,40.71666717529297,40.31666564941406,40.456668853759766,36.85136032104492,1989300
2016-12-15,40.62333297729492,41.323333740234375,40.5533332824707,41.14666748046875,37.4798583984375,2221200
2016-12-16,41.38999938964844,41.473331451416016,40.54666519165039,40.72999954223633,37.10033416748047,1474200
2016-12-19,40.83666610717773,41.290000915527344,40.78666687011719,41.133331298828125,37.467716217041016,1245600
2016-12-20,41.54666519165039,41.606666564941406,41.3466682434082,41.526668548583984,37.82600784301758,2156700
2016-12-21,41.51666641235352,41.61666870117188,41.36333465576172,41.43000030517578,37.82600402832031,787200
2016-12-22,41.88666534423828,41.89666748046875,41.473331451416016,41.630001068115234,38.00861358642578,869400
2016-12-23,41.59000015258789,41.86666870117188,41.52000045776367,41.84333419799805,38.2033805847168,480000
2016-12-27,41.926666259765625,42.42333221435547,41.90666580200195,42.36000061035156,38.675106048583984,1408500
2016-12-28,42.60333251953125,42.63666534423828,41.53333282470703,41.55666732788086,37.941654205322266,1738500
2016-12-29,41.36666870117188,41.54999923706055,41.11333465576172,41.54999923706055,37.93555450439453,1046700
2016-12-30,41.70000076293945,41.88666534423828,40.77333450317383,40.90666580200195,37.34820175170898,3403800
2017-01-03,41.04666519165039,41.49333190917969,40.55666732788086,40.90666580200195,37.34820175170898,2654100
2017-01-04,41.11000061035156,41.220001220703125,40.83000183105469,41.02000045776367,37.45167922973633,1354200
2017-01-05,41.04333114624024,41.2599983215332,40.59333419799805,40.66999816894531,37.13209915161133,942000
2017-01-06,40.77000045776367,41.11000061035156,40.51333236694336,40.99333190917969,37.42731857299805,875100
2017-01-09,41.13666534423828,41.59333419799805,41.11000061035156,41.426666259765625,37.82295227050781,883800
2017-01-10,41.456668853759766,41.723331451416016,41.400001525878906,41.62666702270508,38.00555419921875,690900
2017-01-11,41.66999816894531,41.776668548583984,41.46666717529297,41.77000045776367,38.13643264770508,1630200
2017-01-12,41.54333114624024,41.650001525878906,40.79333114624024,41.41999816894531,37.81686782836914,1354500
2017-01-13,41.47999954223633,41.790000915527344,41.43000030517578,41.68999862670898,38.06337738037109,849600
2017-01-17,41.53666687011719,41.56333160400391,40.883331298828125,41.02000045776367,37.45167922973633,1092600
2017-01-18,41.06999969482422,41.61000061035156,41.02999877929688,41.58000183105469,37.96295928955078,1156500
2017-01-19,41.51666641235352,41.86000061035156,41.36666870117188,41.393333435058594,37.792518615722656,2727600
2017-01-20,41.81333160400391,42.18333435058594,41.76333236694336,41.926666259765625,38.27946472167969,1929900
2017-01-23,41.77000045776367,41.86000061035156,41.3466682434082,41.66999816894531,38.04512405395508,1053900
2017-01-24,41.8466682434082,42.55666732788086,41.790000915527344,42.47666549682617,38.78162384033203,3734100
2017-01-25,43.04999923706055,43.206668853759766,42.709999084472656,43.106666564941406,39.35680389404297,2025600
2017-01-26,43.18999862670898,43.18999862670898,42.676666259765625,42.86333465576172,39.13465118408203,1262400
2017-01-27,43.08333206176758,43.40999984741211,43.08333206176758,43.39666748046875,39.62158584594727,977400
2017-01-30,43.20000076293945,43.20000076293945,42.63999938964844,43.18000030517578,39.42376327514648,1517400
2017-01-31,42.93333435058594,42.959999084472656,42.356666564941406,42.619998931884766,38.9124870300293,1455000
2017-02-01,43.08000183105469,43.31666564941406,42.86333465576172,43.29666519165039,39.53028869628906,1792200
2017-02-02,43.0,43.40999984741211,42.79333114624024,43.276668548583984,39.51202774047852,1416000
2017-02-03,43.52000045776367,43.58000183105469,43.35333251953125,43.5,39.71593475341797,869400
2017-02-06,43.58666610717773,43.686668395996094,43.31333160400391,43.6533317565918,39.85592269897461,923100
2017-02-07,43.90666580200195,43.97666549682617,43.58666610717773,43.81333160400391,40.00200653076172,594900
2017-02-08,43.94333267211914,44.06666564941406,43.66666793823242,43.89666748046875,40.07807922363281,771600
2017-02-09,43.87333297729492,44.01666641235352,43.459999084472656,43.51333236694336,39.72811126708984,1358100
2017-02-10,43.80666732788086,43.810001373291016,43.06333160400391,43.48666763305664,39.70376968383789,1551600
2017-02-13,43.606666564941406,43.86666870117188,43.5099983215332,43.57666778564453,39.78593444824219,929400
2017-02-14,43.59333419799805,43.59333419799805,43.186668395996094,43.456668853759766,39.67637634277344,608400
2017-02-15,43.58000183105469,43.83666610717773,43.356666564941406,43.79333114624024,39.98373031616211,703800
2017-02-16,43.84000015258789,43.936668395996094,43.58333206176758,43.86333465576172,40.04766082763672,930600
2017-02-17,43.63999938964844,44.0966682434082,43.49333190917969,44.09000015258789,40.25459671020508,996300
2017-02-21,44.2400016784668,44.72999954223633,44.2400016784668,44.71333312988281,40.823726654052734,2010900
2017-02-22,44.62666702270508,44.77999877929688,44.54333114624024,44.723331451416016,40.83284759521485,674700
2017-02-23,44.66999816894531,44.67333221435547,43.706668853759766,43.99666595458984,40.169395446777344,1778100
2017-02-24,43.29333114624024,43.973331451416016,43.133331298828125,43.96666717529297,40.14200973510742,1569600
2017-02-27,43.9900016784668,44.4033317565918,43.893333435058594,44.38666534423828,40.52547073364258,3659400
2017-02-28,44.46666717529297,44.46666717529297,43.72999954223633,43.81999969482422,40.008094787597656,1295400
2017-03-01,44.3466682434082,44.56333160400391,43.91999816894531,44.50333404541016,40.63199615478516,1316700
2017-03-02,44.606666564941406,44.71666717529297,44.0,44.04666519165039,40.21505355834961,1290300
2017-03-03,44.0966682434082,44.130001068115234,43.76666641235352,44.02333450317383,40.19374084472656,1290000
2017-03-06,43.900001525878906,44.12333297729492,43.53666687011719,44.04666519165039,40.21505355834961,1598400
2017-03-07,43.970001220703125,44.43333435058594,43.83666610717773,44.143333435058594,40.30328750610352,1624500
2017-03-08,44.323333740234375,44.61333465576172,44.15666580200195,44.24666595458984,40.39765167236328,1757100
2017-03-09,44.220001220703125,44.40666580200195,43.97999954223633,44.33333206176758,40.47676849365234,1020600
2017-03-10,44.5966682434082,44.93333435058594,44.5966682434082,44.84000015258789,40.93936538696289,2136300
2017-03-13,44.97666549682617,45.19333267211914,44.88999938964844,45.176666259765625,41.24674987792969,1147500
2017-03-14,45.05666732788086,45.09000015258789,44.67333221435547,45.04333114624024,41.125,1066800
2017-03-15,45.09999847412109,45.48333358764648,44.883331298828125,45.400001525878906,41.450645446777344,1108200
2017-03-16,45.54666519165039,45.55666732788086,45.26666641235352,45.35333251953125,41.40804290771485,932700
2017-03-17,45.5099983215332,45.5099983215332,45.3033332824707,45.4466667175293,41.49326705932617,1832100
2017-03-20,45.56333160400391,45.93999862670898,45.40666580200195,45.78333282470703,41.80064392089844,1138200
2017-03-21,45.900001525878906,45.98666763305664,44.62333297729492,44.709999084472656,40.82067489624024,1962600
2017-03-22,44.75333404541016,45.23333358764648,44.5966682434082,45.18333435058594,41.25283432006836,1676400
2017-03-23,45.176666259765625,45.27999877929688,44.95333480834961,45.08333206176758,41.16152572631836,1530900
2017-03-24,45.53666687011719,45.856666564941406,45.119998931884766,45.29333114624024,41.46147537231445,1596000
2017-03-27,44.86000061035156,45.46666717529297,44.67333221435547,45.36000061035156,41.52251052856445,1449900
2017-03-28,45.45000076293945,45.68000030517578,45.22999954223633,45.50333404541016,41.653717041015625,851400
2017-03-29,45.52333450317383,45.52333450317383,45.25666809082031,45.393333435058594,41.553016662597656,1064400
2017-03-30,45.41666793823242,45.72666549682617,45.3466682434082,45.62666702270508,41.7666130065918,831000
2017-03-31,45.67333221435547,45.856666564941406,45.48333358764648,45.630001068115234,41.7696647644043,616500
2017-04-03,45.650001525878906,45.7599983215332,45.04666519165039,45.34000015258789,41.50419998168945,2164800
2017-04-04,45.05666732788086,45.40666580200195,44.98333358764648,45.11333465576172,41.29671478271485,1366800
2017-04-05,45.24333190917969,45.54999923706055,44.77000045776367,44.79999923706055,41.0098762512207,1259400
2017-04-06,44.77000045776367,44.970001220703125,44.413333892822266,44.869998931884766,41.07396697998047,1165500
2017-04-07,44.88666534423828,45.20000076293945,44.7599983215332,45.06333160400391,41.25093078613281,757200
2017-04-10,45.06666564941406,45.11000061035156,44.61000061035156,44.71666717529297,40.93360137939453,810300
2017-04-11,44.49666595458984,44.5099983215332,43.6966667175293,44.356666564941406,40.60404586791992,1602000
2017-04-12,44.23333358764648,44.29333114624024,43.4900016784668,43.59333419799805,39.90530014038086,1704600
2017-04-13,43.33333206176758,43.959999084472656,43.28666687011719,43.3033332824707,39.63982009887695,1309200
2017-04-17,43.473331451416016,43.86666870117188,43.473331451416016,43.84333419799805,40.13414764404297,1329900
2017-04-18,43.59999847412109,44.073333740234375,43.56999969482422,44.04666519165039,40.32029342651367,1325700
2017-04-19,44.40666580200195,44.68000030517578,44.209999084472656,44.276668548583984,40.53081512451172,1701600
2017-04-20,44.60333251953125,45.05666732788086,44.383331298828125,44.97666549682617,41.17158508300781,1669800
2017-04-21,44.83000183105469,44.87666702270508,44.40999984741211,44.78666687011719,40.997676849365234,1922400
2017-04-24,45.44333267211914,45.57666778564453,45.26666641235352,45.43000030517578,41.58657836914063,1482300
2017-04-25,45.650001525878906,45.96333312988281,45.540000915527344,45.893333435058594,42.01071548461914,1269900
2017-04-26,45.83000183105469,45.91666793823242,45.3466682434082,45.51666641235352,41.665924072265625,3504000
2017-04-27,45.84333419799805,46.220001220703125,45.75333404541016,46.15666580200195,42.25177764892578,1099200
2017-04-28,46.04666519165039,46.04666519165039,45.25,45.369998931884766,41.53165817260742,3133800
2017-05-01,45.47999954223633,45.83333206176758,45.25333404541016,45.81999969482422,41.94357681274414,2065500
2017-05-02,45.70000076293945,45.70000076293945,45.10333251953125,45.33666610717773,41.50113677978516,3398700
2017-05-03,45.0966682434082,45.560001373291016,45.08333206176758,45.49333190917969,41.644561767578125,1144800
2017-05-04,45.650001525878906,45.650001525878906,45.26666641235352,45.459999084472656,41.614051818847656,1219500
2017-05-05,45.58000183105469,45.63999938964844,45.21333312988281,45.63999938964844,41.7788200378418,902100
2017-05-08,45.61666870117188,45.70000076293945,45.37333297729492,45.459999084472656,41.614051818847656,801900
2017-05-09,45.52333450317383,46.04333114624024,45.459999084472656,45.90999984741211,42.02598571777344,1281000
2017-05-10,46.47666549682617,46.970001220703125,46.46333312988281,46.883331298828125,42.91696548461914,2503500
2017-05-11,46.8466682434082,47.27000045776367,46.46666717529297,47.0533332824707,43.07257461547852,2091000
2017-05-12,47.11666870117188,47.24333190917969,46.91666793823242,47.186668395996094,43.19462966918945,573300
2017-05-15,47.38666534423828,47.9466667175293,47.25,47.91666793823242,43.86287307739258,1123200
2017-05-16,48.13999938964844,48.62333297729492,47.91666793823242,48.60333251953125,44.49145126342773,1067400
2017-05-17,48.03333282470703,48.130001068115234,46.46666717529297,46.50666809082031,42.57216262817383,3091200
2017-05-18,46.526668548583984,47.50666809082031,46.38666534423828,47.37333297729492,43.36549377441406,2103600
2017-05-19,47.81666564941406,48.06333160400391,47.77333450317383,47.89666748046875,43.84456253051758,2681100
2017-05-22,48.206668853759766,48.43999862670898,48.0966682434082,48.41999816894531,44.32363510131836,2000100
2017-05-23,48.46333312988281,48.46666717529297,47.856666564941406,48.22666549682617,44.14664840698242,760200
2017-05-24,48.54999923706055,48.630001068115234,48.31666564941406,48.540000915527344,44.433475494384766,1018800
2017-05-25,48.686668395996094,48.959999084472656,48.473331451416016,48.78666687011719,44.65925979614258,1013400
2017-05-26,48.74666595458984,49.03333282470703,48.46666717529297,49.0099983215332,44.86370468139648,789600
2017-05-30,49.00666809082031,49.456668853759766,48.95000076293945,49.33666610717773,45.16274642944336,1176900
2017-05-31,49.68999862670898,49.790000915527344,49.09333419799805,49.33000183105469,45.15664291381836,1605300
2017-06-01,49.52000045776367,49.52000045776367,49.09999847412109,49.380001068115234,45.20241165161133,1063200
2017-06-02,49.69333267211914,49.94333267211914,49.31999969482422,49.883331298828125,45.66316223144531,1297500
2017-06-05,49.86666870117188,50.27000045776367,49.8466682434082,50.00333404541016,45.77300262451172,986700
2017-06-06,49.81666564941406,50.5099983215332,49.74333190917969,50.16666793823242,45.92253112792969,1240800
2017-06-07,50.41666793823242,50.7400016784668,50.28333282470703,50.540000915527344,46.26426696777344,1262700
2017-06-08,50.95000076293945,51.48333358764648,50.5099983215332,51.46333312988281,47.10948944091797,1617600
2017-06-09,51.84000015258789,51.98333358764648,48.3033332824707,49.29999923706055,45.12917709350586,5103600
2017-06-12,48.68333435058594,49.1966667175293,47.60333251953125,49.01666641235352,44.86980819702149,5277300
2017-06-13,49.76333236694336,49.83333206176758,48.74666595458984,49.34999847412109,45.17494201660156,3216600
2017-06-14,49.5533332824707,49.5533332824707,48.290000915527344,48.83333206176758,44.70198822021485,2112300
2017-06-15,48.01666641235352,48.5966682434082,47.95333480834961,48.4466667175293,44.3480339050293,3531900
2017-06-16,48.573333740234375,48.810001373291016,48.10333251953125,48.25333404541016,44.17105484008789,1588800
2017-06-19,48.78666687011719,49.25,48.74666595458984,49.16999816894531,45.01016998291016,1455600
2017-06-20,49.43000030517578,49.4900016784668,48.606666564941406,48.61666870117188,44.5036506652832,1193100
2017-06-21,48.84333419799805,49.19333267211914,48.64666748046875,49.18000030517578,45.01932907104492,1386900
2017-06-22,49.16666793823242,49.28666687011719,48.83333206176758,49.06666564941406,44.91558074951172,1299900
2017-06-23,49.150001525878906,49.4900016784668,48.91999816894531,49.21333312988281,45.04983139038086,973200
2017-06-26,49.49333190917969,49.7599983215332,48.52999877929688,48.790000915527344,44.66232299804688,1882800
2017-06-27,48.49666595458984,48.49666595458984,47.34999847412109,47.369998931884766,43.4693717956543,1921500
2017-06-28,47.643333435058594,48.24333190917969,47.186668395996094,48.18999862670898,44.22184753417969,2285400
2017-06-29,47.99666595458984,47.99666595458984,46.3466682434082,46.9900016784668,43.12066650390625,2949300
2017-06-30,47.13666534423828,47.383331298828125,46.52999877929688,46.73333358764648,42.885135650634766,1492800
2017-07-03,47.11000061035156,47.17333221435547,46.07666778564453,46.09333419799805,42.29782485961914,1771800
2017-07-05,46.24333190917969,47.11000061035156,46.24333190917969,47.03666687011719,43.16348648071289,1918200
2017-07-06,46.59999847412109,47.23333358764648,46.380001068115234,46.83000183105469,42.97383117675781,2063100
2017-07-07,47.05666732788086,47.810001373291016,47.05666732788086,47.619998931884766,43.69878005981445,3374400
2017-07-10,47.8033332824707,48.29333114624024,47.50333404541016,48.16999816894531,44.203495025634766,978300
2017-07-11,48.04333114624024,48.59000015258789,48.01333236694336,48.56999969482422,44.570556640625,965400
2017-07-12,49.05666732788086,49.45333480834961,48.883331298828125,49.3466682434082,45.28327941894531,1678200
2017-07-13,49.400001525878906,49.720001220703125,49.04666519165039,49.19333267211914,45.14255905151367,1532700
2017-07-14,49.46333312988281,49.880001068115234,49.3466682434082,49.85333251953125,45.74821472167969,1234500
2017-07-17,50.02333450317383,50.040000915527344,49.48333358764648,49.650001525878906,45.56161880493164,693300
2017-07-18,49.35333251953125,49.81333160400391,49.16999816894531,49.8033332824707,45.70233917236328,1017000
2017-07-19,50.09000015258789,50.276668548583984,49.91999816894531,50.26333236694336,46.12443542480469,1410600
2017-07-20,50.28333282470703,50.47666549682617,49.86666870117188,50.40999984741211,46.25905227661133,1527000
2017-07-21,50.08000183105469,50.08000183105469,49.73333358764648,49.97999954223633,45.86444854736328,984000
2017-07-24,50.0533332824707,50.0533332824707,49.72999954223633,49.83000183105469,45.726806640625,1212600
2017-07-25,49.72666549682617,49.90666580200195,49.27333450317383,49.78666687011719,45.68702697753906,1203600
2017-07-26,50.22999954223633,50.54999923706055,50.04999923706055,50.33333206176758,46.18868255615234,2004600
2017-07-27,50.48333358764648,50.54999923706055,48.97666549682617,49.56666564941406,45.48515319824219,2827800
2017-07-28,49.34000015258789,49.58000183105469,49.133331298828125,49.37666702270508,45.31079864501953,1205700
2017-07-31,49.383331298828125,49.63999938964844,48.856666564941406,48.99333190917969,44.95903396606445,1517400
2017-08-01,49.13999938964844,49.29999923706055,48.900001525878906,49.29666519165039,45.23738479614258,1002000
2017-08-02,49.58000183105469,49.686668395996094,48.59999847412109,48.93999862670898,44.91009140014648,1741200
2017-08-03,48.90999984741211,49.06666564941406,48.51666641235352,48.75666809082031,44.74184799194336,1347300
2017-08-04,48.790000915527344,49.16999816894531,48.633331298828125,48.776668548583984,44.760215759277344,1283700
2017-08-07,48.9033317565918,49.63999938964844,48.9033317565918,49.61666870117188,45.53104019165039,949200
2017-08-08,49.65999984741211,50.0533332824707,49.31333160400391,49.473331451416016,45.399513244628906,818700
2017-08-09,49.08333206176758,49.35333251953125,48.86333465576172,49.30666732788086,45.24656295776367,706500
2017-08-10,48.99333190917969,49.0099983215332,47.88999938964844,47.93000030517578,43.98326873779297,1627500
2017-08-11,47.706668853759766,48.28333282470703,47.59333419799805,48.20000076293945,44.23103332519531,1044300
2017-08-14,48.78333282470703,49.48333358764648,48.776668548583984,49.426666259765625,45.3566780090332,1610100
2017-08-15,49.643333435058594,49.650001525878906,49.20000076293945,49.54999923706055,45.469871520996094,531300
2017-08-16,49.6533317565918,49.84000015258789,49.393333435058594,49.630001068115234,45.54327392578125,777900
2017-08-17,49.393333435058594,49.52333450317383,48.34999847412109,48.37666702270508,44.39315032958984,1209000
2017-08-18,48.663333892822266,48.810001373291016,48.209999084472656,48.45000076293945,44.46045303344727,1026900
2017-08-21,48.52000045776367,48.59999847412109,47.790000915527344,48.09000015258789,44.13007736206055,945900
2017-08-22,48.51333236694336,48.97999954223633,48.45000076293945,48.883331298828125,44.85808944702149,1046700
2017-08-23,48.42333221435547,49.22999954223633,48.37333297729492,49.09000015258789,45.04774856567383,1983900
2017-08-24,49.29333114624024,49.36333465576172,48.823333740234375,49.0966682434082,45.053855895996094,1294200
2017-08-25,49.27999877929688,49.36666870117188,48.78333282470703,48.86000061035156,44.836673736572266,684900
2017-08-28,48.93000030517578,49.02000045776367,48.7400016784668,49.00666809082031,44.97126770019531,552600
2017-08-29,48.38999938964844,49.209999084472656,48.37333297729492,49.08333206176758,45.04161071777344,1068900
2017-08-30,49.3466682434082,50.0,49.17333221435547,49.92333221435547,45.81245422363281,1998900
2017-08-31,50.09333419799805,50.48333358764648,50.01666641235352,50.41666793823242,46.265174865722656,1072200
2017-09-01,50.50666809082031,50.900001525878906,50.50666809082031,50.63666534423828,46.46704864501953,1591200
2017-09-05,50.456668853759766,50.52000045776367,49.51666641235352,49.94333267211914,45.83079528808594,2806500
2017-09-06,50.223331451416016,50.25333404541016,49.78666687011719,50.02333450317383,45.90421295166016,1044000
2017-09-07,50.119998931884766,50.30666732788086,49.893333435058594,50.11000061035156,45.98374938964844,873300
2017-09-08,50.07666778564453,50.11333465576172,49.33666610717773,49.52000045776367,45.44232177734375,1454100
2017-09-11,49.9033317565918,50.58000183105469,49.9033317565918,50.46333312988281,46.307987213134766,1305300
2017-09-12,50.526668548583984,50.83666610717773,50.40999984741211,50.68999862670898,46.51598358154297,742200
2017-09-13,50.66666793823242,50.90666580200195,50.413333892822266,50.790000915527344,46.60775375366211,772800
2017-09-14,50.57666778564453,51.290000915527344,50.56999969482422,50.9900016784668,46.79128646850586,1656900
2017-09-15,51.22999954223633,51.936668395996094,51.12666702270508,51.880001068115234,47.60800552368164,1424100
2017-09-18,52.18333435058594,52.880001068115234,52.18333435058594,52.560001373291016,48.23201751708984,1476900
2017-09-19,52.68333435058594,52.93000030517578,52.400001525878906,52.72666549682617,48.38494110107422,1382700
2017-09-20,52.78666687011719,52.78666687011719,51.29666519165039,52.0,47.71811294555664,2274900
2017-09-21,51.9033317565918,51.96333312988281,51.32666778564453,51.776668548583984,47.51317596435547,864300
2017-09-22,51.63999938964844,52.106666564941406,51.630001068115234,52.040000915527344,47.75482940673828,742200
2017-09-25,51.85333251953125,51.85333251953125,50.79666519165039,51.03666687011719,46.834110260009766,1795500
2017-09-26,51.39666748046875,51.39666748046875,50.643333435058594,50.790000915527344,46.76014709472656,1474200
2017-09-27,51.4033317565918,52.22999954223633,51.33666610717773,52.02000045776367,47.89255905151367,1166400
2017-09-28,51.96666717529297,52.43333435058594,51.83333206176758,52.4033317565918,48.2454719543457,819900
2017-09-29,52.61333465576172,52.926666259765625,52.3466682434082,52.856666564941406,48.662841796875,918600
2017-10-02,53.09333419799805,53.41999816894531,52.810001373291016,53.209999084472656,48.98814392089844,1240500
2017-10-03,53.27333450317383,53.48333358764648,53.0966682434082,53.356666564941406,49.123165130615234,536100
2017-10-04,53.290000915527344,53.47999954223633,52.97999954223633,53.47999954223633,49.23671340942383,873900
2017-10-05,53.706668853759766,53.71333312988281,53.21666717529297,53.526668548583984,49.2796745300293,538200
2017-10-06,53.33333206176758,53.75333404541016,53.33000183105469,53.73666763305664,49.473026275634766,742800
2017-10-09,53.9466667175293,54.19333267211914,53.88666534423828,54.14666748046875,49.85048675537109,835200
2017-10-10,54.633331298828125,54.633331298828125,53.90666580200195,54.45000076293945,50.129764556884766,756300
2017-10-11,54.41666793823242,54.83666610717773,54.34333419799805,54.823333740234375,50.47346496582031,859200
2017-10-12,54.8033332824707,55.0099983215332,54.606666564941406,54.650001525878906,50.31388473510742,584400
2017-10-13,54.90666580200195,55.19333267211914,54.76333236694336,55.0,50.636112213134766,531900
2017-10-16,55.16666793823242,55.27000045776367,54.88999938964844,55.2599983215332,50.87548065185547,543300
2017-10-17,55.28666687011719,55.28666687011719,54.9466667175293,55.21333312988281,50.83252334594727,558900
2017-10-18,55.41666793823242,55.5,54.67333221435547,55.400001525878906,51.00436782836914,712200
2017-10-19,54.973331451416016,55.26666641235352,54.40999984741211,55.2599983215332,50.87548065185547,1063800
2017-10-20,55.69333267211914,55.81666564941406,55.459999084472656,55.54333114624024,51.13632583618164,1083600
2017-10-23,55.81333160400391,56.11333465576172,55.54999923706055,55.81666564941406,51.38798904418945,898500
2017-10-24,55.973331451416016,56.2599983215332,55.76333236694336,56.206668853759766,51.74703598022461,643500
2017-10-25,55.89666748046875,56.04666519165039,54.9033317565918,55.470001220703125,51.068824768066406,1568100
2017-10-26,55.56666564941406,55.913333892822266,55.49333190917969,55.79666519165039,51.36957550048828,1145100
2017-10-27,56.16999816894531,57.040000915527344,55.926666259765625,56.96333312988281,52.44366836547852,1058400
2017-10-30,56.78333282470703,57.356666564941406,56.78333282470703,57.11666870117188,52.58483505249024,1579200
2017-10-31,57.2599983215332,57.7400016784668,57.10333251953125,57.573333740234375,53.00527572631836,1031400
2017-11-01,58.040000915527344,58.08000183105469,56.86000061035156,57.36333465576172,52.81192779541016,1516500
2017-11-02,57.473331451416016,57.79666519165039,57.02999877929688,57.64666748046875,53.07278060913086,4100100
2017-11-03,57.926666259765625,58.66999816894531,57.45000076293945,58.66666793823242,54.0118522644043,2683800
2017-11-06,59.23666763305664,59.52333450317383,58.81333160400391,59.49666595458984,54.7759895324707,3057600
2017-11-07,59.43000030517578,59.58333206176758,59.03666687011719,59.44333267211914,54.72688674926758,1299300
2017-11-08,59.38666534423828,59.68333435058594,59.1533317565918,59.633331298828125,54.901817321777344,1204500
2017-11-09,59.11666870117188,59.11666870117188,57.723331451416016,58.43999862670898,53.80317687988281,3302400
2017-11-10,58.643333435058594,58.86333465576172,58.47666549682617,58.82666778564453,54.15915298461914,1166400
2017-11-13,58.59999847412109,59.06333160400391,58.51666641235352,58.99666595458984,54.31567001342773,1308900
2017-11-14,58.88666534423828,59.11000061035156,58.5099983215332,58.94333267211914,54.266563415527344,801900
2017-11-15,58.526668548583984,58.65999984741211,57.93999862670898,58.413333892822266,53.778621673583984,1175700
2017-11-16,58.65666580200195,59.526668548583984,58.65666580200195,59.28333282470703,54.57959365844727,1093500
2017-11-17,59.633331298828125,59.63999938964844,58.92333221435547,59.02333450317383,54.34022521972656,1887300
2017-11-20,59.356666564941406,59.823333740234375,59.20333480834961,59.72666549682617,54.98774719238281,1792800
2017-11-21,60.119998931884766,60.48666763305664,60.00333404541016,60.40999984741211,55.61686325073242,3603000
2017-11-22,60.62333297729492,60.62666702270508,59.95333480834961,60.04333114624024,55.27927780151367,1203900
2017-11-24,60.29999923706055,60.62333297729492,60.21666717529297,60.58333206176758,55.77644729614258,556800
2017-11-27,60.21666717529297,60.21666717529297,59.723331451416016,59.823333740234375,55.076751708984375,1692900
2017-11-28,60.060001373291016,60.060001373291016,59.48333358764648,59.84999847412109,55.10128784179688,1971300
2017-11-29,59.78333282470703,59.79999923706055,56.633331298828125,57.21333312988281,52.67383575439453,5576700
2017-11-30,57.84333419799805,58.11666870117188,57.163333892822266,57.52000045776367,52.95616149902344,4293300
2017-12-01,56.97666549682617,57.23666763305664,55.50333404541016,56.89666748046875,52.38229751586914,4877700
2017-12-04,57.573333740234375,57.643333435058594,55.18333435058594,55.52999877929688,51.12405776977539,4886400
2017-12-05,55.25,56.58666610717773,54.8466682434082,55.573333740234375,51.16395568847656,5340300
2017-12-06,55.026668548583984,55.85333251953125,54.79333114624024,55.75333404541016,51.32967376708984,2170500
2017-12-07,56.163333892822266,56.470001220703125,55.93333435058594,56.29666519165039,51.82989883422852,2917500
2017-12-08,56.93999862670898,56.96666717529297,55.956668853759766,56.00666809082031,51.56290817260742,1965900
2017-12-11,56.0966682434082,56.4900016784668,55.93999862670898,56.34333419799805,51.87285614013672,5248200
2017-12-12,56.223331451416016,56.223331451416016,55.71666717529297,55.79333114624024,51.366493225097656,1307700
2017-12-13,55.98666763305664,56.276668548583984,55.75,55.78333282470703,51.357303619384766,980100
2017-12-14,55.81999969482422,56.0966682434082,55.59000015258789,55.72666549682617,51.30513000488281,889200
2017-12-15,56.01666641235352,56.74666595458984,55.709999084472656,56.59999847412109,52.10916519165039,3382500
2017-12-18,57.29333114624024,57.84333419799805,57.0,57.81333160400391,53.22621536254883,3488700
2017-12-19,57.70000076293945,57.86000061035156,57.34999847412109,57.64666748046875,53.16995620727539,2278500
2017-12-20,58.25333404541016,58.323333740234375,57.56999969482422,58.06666564941406,53.55734634399414,1342200
2017-12-21,58.25666809082031,58.25666809082031,57.369998931884766,57.45333480834961,52.99165344238281,1750500
2017-12-22,57.25333404541016,57.45000076293945,57.03333282470703,57.41999816894531,52.960899353027344,877800
2017-12-26,56.6966667175293,56.900001525878906,56.369998931884766,56.8466682434082,52.43210220336914,680100
2017-12-27,56.84999847412109,57.31999969482422,56.776668548583984,57.02999877929688,52.60118103027344,794100
2017-12-28,57.209999084472656,57.33333206176758,57.09000015258789,57.18999862670898,52.74876022338867,789000
2017-12-29,57.28333282470703,57.28333282470703,56.59999847412109,56.60333251953125,52.20764923095703,760200
2018-01-02,56.90999984741211,58.163333892822266,56.84000015258789,58.13999938964844,53.62498092651367,2860200
2018-01-03,58.456668853759766,59.17333221435547,58.323333740234375,59.15666580200195,54.56270217895508,1326900
2018-01-04,59.59333419799805,59.68999862670898,59.01333236694336,59.4900016784668,54.8701400756836,1335000
2018-01-05,59.75666809082031,60.07666778564453,59.40999984741211,59.83000183105469,55.18374252319336,1170600
2018-01-08,59.869998931884766,60.48666763305664,59.68333435058594,60.29999923706055,55.61724472045898,1622700
2018-01-09,60.459999084472656,60.459999084472656,59.63999938964844,59.706668853759766,55.06999206542969,1464600
2018-01-10,59.02999877929688,59.27333450317383,58.51666641235352,58.9900016784668,54.408973693847656,2030400
2018-01-11,59.18000030517578,59.37333297729492,58.936668395996094,59.34333419799805,54.73487854003906,1047300
2018-01-12,59.40666580200195,59.790000915527344,59.186668395996094,59.663333892822266,55.03002166748047,1101900
2018-01-16,60.16999816894531,60.56333160400391,59.5099983215332,59.86000061035156,55.21141052246094,1462500
2018-01-17,60.41999816894531,61.68000030517578,60.356666564941406,61.5966682434082,56.81322479248047,1136700
2018-01-18,61.57666778564453,62.176666259765625,61.50333404541016,61.87333297729492,57.06840515136719,3163800
2018-01-19,62.1533317565918,62.25,61.56999969482422,61.936668395996094,57.12681198120117,1188600
2018-01-22,62.0533332824707,62.413333892822266,61.75666809082031,62.39666748046875,57.55109786987305,1247700
2018-01-23,62.69333267211914,62.9033317565918,62.46333312988281,62.89666748046875,58.01225662231445,1467000
2018-01-24,62.24666595458984,62.459999084472656,61.02000045776367,61.456668853759766,56.68408584594727,3006000
2018-01-25,62.12666702270508,62.28333282470703,60.38999938964844,60.38999938964844,55.70026016235352,2254800
2018-01-26,61.206668853759766,62.33000183105469,61.176666259765625,62.31999969482422,57.48038482666016,1667700
2018-01-29,62.09333419799805,62.66666793823242,61.49333190917969,62.22999954223633,57.3973503112793,1626000
2018-01-30,61.33333206176758,61.68999862670898,60.913333892822266,60.99333190917969,56.25673294067383,1948500
2018-01-31,61.709999084472656,61.93000030517578,61.150001525878906,61.4900016784668,56.71482849121094,1163700
2018-02-01,61.0,62.09000015258789,60.90666580200195,61.186668395996094,56.43505859375,1255500
2018-02-02,60.68333435058594,60.72999954223633,59.5099983215332,59.540000915527344,54.91626739501953,3241800
2018-02-05,58.65666580200195,59.973331451416016,56.56999969482422,56.73666763305664,52.33062744140625,3915600
2018-02-06,55.86666870117188,58.86000061035156,55.73666763305664,58.790000915527344,54.22451019287109,4045500
2018-02-07,58.40666580200195,58.93000030517578,57.52000045776367,57.52999877929688,53.06235504150391,3262200
2018-02-08,57.79999923706055,57.959999084472656,55.06666564941406,55.11333465576172,50.83335494995117,4162200
2018-02-09,56.36666870117188,57.09999847412109,54.393333435058594,56.70000076293945,52.29681396484375,5947800
2018-02-12,57.45333480834961,58.16666793823242,56.91999816894531,57.790000915527344,53.30216217041016,2956200
2018-02-13,57.426666259765625,57.84333419799805,57.23666763305664,57.723331451416016,53.24066925048828,1481700
2018-02-14,57.27333450317383,59.16666793823242,57.15999984741211,59.07666778564453,54.488914489746094,1199100
2018-02-15,59.633331298828125,59.790000915527344,58.393333435058594,59.77999877929688,55.13762283325195,1732500
2018-02-16,59.48333358764648,60.31333160400391,59.48333358764648,59.56666564941406,54.940860748291016,929700
2018-02-20,59.380001068115234,61.16666793823242,59.31999969482422,60.619998931884766,55.91240310668945,2507400
2018-02-21,60.95333480834961,61.0,59.883331298828125,59.92333221435547,55.26982498168945,1435500
2018-02-22,60.27000045776367,60.413333892822266,59.59333419799805,59.790000915527344,55.146854400634766,1460700
2018-02-23,60.426666259765625,61.06999969482422,60.23333358764648,61.06999969482422,56.32743453979492,1424700
2018-02-26,61.43333435058594,62.400001525878906,61.426666259765625,62.38666534423828,57.54185485839844,1090500
2018-02-27,62.413333892822266,63.2400016784668,62.18000030517578,62.18000030517578,57.35124969482422,1369200
2018-02-28,62.61666870117188,62.7400016784668,61.56666564941406,61.62666702270508,56.84088134765625,1266600
2018-03-01,61.84333419799805,61.883331298828125,59.9466667175293,60.6533317565918,55.94314193725586,2850300
2018-03-02,59.96666717529297,61.79666519165039,59.82666778564453,61.68333435058594,56.89316177368164,1392600
2018-03-05,61.35333251953125,62.53666687011719,61.07666778564453,62.23666763305664,57.40350341796875,1251000
2018-03-06,62.83000183105469,63.3466682434082,62.5,63.17333221435547,58.26744842529297,1779000
2018-03-07,62.51666641235352,63.456668853759766,62.51666641235352,63.37666702270508,58.454986572265625,1167300
2018-03-08,63.75,63.78666687011719,63.08333206176758,63.43333435058594,58.50726318359375,1147200
2018-03-09,63.94333267211914,64.77666473388672,63.79333114624024,64.75,59.72165298461914,1586400
2018-03-12,65.22666931152344,65.7699966430664,65.0199966430664,65.4366683959961,60.355018615722656,1860300
2018-03-13,65.22666931152344,65.7699966430664,64.14666748046875,64.42666625976562,59.42344665527344,4230000
2018-03-14,64.78333282470703,64.78333282470703,63.83000183105469,64.41999816894531,59.417293548583984,1641000
2018-03-15,64.58999633789062,64.79000091552734,64.03666687011719,64.37000274658203,59.371185302734375,1073100
2018-03-16,64.45999908447266,64.72666931152344,64.27333068847656,64.34333038330078,59.34658050537109,1035000
2018-03-19,63.76333236694336,64.0633316040039,62.223331451416016,63.11666870117188,58.21517181396485,2781600
2018-03-20,63.25,63.78666687011719,63.16666793823242,63.58000183105469,58.64252471923828,760800
2018-03-21,63.50666809082031,64.5199966430664,63.426666259765625,63.70000076293945,58.753211975097656,1380300
2018-03-22,62.59333419799805,63.24333190917969,61.8466682434082,61.900001525878906,57.20524978637695,1752000
2018-03-23,61.790000915527344,61.900001525878906,59.81666564941406,59.84000015258789,55.30148315429688,3847500
2018-03-26,61.24333190917969,62.35333251953125,60.46333312988281,62.33666610717773,57.608795166015625,2399700
2018-03-27,62.81666564941406,62.99333190917969,59.53333282470703,60.04333114624024,55.48939895629883,3221700
2018-03-28,59.630001068115234,60.176666259765625,58.48333358764648,58.74333190917969,54.28799057006836,2980200
2018-03-29,59.13999938964844,60.58666610717773,58.709999084472656,60.01666641235352,55.46474838256836,2504100
2018-04-02,59.49333190917969,59.93333435058594,57.1533317565918,57.723331451416016,53.34534454345703,2379600
2018-04-03,58.44333267211914,58.97666549682617,57.810001373291016,58.81666564941406,54.35576629638672,1673400
2018-04-04,57.12333297729492,59.72999954223633,57.106666564941406,59.573333740234375,55.05504608154297,2024700
2018-04-05,59.9466667175293,60.02333450317383,58.58000183105469,58.96333312988281,54.49130630493164,1725000
2018-04-06,58.15666580200195,58.79333114624024,56.92333221435547,57.18000030517578,52.8432502746582,1179900
2018-04-09,57.85333251953125,59.20333480834961,57.50666809082031,57.540000915527344,53.17593002319336,1113000
2018-04-10,58.86000061035156,59.72666549682617,58.48666763305664,59.380001068115234,54.87636566162109,1904100
2018-04-11,59.04999923706055,59.926666259765625,58.94333267211914,59.4033317565918,54.8979377746582,1226400
2018-04-12,59.87666702270508,60.686668395996094,59.823333740234375,60.52333450317383,55.9329833984375,1911300
2018-04-13,61.22999954223633,61.33666610717773,59.86000061035156,60.07666778564453,55.52019500732422,1289400
2018-04-16,60.43333435058594,60.50666809082031,59.68333435058594,60.18333435058594,55.61878967285156,849300
2018-04-17,60.65999984741211,61.46666717529297,60.53666687011719,61.323333740234375,56.67231369018555,1097700
2018-04-18,60.93000030517578,61.06666564941406,60.18000030517578,60.720001220703125,56.1147575378418,1453500
2018-04-19,59.5533332824707,59.619998931884766,57.88999938964844,58.09333419799805,53.68729782104492,5532900
2018-04-20,58.08000183105469,58.37666702270508,57.1533317565918,57.40666580200195,53.05271530151367,3552000
2018-04-23,57.62333297729492,57.75333404541016,56.5,56.643333435058594,52.34727096557617,2047200
2018-04-24,57.13666534423828,57.65999984741211,55.68999862670898,56.186668395996094,51.925254821777344,3480900
2018-04-25,56.436668395996094,56.52000045776367,55.22999954223633,56.11666870117188,51.86054611206055,4432800
2018-04-26,57.00333404541016,57.31999969482422,56.643333435058594,57.26333236694336,52.92024230957031,4609200
2018-04-27,57.9900016784668,58.04999923706055,56.58000183105469,56.86333465576172,52.550575256347656,3309000
2018-04-30,56.76666641235352,57.1966667175293,55.99666595458984,56.2400016784668,51.97452545166016,1802100
2018-05-01,56.09999847412109,57.22666549682617,56.03333282470703,57.163333892822266,52.82783889770508,3127800
2018-05-02,57.220001220703125,57.400001525878906,56.66999816894531,56.90999984741211,52.59370422363281,1543200
2018-05-03,56.46333312988281,57.5,56.03333282470703,57.25,52.90792083740234,2396700
2018-05-04,56.93999862670898,58.6966667175293,56.68000030517578,58.59333419799805,54.149375915527344,1977900
2018-05-07,59.073333740234375,59.436668395996094,58.86000061035156,59.15999984741211,54.67306518554688,1185000
2018-05-08,59.12333297729492,59.59333419799805,58.893333435058594,59.5099983215332,54.99650955200195,1206300
2018-05-09,59.72999954223633,60.459999084472656,59.5966682434082,60.41666793823242,55.83441925048828,1043700
2018-05-10,60.75666809082031,61.54333114624024,60.720001220703125,61.51666641235352,56.85099029541016,1242900
2018-05-11,61.16666793823242,61.63666534423828,60.956668853759766,61.06666564941406,56.43511962890625,1857900
2018-05-14,61.83000183105469,62.55666732788086,61.70333480834961,61.81333160400391,57.12515258789063,1653900
2018-05-15,61.40666580200195,61.58000183105469,60.70333480834961,61.143333435058594,56.50596237182617,1263900
2018-05-16,61.62666702270508,62.06333160400391,61.106666564941406,61.93000030517578,57.23297119140625,1221300
2018-05-17,61.78666687011719,62.25333404541016,61.28666687011719,61.75,57.06661987304688,1301400
2018-05-18,61.20000076293945,61.28666687011719,60.650001525878906,60.86666870117188,56.25029373168945,2072700
2018-05-21,61.76333236694336,62.08333206176758,60.936668395996094,61.47666549682617,56.81401824951172,1473300
2018-05-22,62.0,62.290000915527344,61.61000061035156,61.81999969482422,57.13131332397461,1496400
2018-05-23,61.34000015258789,62.17333221435547,61.08333206176758,62.1533317565918,57.43935394287109,1039200
2018-05-24,62.1966667175293,62.53666687011719,61.630001068115234,62.4033317565918,57.67040252685547,1136100
2018-05-25,62.400001525878906,62.99666595458984,62.29999923706055,62.90666580200195,58.13555145263672,1400700
2018-05-29,62.63999938964844,63.0533332824707,62.09333419799805,62.526668548583984,57.78438186645508,1538400
2018-05-30,62.86666870117188,63.4033317565918,62.62333297729492,62.93333435058594,58.16020584106445,2143500
2018-05-31,62.83000183105469,63.11666870117188,62.37666702270508,62.47666549682617,57.73818206787109,1606500
2018-06-01,63.03666687011719,63.900001525878906,62.81333160400391,63.900001525878906,59.05355453491211,1060500
2018-06-04,64.06999969482422,64.4800033569336,63.82666778564453,64.40666961669922,59.52179718017578,1170900
2018-06-05,64.57666778564453,64.88666534423828,64.33333587646484,64.71333312988281,59.80521011352539,641400
2018-06-06,64.79000091552734,65.12333679199219,64.4433364868164,65.12333679199219,60.18410110473633,1268100
2018-06-07,65.1866683959961,65.26000213623047,64.08000183105469,64.5433349609375,59.64809799194336,2082900
2018-06-08,63.80666732788086,64.08999633789062,63.45333480834961,63.96666717529297,59.11516571044922,2429700
2018-06-11,63.869998931884766,64.16666412353516,63.633331298828125,63.84333419799805,59.00117874145508,1277700
2018-06-12,64.00666809082031,64.21666717529297,63.59999847412109,64.17333221435547,59.30615997314453,932400
2018-06-13,64.21333312988281,64.75666809082031,64.00666809082031,64.07666778564453,59.21683120727539,9156900
2018-06-14,64.44667053222656,64.7699966430664,64.07333374023438,64.45999908447266,59.571083068847656,1635600
2018-06-15,64.0433349609375,64.4800033569336,63.81666564941406,64.40333557128906,59.51872253417969,1122600
2018-06-18,63.99333190917969,63.99333190917969,63.19333267211914,63.78333282470703,58.94573974609375,1675800
2018-06-19,62.83000183105469,63.130001068115234,62.12333297729492,63.08333206176758,58.29883193969727,2631000
2018-06-20,63.44333267211914,63.709999084472656,63.0966682434082,63.38666534423828,58.57915878295898,2007300
2018-06-21,63.81333160400391,63.84000015258789,62.50666809082031,62.59999847412109,57.85215377807617,1245900
2018-06-22,62.9033317565918,62.94333267211914,61.98333358764648,62.10333251953125,57.39315414428711,1116300
2018-06-25,61.436668395996094,61.436668395996094,59.50333404541016,60.276668548583984,55.70503616333008,5441100
2018-06-26,60.26666641235352,60.58333206176758,59.98333358764648,60.28333282470703,55.902870178222656,11004000
2018-06-27,60.60333251953125,60.74333190917969,58.81333160400391,58.84333419799805,54.567508697509766,2364000
2018-06-28,58.66666793823242,59.42333221435547,58.59000015258789,59.290000915527344,54.98171615600586,4067700
2018-06-29,59.83333206176758,60.13666534423828,59.413333892822266,59.413333892822266,55.09607696533203,1278000
2018-07-02,58.900001525878906,59.79999923706055,58.4466667175293,59.78666687011719,55.44228744506836,2097300
2018-07-03,60.040000915527344,60.12666702270508,58.63999938964844,58.6966667175293,54.4315071105957,1141500
2018-07-05,59.220001220703125,60.276668548583984,59.220001220703125,60.26666641235352,55.88740921020508,1341000
2018-07-06,60.26333236694336,61.106666564941406,59.93999862670898,61.00666809082031,56.573638916015625,2263200
2018-07-09,61.619998931884766,61.63666534423828,60.68000030517578,61.39666748046875,56.93531036376953,1360200
2018-07-10,61.5099983215332,62.176666259765625,61.41666793823242,62.04666519165039,57.538063049316406,1403400
2018-07-11,61.04666519165039,61.40999984741211,60.4033317565918,60.45333480834961,56.06051635742188,1998600
2018-07-12,60.29666519165039,60.94333267211914,59.91999816894531,60.86000061035156,56.43762969970703,2267400
2018-07-13,61.03333282470703,61.03333282470703,60.54999923706055,60.63999938964844,56.23362731933594,802200
2018-07-16,60.72666549682617,60.96333312988281,60.50666809082031,60.55666732788086,56.156341552734375,612600
2018-07-17,60.150001525878906,61.4466667175293,60.0533332824707,61.426666259765625,56.96311569213867,4140600
2018-07-18,61.70333480834961,62.00666809082031,61.5,61.900001525878906,57.40206146240234,923400
2018-07-19,61.77999877929688,62.01333236694336,61.36000061035156,61.76333236694336,57.27532577514648,871500
2018-07-20,61.70000076293945,61.81666564941406,61.15999984741211,61.473331451416016,57.006385803222656,871800
2018-07-23,61.15666580200195,61.65999984741211,60.36333465576172,61.55666732788086,57.08366394042969,1001100
2018-07-24,61.93999862670898,62.2400016784668,60.79999923706055,60.88666534423828,56.46236038208008,1884000
2018-07-25,60.86000061035156,61.16999816894531,60.08000183105469,61.11666870117188,56.67564392089844,10230000
2018-07-26,61.52333450317383,62.34999847412109,61.52333450317383,62.310001373291016,57.78226852416992,7296300
2018-07-27,62.35333251953125,62.913333892822266,61.57666778564453,62.03333282470703,57.52570724487305,5193300
2018-07-30,62.00666809082031,62.176666259765625,61.12333297729492,61.426666259765625,56.96311569213867,2500200
2018-07-31,61.83666610717773,62.6966667175293,61.723331451416016,61.83333206176758,57.34023284912109,2271000
2018-08-01,61.893333435058594,62.38999938964844,61.47666549682617,61.74333190917969,57.25676727294922,3727800
2018-08-02,61.186668395996094,62.43000030517578,60.96666717529297,62.34999847412109,57.8193473815918,2253300
2018-08-03,62.38999938964844,62.53666687011719,62.0966682434082,62.47999954223633,57.93991470336914,1344300
2018-08-06,62.36000061035156,62.86666870117188,62.02333450317383,62.856666564941406,58.28919982910156,777900
2018-08-07,63.15999984741211,63.39666748046875,62.91666793823242,63.356666564941406,58.75288391113281,9879900
2018-08-08,63.36666870117188,63.633331298828125,63.11666870117188,63.50333404541016,58.88887786865234,1116600
2018-08-09,63.220001220703125,63.310001373291016,62.86333465576172,62.87666702270508,58.30776596069336,2218800
2018-08-10,61.573333740234375,61.84333419799805,61.026668548583984,61.31666564941406,56.86110305786133,3248100
2018-08-13,61.426666259765625,61.93999862670898,61.33333206176758,61.40666580200195,56.94457244873047,1687500
2018-08-14,61.76666641235352,61.86333465576172,61.23333358764648,61.28333282470703,56.830204010009766,1609500
2018-08-15,60.75666809082031,61.0099983215332,59.810001373291016,60.43333435058594,56.04197311401367,3067800
2018-08-16,60.83333206176758,60.91666793823242,60.19333267211914,60.356666564941406,55.97087478637695,1419900
2018-08-17,59.81999969482422,60.06666564941406,59.01333236694336,59.90666580200195,55.55358123779297,2195400
2018-08-20,59.9900016784668,60.206668853759766,59.18000030517578,59.85333251953125,55.50410461425781,957300
2018-08-21,60.04333114624024,61.18000030517578,60.02999877929688,61.02000045776367,56.58600234985352,2549100
2018-08-22,60.893333435058594,61.38666534423828,60.52000045776367,61.30666732788086,56.85184097290039,1440300
2018-08-23,61.276668548583984,61.83000183105469,61.276668548583984,61.37666702270508,56.9167366027832,1847700
2018-08-24,61.650001525878906,62.29999923706055,61.63999938964844,62.26666641235352,57.74207305908203,1685100
2018-08-27,62.77333450317383,63.72666549682617,62.63666534423828,63.25666809082031,58.66014862060547,17873700
2018-08-28,63.59333419799805,63.77333450317383,62.88666534423828,63.5,58.88579559326172,1616100
2018-08-29,63.5,63.86333465576172,63.276668548583984,63.66666793823242,59.04034805297852,4280400
2018-08-30,63.52000045776367,63.7599983215332,63.0099983215332,63.0966682434082,58.51177597045898,1811400
2018-08-31,63.00666809082031,63.53666687011719,63.00666809082031,63.43999862670898,58.83015823364258,1099800
2018-09-04,63.209999084472656,63.97666549682617,63.073333740234375,63.95000076293945,59.30309677124024,1289700
2018-09-05,63.88999938964844,64.0633316040039,63.10333251953125,63.63999938964844,59.01560974121094,1579500
2018-09-06,63.400001525878906,63.45333480834961,61.88666534423828,61.95333480834961,57.45151519775391,1494000
2018-09-07,61.83666610717773,62.59333419799805,61.54999923706055,61.6966667175293,57.2135124206543,8400900
2018-09-10,62.13666534423828,62.36666870117188,61.77333450317383,62.34999847412109,57.8193473815918,951000
2018-09-11,62.09999847412109,62.18333435058594,61.41666793823242,61.74666595458984,57.259857177734375,1734900
2018-09-12,60.95000076293945,61.060001373291016,59.70000076293945,61.03333282470703,56.598365783691406,2111400
2018-09-13,61.706668853759766,62.50333404541016,61.50666809082031,61.72999954223633,57.24440002441406,2159700
2018-09-14,62.08666610717773,62.66999816894531,61.90666580200195,62.42333221435547,57.88735580444336,1979100
2018-09-17,62.19333267211914,62.356666564941406,61.47666549682617,61.5533332824707,57.08058547973633,1527600
2018-09-18,61.8033332824707,62.459999084472656,61.8033332824707,62.08333206176758,57.57206726074219,1312800
2018-09-19,62.106666564941406,62.47666549682617,61.91999816894531,62.18000030517578,57.66171646118164,1104900
2018-09-20,62.66999816894531,63.17333221435547,62.58000183105469,62.93333435058594,58.36030197143555,1450200
2018-09-21,62.99333190917969,63.22666549682617,62.59999847412109,62.76333236694336,58.20266342163086,1707600
2018-09-24,62.25666809082031,63.0099983215332,62.12666702270508,62.97999954223633,58.403587341308594,833400
2018-09-25,62.82666778564453,62.82666778564453,61.810001373291016,61.97666549682617,57.47314834594727,1470300
2018-09-26,61.41666793823242,61.78666687011719,61.0,61.06666564941406,56.87921524047852,1049700
2018-09-27,61.26333236694336,61.540000915527344,61.08333206176758,61.29666519165039,57.09342956542969,1055700
2018-09-28,61.22666549682617,61.900001525878906,61.04333114624024,61.68333435058594,57.45359420776367,2376600
2018-10-01,62.0,62.4033317565918,61.75,61.89666748046875,57.652305603027344,1025100
2018-10-02,61.73333358764648,62.75,61.73333358764648,61.89666748046875,57.652305603027344,2016900
2018-10-03,62.16666793823242,62.38666534423828,61.400001525878906,61.95333480834961,57.70508193969727,1986300
2018-10-04,61.526668548583984,61.630001068115234,60.33000183105469,60.856666564941406,56.68360900878906,1919100
2018-10-05,60.87333297729492,60.93333435058594,58.86333465576172,59.41666793823242,55.34235382080078,2436900
2018-10-08,58.93333435058594,59.46666717529297,58.24666595458984,58.75333404541016,54.72451019287109,2152200
2018-10-09,58.43000030517578,58.98333358764648,58.323333740234375,58.686668395996094,54.662410736083984,1609800
2018-10-10,57.92333221435547,57.959999084472656,56.04999923706055,56.0966682434082,52.25001525878906,6056400
2018-10-11,55.99333190917969,57.21333312988281,55.10333251953125,55.53666687011719,51.7284049987793,4370400
2018-10-12,57.03666687011719,57.356666564941406,55.723331451416016,56.54666519165039,52.66914749145508,4856100
2018-10-15,56.3033332824707,56.709999084472656,55.880001068115234,56.08333206176758,52.23759841918945,3884100
2018-10-16,56.706668853759766,57.9900016784668,56.643333435058594,57.90999984741211,53.93901062011719,1955100
2018-10-17,58.33333206176758,58.4466667175293,57.27999877929688,57.68000030517578,53.72478485107422,2425500
2018-10-18,57.44333267211914,57.4466667175293,56.026668548583984,56.23666763305664,52.380409240722656,4058700
2018-10-19,56.58333206176758,56.90666580200195,55.15666580200195,55.393333435058594,51.59490966796875,3382800
2018-10-22,55.68333435058594,56.060001373291016,55.21666717529297,55.73333358764648,51.91159439086914,3923700
2018-10-23,54.276668548583984,55.75,53.67333221435547,55.44333267211914,51.64148712158203,4304700
2018-10-24,54.51666641235352,54.51666641235352,51.71333312988281,51.80666732788086,48.25419235229492,9218700
2018-10-25,52.10333251953125,53.36666870117188,52.02333450317383,52.96333312988281,49.33154678344727,9226500
2018-10-26,51.810001373291016,52.959999084472656,51.1966667175293,52.04333114624024,48.47462463378906,3910200
2018-10-29,53.0966682434082,53.34000015258789,50.526668548583984,51.5,47.96855926513672,4422600
2018-10-30,51.34999847412109,53.69333267211914,51.34999847412109,53.63999938964844,49.96179962158203,2495700
2018-10-31,54.473331451416016,54.7400016784668,53.84000015258789,54.31999969482422,50.59518432617188,3495900
2018-11-01,54.709999084472656,57.0,54.66999816894531,56.869998931884766,52.970314025878906,3511500
2018-11-02,56.619998931884766,56.92333221435547,55.31999969482422,56.01333236694336,52.172393798828125,3240000
2018-11-05,55.926666259765625,55.93333435058594,54.56999969482422,55.50333404541016,51.697364807128906,2405100
2018-11-06,55.383331298828125,56.36666870117188,55.383331298828125,56.150001525878906,52.29970169067383,1184400
2018-11-07,56.88999938964844,56.973331451416016,56.16666793823242,56.78666687011719,52.8927001953125,1827900
2018-11-08,56.34000015258789,57.00333404541016,56.08333206176758,56.633331298828125,52.749881744384766,1706100
2018-11-09,55.9900016784668,56.04333114624024,55.06999969482422,55.5533332824707,51.743927001953125,1690200
2018-11-12,54.606666564941406,54.71666717529297,52.9033317565918,53.073333740234375,49.43399429321289,2249100
2018-11-13,53.51333236694336,54.87333297729492,53.51333236694336,53.8033332824707,50.11394119262695,2411100
2018-11-14,54.30666732788086,54.81999969482422,53.52333450317383,54.040000915527344,50.334381103515625,3722100
2018-11-15,53.75666809082031,56.06333160400391,53.74333190917969,55.86666870117188,52.03579330444336,4985100
2018-11-16,53.84000015258789,55.44333267211914,53.83333206176758,55.19333267211914,51.40861892700195,4494300
2018-11-19,54.91999816894531,55.08000183105469,53.02999877929688,53.08333206176758,49.44330978393555,2579100
2018-11-20,51.56666564941406,53.83666610717773,51.50666809082031,53.150001525878906,49.505401611328125,3124200
2018-11-21,53.74333190917969,54.15666580200195,53.34999847412109,53.369998931884766,49.71031951904297,2259900
2018-11-23,52.96333312988281,53.81666564941406,52.93000030517578,53.400001525878906,49.73826217651367,1488000
2018-11-26,54.11333465576172,54.369998931884766,53.58666610717773,54.36666870117188,50.63864135742188,1907400
2018-11-27,54.073333740234375,54.90666580200195,53.8033332824707,54.4466667175293,50.71315002441406,2013000
2018-11-28,55.06666564941406,55.74333190917969,53.97999954223633,55.720001220703125,51.89917755126953,1681200
2018-11-29,55.58333206176758,55.8466682434082,55.17333221435547,55.31333160400391,51.52039337158203,2874300
2018-11-30,55.276668548583984,56.09000015258789,54.75666809082031,56.08333206176758,52.23759841918945,1842600
2018-12-03,57.77333450317383,57.98333358764648,56.99333190917969,57.55666732788086,53.609901428222656,2338500
2018-12-04,57.09999847412109,57.23333358764648,54.72999954223633,54.8033332824707,51.04536437988281,2076900
2018-12-06,53.27000045776367,54.52333450317383,52.99666595458984,54.52333450317383,50.78456497192383,5354400
2018-12-07,54.43999862670898,54.52333450317383,52.19333267211914,52.4900016784668,48.890663146972656,1956000
2018-12-10,52.30666732788086,53.40666580200195,52.17333221435547,53.163333892822266,49.517826080322266,1613100
2018-12-11,54.11333465576172,54.75666809082031,53.20000076293945,53.50333404541016,49.834510803222656,2491500
2018-12-12,54.37666702270508,55.0966682434082,53.936668395996094,54.26333236694336,50.54239654541016,1403700
2018-12-13,54.67333221435547,54.936668395996094,53.91666793823242,54.150001525878906,50.43683242797852,1341000
2018-12-14,53.52333450317383,54.436668395996094,53.33666610717773,53.383331298828125,49.72273635864258,1363500
2018-12-17,53.19333267211914,53.973331451416016,52.24666595458984,52.58000183105469,49.07838439941406,1176300
2018-12-18,53.02333450317383,54.09999847412109,53.01333236694336,53.27333450317383,49.72554016113281,2520300
2018-12-19,52.97666549682617,53.58000183105469,50.78666687011719,51.00666809082031,47.60982894897461,3022800
2018-12-20,50.98333358764648,51.810001373291016,49.97666549682617,50.6533317565918,47.2800178527832,3256500
2018-12-21,50.97666549682617,51.55666732788086,49.65666580200195,49.79333114624024,46.477294921875,2780100
2018-12-24,49.36000061035156,49.913333892822266,48.33333206176758,48.33333206176758,45.11452102661133,2641800
2018-12-26,49.133331298828125,51.23333358764648,48.26333236694336,51.23333358764648,47.8213996887207,4233900
2018-12-27,50.4466667175293,51.57666778564453,49.84000015258789,51.56999969482422,48.13564300537109,2700600
2018-12-28,51.82666778564453,52.880001068115234,51.526668548583984,51.93999862670898,48.48099899291992,1011000
2018-12-31,52.47999954223633,52.709999084472656,51.7599983215332,52.3033332824707,48.82012939453125,2207700
2019-01-02,51.23333358764648,53.11000061035156,51.18000030517578,52.63999938964844,49.1343879699707,2292000
2019-01-03,51.43999862670898,51.76333236694336,49.54666519165039,49.56999969482422,46.26881408691406,3070200
2019-01-04,50.49666595458984,51.98666763305664,50.31666564941406,51.80666732788086,48.35654830932617,2537400
2019-01-07,51.959999084472656,53.27000045776367,51.74333190917969,52.76333236694336,49.24949645996094,1679700
2019-01-08,53.33333206176758,53.33333206176758,51.86000061035156,52.53333282470703,49.034812927246094,1529700
2019-01-09,53.0099983215332,54.11000061035156,53.0099983215332,53.883331298828125,50.29490661621094,2304600
2019-01-10,53.34999847412109,54.45000076293945,53.31333160400391,54.36000061035156,50.73984146118164,1256700
2019-01-11,54.12333297729492,55.393333435058594,53.9466667175293,54.94333267211914,51.284324645996094,1290300
2019-01-14,54.323333740234375,54.41666793823242,53.77333450317383,54.04999923706055,50.45048141479492,853500
2019-01-15,54.19333267211914,54.790000915527344,53.98333358764648,54.206668853759766,50.59672164916992,882000
2019-01-16,54.3033332824707,54.62666702270508,53.709999084472656,53.709999084472656,50.13312149047852,856800
2019-01-17,53.33666610717773,54.62666702270508,53.040000915527344,54.206668853759766,50.59672164916992,3133500
2019-01-18,54.776668548583984,55.95000076293945,54.606666564941406,55.61666870117188,51.912818908691406,1574400
2019-01-22,55.08000183105469,55.08000183105469,53.61666870117188,54.01666641235352,50.41936111450195,2130600
2019-01-23,54.31666564941406,54.53666687011719,53.163333892822266,53.63666534423828,50.064674377441406,2110500
2019-01-24,54.856666564941406,56.95000076293945,54.83666610717773,56.75333404541016,52.973777770996094,5947200
2019-01-25,56.97999954223633,58.16999816894531,56.58000183105469,57.93000030517578,54.07209014892578,3126600
2019-01-28,55.823333740234375,57.24333190917969,55.643333435058594,56.78666687011719,53.00489044189453,2450400
2019-01-29,56.790000915527344,56.973331451416016,55.869998931884766,55.96666717529297,52.23952102661133,4396500
2019-01-30,56.96666717529297,57.79333114624024,56.31999969482422,57.59000015258789,53.75472259521485,3142800
2019-01-31,57.473331451416016,58.08000183105469,57.03333282470703,57.56333160400391,53.72983932495117,1481700
2019-02-01,57.630001068115234,58.53333282470703,57.60333251953125,58.25333404541016,54.37389373779297,1515000
2019-02-04,58.220001220703125,58.5533332824707,57.79999923706055,58.54666519165039,54.647682189941406,627600
2019-02-05,58.49666595458984,59.0966682434082,58.393333435058594,58.81333160400391,54.89659881591797,1295400
2019-02-06,59.540000915527344,60.87666702270508,59.540000915527344,60.39666748046875,56.37448501586914,2575800
2019-02-07,59.65666580200195,59.93000030517578,58.56666564941406,59.08666610717773,55.15172958374024,3459900
2019-02-08,58.27333450317383,59.106666564941406,57.95333480834961,58.98333358764648,55.05527114868164,1882800
2019-02-11,59.119998931884766,59.426666259765625,58.8033332824707,59.27333450317383,55.32596206665039,741600
2019-02-12,60.00333404541016,60.676666259765625,59.91666793823242,60.526668548583984,56.49583053588867,2019900
2019-02-13,60.82666778564453,61.18999862670898,60.540000915527344,60.720001220703125,56.67628479003906,906600
2019-02-14,60.51333236694336,61.33333206176758,60.4466667175293,60.883331298828125,56.8287353515625,1004700
2019-02-15,61.36666870117188,61.53333282470703,60.86666870117188,61.1966667175293,57.12120819091797,742500
2019-02-19,60.91666793823242,61.50666809082031,60.84333419799805,61.11333465576172,57.04342651367188,1182900
2019-02-20,61.2599983215332,62.02000045776367,61.2599983215332,61.633331298828125,57.528804779052734,1036800
2019-02-21,61.63999938964844,61.776668548583984,61.0,61.176666259765625,57.102535247802734,1152900
2019-02-22,61.65666580200195,61.92333221435547,61.41666793823242,61.83333206176758,57.715476989746094,880800
2019-02-25,62.76333236694336,63.07666778564453,62.29999923706055,62.34333419799805,58.191505432128906,2355600
2019-02-26,62.17333221435547,62.41999816894531,61.7599983215332,61.95333480834961,57.82749176025391,865200
2019-02-27,61.70333480834961,61.70333480834961,60.54333114624024,61.209999084472656,57.1336555480957,2977800
2019-02-28,60.95000076293945,61.42333221435547,60.75,61.24666595458984,57.16788101196289,1236000
2019-03-01,61.83000183105469,62.09000015258789,61.150001525878906,61.790000915527344,57.67503356933594,1433400
2019-03-04,62.21666717529297,62.43333435058594,61.02999877929688,61.79666519165039,57.681251525878906,1755600
2019-03-05,61.630001068115234,61.90999984741211,61.276668548583984,61.560001373291016,57.46033477783203,1330500
2019-03-06,61.38999938964844,61.53666687011719,60.5,60.54333114624024,56.511375427246094,1412400
2019-03-07,60.3033332824707,60.3033332824707,59.48333358764648,59.88999938964844,55.90156173706055,2994000
2019-03-08,58.85333251953125,59.88666534423828,58.63666534423828,59.83666610717773,55.85177612304688,1491000
2019-03-11,60.13666534423828,61.52333450317383,60.06666564941406,61.22999954223633,57.1523323059082,1993800
2019-03-12,61.45333480834961,61.81999969482422,60.926666259765625,61.459999084472656,57.36700820922852,1968300
2019-03-13,61.883331298828125,62.22999954223633,61.65666580200195,61.706668853759766,57.59726333618164,1230000
2019-03-14,61.7400016784668,62.02999877929688,61.36666870117188,61.369998931884766,57.282997131347656,1775700
2019-03-15,62.11000061035156,63.643333435058594,62.09333419799805,63.150001525878906,58.944461822509766,3952800
2019-03-18,63.29333114624024,63.61333465576172,62.64666748046875,63.0533332824707,58.85422134399414,2697000
2019-03-19,63.48333358764648,64.0633316040039,63.47666549682617,63.869998931884766,59.61650085449219,1991400
2019-03-20,63.73333358764648,64.0633316040039,62.71333312988281,63.09999847412109,59.05805587768555,2508600
2019-03-21,63.15999984741211,65.71333312988281,63.15999984741211,65.27999877929688,61.098392486572266,2802300
2019-03-22,65.00666809082031,65.0999984741211,63.38666534423828,63.43999862670898,59.37629318237305,4417200
2019-03-25,62.9900016784668,63.57666778564453,62.12333297729492,62.64666748046875,58.63377380371094,2944800
2019-03-26,63.526668548583984,63.81333160400391,62.77333450317383,63.24666595458984,59.19534683227539,3840900
2019-03-27,63.31999969482422,63.52999877929688,61.880001068115234,62.36000061035156,58.36545944213867,3970800
2019-03-28,62.46333312988281,63.02333450317383,61.81666564941406,62.25666809082031,58.26875305175781,1386600
2019-03-29,62.99666595458984,63.33000183105469,62.81999969482422,63.18000030517578,59.132938385009766,1725900
2019-04-01,64.11000061035156,64.83333587646484,63.883331298828125,64.75666809082031,60.60862731933594,1964400
2019-04-02,64.79000091552734,65.00666809082031,64.46666717529297,64.85333251953125,60.699066162109375,1459500
2019-04-03,65.63666534423828,66.88333129882812,65.62000274658203,66.28666687011719,62.04060745239258,3218100
2019-04-04,66.20333099365234,66.84333038330078,66.06999969482422,66.43000030517578,62.17476272583008,1617300
2019-04-05,66.82666778564453,66.94000244140625,66.43000030517578,66.91000366210938,62.62401580810547,1223700
2019-04-08,66.62000274658203,67.13999938964844,66.47666931152344,67.06666564941406,62.77063751220703,1380300
2019-04-09,66.68333435058594,66.68333435058594,66.02333068847656,66.37000274658203,62.11860656738281,1483500
2019-04-10,66.2933349609375,67.09666442871094,66.23666381835938,66.88333129882812,62.59906005859375,1267500
2019-04-11,67.0566635131836,67.3133316040039,66.65666961669922,66.82666778564453,62.5460090637207,935400
2019-04-12,67.44667053222656,67.80000305175781,67.23999786376953,67.75333404541016,63.41331481933594,1030500
2019-04-15,67.86333465576172,67.86333465576172,66.8933334350586,67.25,62.94222259521485,1770000
2019-04-16,67.67666625976562,69.46333312988281,67.67666625976562,69.40333557128906,64.95762634277344,3216900
2019-04-17,70.82666778564453,71.40666961669922,70.0,70.55332946777344,66.0339584350586,3275700
2019-04-18,70.66666412353516,70.76333618164062,70.22666931152344,70.5633316040039,66.04332733154297,1083900
2019-04-22,70.34333038330078,70.71333312988281,69.91666412353516,70.51000213623047,65.99337768554688,912300
2019-04-23,70.90333557128906,71.5,70.73666381835938,71.23666381835938,66.67353057861328,2014800
2019-04-24,71.28333282470703,72.66666412353516,71.25333404541016,71.89666748046875,67.291259765625,2025900
2019-04-25,71.65666961669922,71.76000213623047,70.0433349609375,70.63333129882812,66.10883331298828,2073300
2019-04-26,69.29000091552734,70.08333587646484,68.6066665649414,70.05000305175781,65.56287384033203,3381000
2019-04-29,70.08333587646484,70.22666931152344,69.63333129882812,69.96666717529297,65.48487854003906,2680200
2019-04-30,69.8066635131836,70.63999938964844,69.8066635131836,70.5199966430664,66.00276947021484,3088800
2019-05-01,71.10333251953125,71.52666473388672,69.87999725341797,69.9566650390625,65.47550964355469,4019100
2019-05-02,69.91666412353516,71.40666961669922,69.75333404541016,70.62999725341797,66.10572814941406,3420000
2019-05-03,71.0566635131836,71.19999694824219,70.33000183105469,71.18333435058594,66.62360382080078,2269800
2019-05-06,68.70333099365234,70.04666900634766,68.55332946777344,70.02333068847656,65.53790283203125,2262900
2019-05-07,69.09666442871094,69.25666809082031,67.52333068847656,68.30000305175781,63.92498397827149,3237000
2019-05-08,67.73666381835938,68.77999877929688,67.586669921875,67.71666717529297,63.37901306152344,3103200
2019-05-09,66.66666412353516,67.2699966430664,65.44999694824219,66.97000122070312,62.68016815185547,2978700
2019-05-10,66.3566665649414,67.43333435058594,65.44999694824219,67.06666564941406,62.77063751220703,3901200
2019-05-13,64.83333587646484,65.2300033569336,63.630001068115234,63.93000030517578,59.83490753173828,4856400
2019-05-14,64.7300033569336,65.74666595458984,64.41999816894531,65.40333557128906,61.21387100219727,2954100
2019-05-15,64.72666931152344,66.3566665649414,64.663330078125,65.90666961669922,61.6849365234375,5173800
2019-05-16,64.98666381835938,65.5633316040039,64.4566650390625,64.86666870117188,60.71158218383789,6997800
2019-05-17,63.82666778564453,65.11333465576172,63.32666778564453,63.60333251953125,59.52914810180664,5014200
2019-05-20,61.53333282470703,62.03666687011719,60.633331298828125,61.06666564941406,57.15497589111328,4640700
2019-05-21,62.29333114624024,62.64666748046875,61.79999923706055,62.31666564941406,58.32490158081055,5167500
2019-05-22,61.12333297729492,61.630001068115234,60.81333160400391,61.0,57.09257125854492,3254100
2019-05-23,59.93000030517578,60.08333206176758,59.06666564941406,60.04999923706055,56.20343399047852,3725400
2019-05-24,60.34333419799805,60.79333114624024,59.473331451416016,59.526668548583984,55.71361923217773,2273100
2019-05-28,59.86666870117188,60.073333740234375,58.883331298828125,59.01666641235352,55.236289978027344,2389200
2019-05-29,58.526668548583984,59.51333236694336,58.356666564941406,59.22999954223633,55.43595504760742,4244400
2019-05-30,59.380001068115234,60.209999084472656,59.24666595458984,59.72999954223633,55.903934478759766,2000100
2019-05-31,58.98333358764648,59.80666732788086,58.79999923706055,58.84000015258789,55.0709342956543,3330600
2019-06-03,59.50666809082031,60.13999938964844,58.676666259765625,58.97999954223633,55.20196914672852,2988000
2019-06-04,60.09999847412109,61.560001373291016,59.58666610717773,61.560001373291016,57.61670684814453,3156600
2019-06-05,62.08000183105469,62.23666763305664,60.31999969482422,61.11666870117188,57.201778411865234,3273600
2019-06-06,61.206668853759766,62.176666259765625,60.98666763305664,61.96333312988281,57.99421691894531,957000
2019-06-07,62.22999954223633,62.79333114624024,62.02000045776367,62.663333892822266,58.64936447143555,1468500
2019-06-10,63.436668395996094,64.97333526611328,63.436668395996094,64.19000244140625,60.07825469970703,3907800
2019-06-11,65.37999725341797,65.51000213623047,63.956668853759766,64.44667053222656,60.31846618652344,3400500
2019-06-12,63.7599983215332,63.84333419799805,62.86333465576172,62.95000076293945,58.917667388916016,1450500
2019-06-13,63.4033317565918,63.53333282470703,62.823333740234375,63.25333404541016,59.20157623291016,1143000
2019-06-14,61.4033317565918,61.93000030517578,61.2400016784668,61.65999984741211,57.710296630859375,2081700
2019-06-17,61.39666748046875,61.619998931884766,60.93333435058594,60.95333480834961,57.28333282470703,1074600
2019-06-18,61.60333251953125,64.03333282470703,61.60333251953125,63.59000015258789,59.76123809814453,2850000
2019-06-19,64.02666473388672,64.12666320800781,63.3466682434082,63.71666717529297,59.88028717041016,1431300
2019-06-20,64.9366683959961,65.23332977294922,63.956668853759766,64.25333404541016,60.3846321105957,3371400
2019-06-21,64.02999877929688,64.51667022705078,63.76666641235352,63.88666534423828,60.04004669189453,1333200
2019-06-24,63.96666717529297,64.25666809082031,63.79666519165039,63.95333480834961,60.10269165039063,2115900
2019-06-25,64.1066665649414,64.33999633789062,63.00666809082031,63.06999969482422,59.27254867553711,1416600
2019-06-26,64.4800033569336,65.45333099365234,64.36666870117188,65.1066665649414,61.18657684326172,1755300
2019-06-27,65.43333435058594,66.38333129882812,65.43333435058594,66.05332946777344,62.07624053955078,1559700
2019-06-28,66.586669921875,66.71666717529297,65.98999786376953,66.13666534423828,62.15456008911133,2529900
2019-07-01,69.01667022705078,69.58999633789062,67.34666442871094,67.80332946777344,63.72088241577149,4752000
2019-07-02,67.60333251953125,67.66999816894531,66.6500015258789,66.9566650390625,62.925201416015625,1378800
2019-07-03,66.95333099365234,66.99666595458984,66.14666748046875,66.6500015258789,62.63698959350586,738000
2019-07-05,65.77999877929688,66.31999969482422,65.51667022705078,66.2699966430664,62.27988052368164,934200
2019-07-08,65.66666412353516,65.94667053222656,65.34333038330078,65.75666809082031,61.797454833984375,581400
2019-07-09,65.37999725341797,66.27333068847656,65.21333312988281,66.16666412353516,62.18276977539063,1347300
2019-07-10,66.8933334350586,67.63333129882812,66.59333038330078,66.69999694824219,62.68398666381836,1424100
2019-07-11,67.0,67.13666534423828,66.48666381835938,66.88666534423828,62.859413146972656,2578800
2019-07-12,67.0566635131836,68.17333221435547,67.0566635131836,68.10333251953125,64.00281524658203,1315500
2019-07-15,68.41666412353516,68.9566650390625,68.3066635131836,68.69999694824219,64.56355285644531,684300
2019-07-16,68.38333129882812,68.5199966430664,67.6066665649414,67.97000122070312,63.877532958984375,1124400
2019-07-17,68.36333465576172,68.4800033569336,67.93000030517578,68.17333221435547,64.0686264038086,786900
2019-07-18,68.1500015258789,69.31999969482422,68.1500015258789,69.16000366210938,64.99588775634766,1041600
2019-07-19,69.41999816894531,69.71666717529297,69.01000213623047,69.08000183105469,64.92068481445312,1311900
2019-07-22,69.38333129882812,70.5,69.38333129882812,70.4000015258789,66.16120910644531,2729700
2019-07-23,70.8066635131836,71.30332946777344,70.5,71.30332946777344,67.0101318359375,1297500
2019-07-24,71.79666900634766,73.6066665649414,71.79666900634766,73.47666931152344,69.05264282226562,2436300
2019-07-25,72.95333099365234,72.98666381835938,72.02999877929688,72.24333190917969,67.89356994628906,1846500
2019-07-26,72.76333618164062,72.76333618164062,72.16666412353516,72.22333526611328,67.874755859375,626400
2019-07-29,72.0999984741211,72.48999786376953,71.48999786376953,72.41999816894531,68.05957794189453,2041800
2019-07-30,71.7066650390625,72.40666961669922,71.43333435058594,72.25666809082031,67.90608978271484,789600
2019-07-31,71.70999908447266,71.81999969482422,69.163330078125,69.86000061035156,65.6537094116211,1374600
2019-08-01,69.5633316040039,71.55999755859375,67.88999938964844,68.4800033569336,64.35682678222656,2578800
2019-08-02,67.78666687011719,68.37666320800781,66.87000274658203,67.47000122070312,63.40761184692383,2328900
2019-08-05,65.49333190917969,65.55000305175781,63.970001220703125,64.5566635131836,60.66969680786133,2511300
2019-08-06,65.62999725341797,66.21333312988281,64.65333557128906,65.37999725341797,61.443458557128906,1479000
2019-08-07,64.33999633789062,66.0,64.33999633789062,65.7933349609375,61.831912994384766,2180400
2019-08-08,66.40666961669922,67.63999938964844,65.97000122070312,67.61666870117188,63.54545211791992,2165400
2019-08-09,66.9000015258789,67.17666625976562,65.9800033569336,66.4366683959961,62.43651580810547,1893600
2019-08-12,65.74666595458984,66.33000183105469,65.27666473388672,65.56666564941406,61.61888122558594,1178100
2019-08-13,65.56666564941406,68.08000183105469,65.12999725341797,67.50333404541016,63.43894577026367,2205000
2019-08-14,65.9433364868164,66.4566650390625,65.08999633789062,65.42666625976562,61.48730850219727,2766300
2019-08-15,65.78666687011719,65.96666717529297,64.73999786376953,65.3066635131836,61.37454605102539,965700
2019-08-16,65.99333190917969,67.23332977294922,65.99333190917969,67.04666900634766,63.0097885131836,1509900
2019-08-19,68.65333557128906,68.9000015258789,67.97666931152344,68.27999877929688,64.16886901855469,4550400
2019-08-20,68.25666809082031,68.4433364868164,67.663330078125,68.02666473388672,63.93076705932617,732600
2019-08-21,68.586669921875,68.93000030517578,68.2933349609375,68.58333587646484,64.45391845703125,700200
2019-08-22,68.7300033569336,68.97000122070312,67.87000274658203,68.58333587646484,64.45391845703125,5985600
2019-08-23,67.74333190917969,68.21666717529297,65.41666412353516,65.60333251953125,61.65333938598633,1682700
2019-08-26,66.59666442871094,66.70333099365234,65.90333557128906,66.16000366210938,62.17649459838867,997800
2019-08-27,66.63999938964844,66.97000122070312,65.59666442871094,65.913330078125,61.94467544555664,1290600
2019-08-28,65.66999816894531,66.4800033569336,65.20333099365234,66.33000183105469,62.33625411987305,726000
2019-08-29,67.50333404541016,68.32666778564453,67.35333251953125,67.92333221435547,63.83364486694336,3748500
2019-08-30,68.58333587646484,68.86333465576172,67.9433364868164,68.24333190917969,64.13440704345703,1014600
2019-09-03,67.48999786376953,67.76667022705078,66.73332977294922,67.12000274658203,63.078731536865234,2833500
2019-09-04,68.14666748046875,68.97333526611328,68.14666748046875,68.92333221435547,64.7734375,1387800
2019-09-05,70.40666961669922,71.87666320800781,70.21333312988281,71.0433349609375,66.76579284667969,2037600
2019-09-06,71.23332977294922,71.43333435058594,70.76000213623047,71.23332977294922,66.94436645507812,1273500
2019-09-09,71.52333068847656,72.08999633789062,71.22333526611328,71.49333190917969,67.1886978149414,962400
2019-09-10,71.27333068847656,71.8133316040039,70.70999908447266,71.8133316040039,67.48944091796875,1291800
2019-09-11,72.22666931152344,72.93000030517578,71.7699966430664,72.88999938964844,68.50127410888672,1415400
2019-09-12,73.62000274658203,73.7699966430664,72.63333129882812,73.05332946777344,68.65476989746094,1719900
2019-09-13,73.14666748046875,73.26333618164062,72.56999969482422,72.90666961669922,68.5169448852539,1309500
2019-09-16,72.3566665649414,72.73666381835938,71.75333404541016,72.4366683959961,68.07524871826172,840900
2019-09-17,72.3066635131836,72.69000244140625,71.8566665649414,72.59666442871094,68.22561645507812,667800
2019-09-18,72.68000030517578,72.7300033569336,71.66000366210938,72.7300033569336,68.35092163085938,654900
2019-09-19,72.82333374023438,73.05000305175781,72.23666381835938,72.25333404541016,67.90296173095703,1057500
2019-09-20,72.45333099365234,72.45333099365234,70.66666412353516,70.92333221435547,66.65302276611328,1944900
2019-09-23,70.913330078125,72.10333251953125,70.86000061035156,71.76000213623047,67.43932342529297,2110800
2019-09-24,71.72666931152344,71.97000122070312,69.88333129882812,70.26000213623047,66.32540893554688,1169400
2019-09-25,69.89666748046875,71.66666412353516,69.29000091552734,71.4366683959961,67.4361801147461,1033500
2019-09-26,71.43333435058594,71.73666381835938,70.81666564941406,71.52666473388672,67.52113342285156,1050600
2019-09-27,71.14666748046875,71.2933349609375,69.2933349609375,69.85333251953125,65.9415054321289,2070000
2019-09-30,70.163330078125,70.59666442871094,69.85333251953125,70.47000122070312,66.52364349365234,1079700
2019-10-01,70.9566650390625,71.86333465576172,69.62333679199219,69.80999755859375,65.90060424804688,1820400
2019-10-02,69.42666625976562,69.45333099365234,68.336669921875,68.79000091552734,64.9377212524414,1328700
2019-10-03,68.86000061035156,70.01667022705078,67.97666931152344,70.0,66.07997131347656,1603500
2019-10-04,70.3566665649414,71.2699966430664,70.2066650390625,71.163330078125,67.17814636230469,1213200
2019-10-07,71.11666870117188,71.4433364868164,70.70999908447266,70.74666595458984,66.78482055664062,1224600
2019-10-08,69.836669921875,70.02666473388672,68.47666931152344,68.5566635131836,64.71744537353516,2052000
2019-10-09,69.4366683959961,70.1500015258789,69.30000305175781,69.67666625976562,65.77474975585938,1358400
2019-10-10,69.75,71.12000274658203,69.75,70.3566665649414,66.41667938232422,1116300
2019-10-11,71.66666412353516,72.84666442871094,71.6433334350586,72.01667022705078,67.98370361328125,1947300
2019-10-14,71.96666717529297,72.12333679199219,71.6066665649414,72.00666809082031,67.97425842285156,1111200
2019-10-15,72.45333099365234,73.73666381835938,72.33000183105469,73.58999633789062,69.46890258789062,1204800
2019-10-16,73.17333221435547,73.51333618164062,72.336669921875,72.54666900634766,68.4840087890625,1761600
2019-10-17,73.37666320800781,73.56666564941406,72.26667022705078,72.66999816894531,68.60043334960938,1289700
2019-10-18,72.54000091552734,72.7699966430664,71.26000213623047,71.9000015258789,67.8735580444336,807600
2019-10-21,72.5999984741211,73.32333374023438,72.41999816894531,73.31666564941406,69.21089935302734,1299900
2019-10-22,73.53333282470703,73.57333374023438,72.67666625976562,72.67666625976562,68.60674285888672,1130400
2019-10-23,71.33999633789062,71.96333312988281,70.83999633789062,71.27666473388672,67.28514862060547,1599300
2019-10-24,72.23666381835938,73.11000061035156,72.1500015258789,73.04000091552734,68.94972229003906,1912200
2019-10-25,73.28333282470703,74.63999938964844,73.24333190917969,74.56666564941406,70.39089965820312,1859700
2019-10-28,75.12333679199219,75.98332977294922,75.01333618164062,75.92333221435547,71.67159271240234,1158600
2019-10-29,75.98999786376953,76.50333404541016,75.13666534423828,75.13666534423828,70.9289779663086,1158300
2019-10-30,75.70999908447266,75.72666931152344,74.66666412353516,75.163330078125,70.95413208007812,1061400
2019-10-31,75.03666687011719,75.03666687011719,73.80999755859375,74.78333282470703,70.59541320800781,862800
2019-11-01,75.48999786376953,76.5,75.13999938964844,76.5,72.21595764160156,1989600
2019-11-04,77.47000122070312,78.28333282470703,77.44999694824219,78.20333099365234,73.82389831542969,1991100
2019-11-05,78.44000244140625,78.87999725341797,78.02333068847656,78.24666595458984,73.86481475830078,1091700
2019-11-06,78.09666442871094,78.12000274658203,76.93333435058594,77.72333526611328,73.37076568603516,1633800
2019-11-07,78.88333129882812,79.05000305175781,77.87000274658203,78.1933364868164,73.81446838378906,1491600
2019-11-08,77.8933334350586,78.63666534423828,77.43333435058594,78.586669921875,74.18576049804688,1048500
2019-11-11,77.92333221435547,78.38333129882812,77.62666320800781,78.26333618164062,73.88053894042969,836400
2019-11-12,78.45999908447266,79.02999877929688,78.11666870117188,78.42333221435547,74.03157806396484,1444200
2019-11-13,77.99333190917969,78.69667053222656,77.61333465576172,78.50666809082031,74.11026000976562,929700
2019-11-14,78.08999633789062,78.31666564941406,77.6500015258789,78.24666595458984,73.86481475830078,973800
2019-11-15,79.28333282470703,79.62999725341797,78.59666442871094,78.96333312988281,74.5413589477539,977400
2019-11-18,78.9566650390625,79.26667022705078,78.39666748046875,78.78333282470703,74.37141418457031,777000
2019-11-19,79.1500015258789,79.26667022705078,77.9566650390625,78.38999938964844,74.00015258789062,731700
2019-11-20,78.02333068847656,78.413330078125,76.87333679199219,77.46666717529297,73.12850952148438,1412700
2019-11-21,76.92666625976562,77.31999969482422,76.30332946777344,76.63999938964844,72.34811401367188,2084400
2019-11-22,76.86000061035156,77.28333282470703,76.37999725341797,76.55999755859375,72.27259826660156,1028400
2019-11-25,77.29000091552734,78.47333526611328,77.29000091552734,78.39666748046875,74.00643920898438,1229100
2019-11-26,78.26667022705078,78.38666534423828,77.74666595458984,78.10333251953125,73.72949981689453,2139600
2019-11-27,78.41999816894531,78.67666625976562,78.31666564941406,78.66666412353516,74.26127624511719,775200
2019-11-29,78.40333557128906,78.40333557128906,77.72333526611328,77.82333374023438,73.46519470214844,615000
2019-12-02,77.90333557128906,77.98332977294922,76.46333312988281,76.62666320800781,72.33553314208984,1428900
2019-12-03,74.9800033569336,75.51667022705078,74.61666870117188,75.44000244140625,71.2153091430664,1932300
2019-12-04,76.4800033569336,76.96666717529297,76.41000366210938,76.63333129882812,72.34185028076172,1081500
2019-12-05,77.163330078125,77.33333587646484,76.68000030517578,77.01667022705078,72.7037124633789,1404600
2019-12-06,77.97000122070312,78.3566665649414,77.83000183105469,78.12999725341797,73.75469207763672,1002300
2019-12-09,78.3133316040039,78.38333129882812,77.76333618164062,77.77333068847656,73.41800689697266,492900
2019-12-10,78.18333435058594,78.61333465576172,77.80999755859375,78.10333251953125,73.72949981689453,522600
2019-12-11,78.3066635131836,79.82333374023438,78.25333404541016,79.70333099365234,75.23990631103516,1458900
2019-12-12,79.58333587646484,82.00333404541016,79.58333587646484,81.86333465576172,77.27893829345703,2190300
2019-12-13,81.90666961669922,82.75,81.13333129882812,81.50333404541016,76.93910217285156,1735800
2019-12-16,82.11000061035156,82.70333099365234,81.93000030517578,81.99333190917969,77.67549896240234,2099100
2019-12-17,82.4433364868164,82.52333068847656,81.93333435058594,82.36333465576172,78.02600860595703,974100
2019-12-18,82.52666473388672,82.52666473388672,82.0199966430664,82.31999969482422,77.9849624633789,963900
2019-12-19,82.6500015258789,82.98332977294922,82.25333404541016,82.98332977294922,78.61337280273438,1063500
2019-12-20,83.55999755859375,83.97000122070312,83.16999816894531,83.77333068847656,79.36177825927734,1035600
2019-12-23,84.43000030517578,84.47333526611328,83.93333435058594,84.04000091552734,79.6144027709961,1356300
2019-12-24,84.22666931152344,84.24666595458984,83.75,84.17666625976562,79.74385070800781,504300
2019-12-26,84.53333282470703,84.53333282470703,83.95999908447266,84.27333068847656,79.8354263305664,654000
2019-12-27,84.62000274658203,84.62000274658203,83.82333374023438,84.1066665649414,79.67754364013672,1104000
2019-12-30,84.086669921875,84.086669921875,82.9000015258789,83.47333526611328,79.07757568359375,1118700
2019-12-31,83.04000091552734,83.74333190917969,83.0,83.69999694824219,79.29228210449219,604500
2020-01-02,84.75333404541016,85.43000030517578,84.33333587646484,85.43000030517578,80.93118286132812,1275300
2020-01-03,84.11333465576172,84.56999969482422,83.65333557128906,83.836669921875,79.42176818847656,1235100
2020-01-06,82.78333282470703,83.2300033569336,82.41999816894531,82.96333312988281,78.59439849853516,1615200
2020-01-07,83.99666595458984,84.82333374023438,83.5,84.48999786376953,80.04069519042969,1146600
2020-01-08,84.65666961669922,84.98332977294922,84.05332946777344,84.413330078125,79.96806335449219,1297800
2020-01-09,85.586669921875,85.586669921875,84.14666748046875,84.94667053222656,80.47332763671875,639600
2020-01-10,85.48666381835938,85.48666381835938,84.2066650390625,84.45333099365234,80.00596618652344,1952100
2020-01-13,85.0433349609375,85.55999755859375,84.78333282470703,85.44000244140625,80.9406509399414,950100
2020-01-14,85.66666412353516,86.34666442871094,85.18000030517578,85.62666320800781,81.11749267578125,896400
2020-01-15,85.74666595458984,85.78666687011719,84.37000274658203,84.72000122070312,80.25858306884766,1516500
2020-01-16,85.37333679199219,86.09333038330078,85.3133316040039,86.05999755859375,81.52801513671875,1708500
2020-01-17,86.58333587646484,86.7066650390625,86.02666473388672,86.7066650390625,82.14063262939453,1016700
2020-01-21,86.36666870117188,86.9566650390625,86.2933349609375,86.65666961669922,82.0932846069336,1653300
2020-01-22,87.2933349609375,88.20999908447266,87.04000091552734,87.23999786376953,82.64588165283203,1251300
2020-01-23,87.57333374023438,87.9800033569336,86.77666473388672,87.9000015258789,83.27112579345703,1077300
2020-01-24,89.18333435058594,89.30999755859375,86.36000061035156,86.96666717529297,82.38692474365234,1626300
2020-01-27,84.5,84.66999816894531,83.47666931152344,83.64666748046875,79.24177551269531,3212100
2020-01-28,84.59333038330078,85.88666534423828,84.12333679199219,85.586669921875,81.07960510253906,2410500
2020-01-29,85.28333282470703,85.49666595458984,83.96333312988281,84.01333618164062,79.58912658691406,1242300
2020-01-30,83.55000305175781,84.26333618164062,82.36666870117188,84.01667022705078,79.59230041503906,1741800
2020-01-31,83.24666595458984,83.3133316040039,80.63333129882812,81.0199966430664,76.75341796875,2155500
2020-02-03,81.26667022705078,82.12666320800781,81.21333312988281,81.92666625976562,77.61233520507812,1719300
2020-02-04,84.11000061035156,84.61333465576172,83.69000244140625,84.48666381835938,80.03752899169922,2465100
2020-02-05,86.09666442871094,86.58000183105469,85.15666961669922,86.43333435058594,81.8816909790039,2009100
2020-02-06,86.40333557128906,86.52666473388672,85.44000244140625,86.48332977294922,81.92906951904297,1068600
2020-02-07,85.46666717529297,85.61666870117188,84.33999633789062,84.4433364868164,79.99652099609375,1550700
2020-02-10,83.65666961669922,85.67333221435547,83.65666961669922,85.62666320800781,81.11749267578125,1212900
2020-02-11,86.4566650390625,87.86333465576172,86.4566650390625,87.3566665649414,82.75640106201172,1132500
2020-02-12,88.33333587646484,88.83333587646484,88.25333404541016,88.70333099365234,84.03214263916016,1554900
2020-02-13,87.97000122070312,89.37333679199219,87.86333465576172,88.79666900634766,84.12056732177734,1681800
2020-02-14,89.49333190917969,89.78666687011719,88.0566635131836,88.5,83.83951568603516,1366800
2020-02-18,87.15666961669922,87.50333404541016,86.69667053222656,87.36333465576172,82.76268768310547,2409900
2020-02-19,88.47333526611328,89.73332977294922,88.47333526611328,89.56666564941406,84.85003662109375,1575300
2020-02-20,89.28666687011719,89.52333068847656,86.96666717529297,88.26667022705078,83.61847686767578,2301300
2020-02-21,87.65333557128906,87.7300033569336,85.30332946777344,85.6433334350586,81.1332778930664,2479200
2020-02-24,81.62333679199219,82.78666687011719,81.0,81.54000091552734,77.24602508544922,3786600
2020-02-25,82.63333129882812,82.75666809082031,78.63666534423828,79.11000061035156,74.94400787353516,5127600
2020-02-26,79.76000213623047,80.9566650390625,78.73332977294922,79.21666717529297,75.04503631591797,4525200
2020-02-27,76.86000061035156,78.4366683959961,75.42333221435547,75.55999755859375,71.58096313476562,4172100
2020-02-28,72.92666625976562,77.7699966430664,72.7066650390625,77.26333618164062,73.194580078125,4788900
2020-03-02,78.63333129882812,80.0,76.10333251953125,80.0,75.787109375,4137600
2020-03-03,80.3566665649414,81.40333557128906,76.66666412353516,77.18333435058594,73.11881256103516,2729700
2020-03-04,78.88666534423828,81.12666320800781,77.7300033569336,81.12666320800781,76.85446166992188,3355800
2020-03-05,79.11666870117188,80.72000122070312,78.02666473388672,78.68333435058594,74.53981018066406,3548700
2020-03-06,76.2933349609375,77.69000244140625,75.11000061035156,76.96333312988281,72.91036224365234,4851600
2020-03-09,70.82333374023438,74.26000213623047,70.0,70.38999938964844,66.68321228027344,6082500
2020-03-10,73.33333587646484,75.07666778564453,70.69999694824219,75.01000213623047,71.05992126464844,3859500
2020-03-11,72.63666534423828,73.6933364868164,70.02999877929688,70.8066635131836,67.07792663574219,2262900
2020-03-12,65.86333465576172,68.55999755859375,62.936668395996094,63.04333114624024,59.72341537475586,5859900
2020-03-13,66.80332946777344,70.05999755859375,63.0533332824707,69.8066635131836,66.13058471679688,4420200
2020-03-16,62.66666793823242,65.62333679199219,58.54999923706055,59.176666259765625,56.06037521362305,4817100
2020-03-17,60.75333404541016,65.0,58.106666564941406,64.38333129882812,60.99285888671875,4079100
2020-03-18,60.10333251953125,62.26333236694336,55.93000030517578,59.09333419799805,55.98143768310547,4131600
2020-03-19,58.0099983215332,62.49666595458984,56.79333114624024,60.61333465576172,57.4213981628418,2945100
2020-03-20,62.81666564941406,63.92333221435547,58.58666610717773,58.88666534423828,55.78564453125,2942700
2020-03-23,59.53666687011719,61.970001220703125,58.10333251953125,60.9900016784668,57.77822113037109,2787600
2020-03-24,64.81666564941406,67.78333282470703,64.62000274658203,67.586669921875,64.02749633789062,5754600
2020-03-25,67.95333099365234,70.16999816894531,65.51667022705078,66.47666931152344,63.19287109375,2496000
2020-03-26,68.22000122070312,71.23666381835938,67.60333251953125,70.94667053222656,67.44205474853516,3301800
2020-03-27,68.7066650390625,69.71333312988281,67.19667053222656,67.42666625976562,64.09593963623047,2500800
2020-03-30,68.13333129882812,69.9800033569336,67.63333129882812,69.77333068847656,66.32669067382812,3341400
2020-03-31,69.78333282470703,70.95999908447266,67.8066635131836,68.40333557128906,65.02438354492188,4342200
2020-04-01,66.15333557128906,67.73666381835938,63.973331451416016,64.66000366210938,61.4659538269043,2938800
2020-04-02,64.10333251953125,66.74333190917969,63.96666717529297,66.586669921875,63.29742813110352,3537900
2020-04-03,66.48332977294922,67.32666778564453,64.46666717529297,65.32666778564453,62.09968185424805,3110400
2020-04-06,68.163330078125,72.31666564941406,68.163330078125,71.98999786376953,68.4338607788086,5011800
2020-04-07,74.50666809082031,74.7933349609375,71.6500015258789,71.73332977294922,68.18988037109375,6696300
2020-04-08,72.94000244140625,74.40666961669922,71.91999816894531,74.13333129882812,70.47130584716797,3915900
2020-04-09,75.19000244140625,75.7699966430664,71.81999969482422,72.52999877929688,68.94719696044922,6792300
2020-04-13,72.25333404541016,73.56999969482422,71.66999816894531,73.3499984741211,69.72666931152344,3968100
2020-04-14,75.12666320800781,76.73332977294922,74.94667053222656,76.73332977294922,72.94287109375,5871300
2020-04-15,75.12333679199219,75.12333679199219,73.75,74.44999694824219,70.7723388671875,3620400
2020-04-16,75.80000305175781,76.70333099365234,74.7933349609375,76.54000091552734,72.75910186767578,3338100
2020-04-17,77.88666534423828,78.0433349609375,76.18333435058594,77.13333129882812,73.32312774658203,2772600
2020-04-20,75.97333526611328,77.10333251953125,75.3566665649414,75.4566650390625,71.72928619384766,2713200
2020-04-21,74.27999877929688,74.663330078125,71.52666473388672,71.76000213623047,68.21521759033203,3653100
2020-04-22,74.0999984741211,76.46333312988281,73.72333526611328,76.10333251953125,72.34398651123047,3341100
2020-04-23,76.1066665649414,76.88999938964844,75.07666778564453,75.34333038330078,71.62154388427734,2933100
2020-04-24,75.2933349609375,77.08000183105469,74.663330078125,76.91000366210938,73.11082458496094,2887200
2020-04-27,77.90333557128906,78.71333312988281,77.57666778564453,77.9366683959961,74.08674621582031,3212400
2020-04-28,79.38999938964844,79.78666687011719,77.44667053222656,77.53333282470703,73.70337677001953,4094100
2020-04-29,78.91000366210938,81.5433349609375,78.76333618164062,81.21333312988281,77.20157623291016,3975900
2020-04-30,80.87000274658203,80.97000122070312,78.21333312988281,78.34666442871094,74.47650146484375,5172300
2020-05-01,76.28666687011719,76.70333099365234,74.16666412353516,74.52666473388672,70.84521484375,6033600
2020-05-04,73.81666564941406,75.23999786376953,73.52333068847656,75.14666748046875,71.43461608886719,3381300
2020-05-05,76.54666900634766,77.83333587646484,75.95333099365234,76.41000366210938,72.63553619384766,4506300
2020-05-06,77.24333190917969,78.53666687011719,77.12333679199219,77.34666442871094,73.52593231201172,4407900
2020-05-07,78.71333312988281,79.01000213623047,77.65333557128906,78.0433349609375,74.18818664550781,2825700
2020-05-08,78.86000061035156,80.43000030517578,78.63666534423828,80.34666442871094,76.37772369384766,3885600
2020-05-11,79.59333038330078,80.98999786376953,79.44667053222656,80.2699966430664,76.30484008789062,3498300
2020-05-12,80.8133316040039,81.08333587646484,78.07333374023438,78.13999938964844,74.28005981445312,3764100
2020-05-13,78.5199966430664,78.87999725341797,75.47333526611328,76.63333129882812,72.84783935546875,6889500
2020-05-14,75.9800033569336,78.76000213623047,74.70333099365234,78.68333435058594,74.79657745361328,6521700
2020-05-15,76.04666900634766,77.31999969482422,75.58000183105469,77.0566635131836,73.25025177001953,5657100
2020-05-18,78.88666534423828,81.02666473388672,78.88666534423828,80.59666442871094,76.61538696289062,4940700
2020-05-19,80.61333465576172,82.1933364868164,80.30332946777344,80.33333587646484,76.36504364013672,4308000
2020-05-20,81.98666381835938,83.836669921875,81.98666381835938,83.2933349609375,79.17884063720703,3791100
2020-05-21,83.31999969482422,83.38333129882812,81.0633316040039,81.19667053222656,77.18575286865234,3809700
2020-05-22,81.27666473388672,81.6933364868164,80.2699966430664,81.5566635131836,77.52796173095703,2462400
2020-05-26,83.73999786376953,84.1433334350586,82.30332946777344,82.413330078125,78.34231567382812,4310400
2020-05-27,82.66666412353516,83.68333435058594,80.32666778564453,83.68333435058594,79.54956817626953,5297400
2020-05-28,83.06999969482422,84.1866683959961,81.40666961669922,81.8566665649414,77.81314849853516,4460100
2020-05-29,82.12666320800781,84.17666625976562,81.87333679199219,83.95333099365234,79.80623626708984,6282000
2020-06-01,83.5199966430664,83.8933334350586,82.75666809082031,83.5,79.37529754638672,2780100
2020-06-02,83.73999786376953,85.36666870117188,83.3499984741211,85.30332946777344,81.08953094482422,3159900
2020-06-03,86.56999969482422,88.16666412353516,86.54666900634766,87.76667022705078,83.43119049072266,1781700
2020-06-04,87.43333435058594,89.22333526611328,87.15666961669922,88.56666564941406,84.19168090820312,1948500
2020-06-05,90.68333435058594,92.05332946777344,90.25666809082033,90.73666381835938,86.25450134277344,2878200
2020-06-08,91.27666473388672,91.41999816894533,89.65666961669922,90.5500030517578,86.0770492553711,2531400
2020-06-09,89.63666534423828,90.9433364868164,89.23999786376953,90.62000274658205,86.1435775756836,1958400
2020-06-10,91.22333526611328,91.80332946777344,90.56666564941406,90.94000244140624,86.4477767944336,2579400
2020-06-11,88.63333129882812,88.92333221435547,85.06999969482422,85.163330078125,80.95645904541016,3992100
2020-06-12,87.34333038330078,88.0566635131836,84.39666748046875,86.32333374023438,82.05916595458984,4613400
2020-06-15,84.23999786376953,87.43333435058594,83.94667053222656,87.29666900634766,83.16522216796875,2132400
2020-06-16,89.86333465576172,90.43333435058594,87.413330078125,89.0,84.78793334960938,3384300
2020-06-17,89.84666442871094,90.5,89.15666961669922,89.6933364868164,85.44847106933594,1371300
2020-06-18,89.57333374023438,90.00666809082031,89.12999725341797,89.52666473388672,85.2896728515625,1340400
2020-06-19,90.6500015258789,90.93333435058594,88.8499984741211,89.09333038330078,84.87684631347656,2271300
2020-06-22,89.0,89.95999908447266,88.13999938964844,89.75,85.50244903564453,1286100
2020-06-23,90.6233367919922,91.00666809082033,89.91000366210938,90.06999969482422,85.80730438232422,1177800
2020-06-24,89.58000183105469,90.05332946777344,87.413330078125,88.09333038330078,83.92416381835938,1974000
2020-06-25,87.98666381835938,88.89666748046875,86.6433334350586,88.72333526611328,84.52436065673828,1376400
2020-06-26,88.83333587646484,88.91999816894531,86.84333038330078,87.05999755859375,82.93975067138672,1637700
2020-06-29,87.08333587646484,88.0433349609375,85.98666381835938,88.01000213623047,83.84478759765625,2664900
2020-06-30,88.41000366210938,90.6266632080078,88.336669921875,90.29000091552734,86.01689147949219,4086000
2020-07-01,90.3733367919922,90.40666961669922,89.05000305175781,89.13333129882812,84.91496276855469,1909200
2020-07-02,90.51000213623048,91.0633316040039,89.94999694824219,90.22333526611328,85.953369140625,1787400
2020-07-06,91.99666595458984,92.95999908447266,91.70999908447266,92.6066665649414,88.22392272949219,2312700
2020-07-07,92.413330078125,92.9800033569336,91.36666870117188,91.51333618164062,87.18231201171875,1893000
2020-07-08,92.20999908447266,92.83333587646484,91.48666381835938,92.75333404541016,88.3636245727539,1610700
2020-07-09,93.1999969482422,94.55332946777344,91.77666473388672,93.98332977294922,89.53540802001953,2007900
2020-07-10,94.23332977294922,94.34666442871094,92.76000213623048,93.66666412353516,89.2337417602539,966000
2020-07-13,94.99333190917967,96.01667022705078,91.9499969482422,92.1266632080078,87.76663208007812,2951700
2020-07-14,91.47666931152344,93.88333129882812,90.28333282470705,93.6500015258789,89.21788024902344,3124200
2020-07-15,94.4000015258789,94.40333557128906,92.05332946777344,93.48666381835938,89.06224060058594,2247000
2020-07-16,92.4000015258789,93.4366683959961,91.99333190917967,93.13666534423828,88.72882080078125,1344600
2020-07-17,93.4433364868164,93.98666381835938,93.1500015258789,93.6066665649414,89.17658233642578,1340400
2020-07-20,93.76333618164062,95.72333526611328,93.14666748046876,95.4566650390625,90.93902587890624,1783200
2020-07-21,96.163330078125,96.29000091552734,94.58000183105467,94.97000122070312,90.47541046142578,1593900
2020-07-22,95.2300033569336,96.00666809082033,94.51000213623048,95.28333282470705,90.77391052246094,1240500
2020-07-23,95.33333587646484,96.07666778564452,93.0,93.82666778564452,89.38617706298828,2006100
2020-07-24,92.16666412353516,93.66999816894533,90.92333221435548,92.35333251953124,87.98257446289062,2717400
2020-07-27,93.5199966430664,95.2699966430664,93.45333099365234,95.2300033569336,90.72310638427734,2324400
2020-07-28,94.53333282470705,94.65666961669922,93.20333099365234,93.38999938964844,88.97017669677734,1822500
2020-07-29,94.22000122070312,95.70333099365234,94.12000274658205,95.3133316040039,90.80248260498048,1452000
2020-07-30,95.0366668701172,97.27999877929688,95.01333618164062,97.19000244140624,92.59032440185548,2717400
2020-07-31,97.43333435058594,97.4800033569336,95.31999969482422,96.79666900634766,92.2156219482422,1928400
2020-08-03,97.38666534423828,98.79000091552734,97.3733367919922,98.55332946777344,93.88916015625,1654200
2020-08-04,98.55332946777344,100.086669921875,98.50333404541016,100.0,95.2673568725586,1452900
2020-08-05,99.84333038330078,100.33999633789062,99.1999969482422,99.89666748046876,95.1689224243164,1741500
2020-08-06,99.81999969482422,100.00666809082033,98.83000183105467,99.84333038330078,95.11810302734376,1096200
2020-08-07,99.7300033569336,100.0999984741211,97.53333282470705,98.73332977294922,94.06060791015624,1364700
2020-08-10,99.02999877929688,99.1500015258789,97.3000030517578,98.7300033569336,94.0574722290039,1326900
2020-08-11,98.61666870117188,99.63666534423828,97.4000015258789,97.6999969482422,93.0761947631836,2116500
2020-08-12,98.52999877929688,101.1233367919922,98.2133331298828,100.8566665649414,96.0834732055664,1945800
2020-08-13,100.8566665649414,100.95999908447266,99.3566665649414,99.85333251953124,95.12761688232422,1522200
2020-08-14,100.17333221435548,100.95999908447266,99.44000244140624,99.7933349609375,95.07047271728516,1088700
2020-08-17,100.61666870117188,101.3933334350586,100.38666534423828,100.91666412353516,96.14063262939452,928500
2020-08-18,101.48999786376952,101.5633316040039,100.09666442871094,100.38333129882812,95.6325454711914,1020300
2020-08-19,100.50666809082033,100.69000244140624,99.51000213623048,99.8133316040039,95.08950805664062,1197600
2020-08-20,98.66666412353516,99.38333129882812,98.19000244140624,98.92666625976562,94.2448272705078,1899300
2020-08-21,98.73332977294922,99.67333221435548,98.3566665649414,99.59666442871094,94.88311004638672,1239300
2020-08-24,100.75,100.99333190917967,99.84666442871094,100.63333129882812,95.87068939208984,1043700
2020-08-25,100.83333587646484,101.69000244140624,100.62999725341795,101.61000061035156,96.80115509033205,1089900
2020-08-26,101.83999633789062,102.3000030517578,101.41666412353516,101.9366683959961,97.11236572265624,1019700
2020-08-27,102.38333129882812,102.38333129882812,100.13666534423828,100.77666473388672,96.00724029541016,1660200
2020-08-28,100.9000015258789,102.67666625976562,100.72333526611328,102.63666534423828,97.77922821044922,1711200
2020-08-31,102.56666564941406,103.26667022705078,101.75,102.40666961669922,97.56011199951172,1013400
2020-09-01,103.22666931152344,104.51000213623048,102.69000244140624,104.44000244140624,99.49720001220705,1414200
2020-09-02,106.086669921875,108.086669921875,105.07333374023438,107.46666717529295,102.3806381225586,2971800
2020-09-03,105.73999786376952,105.97666931152344,100.76667022705078,101.47333526611328,96.67095184326172,3921000
2020-09-04,100.79666900634766,102.1500015258789,96.83999633789062,100.41999816894533,95.6674575805664,3466800
2020-09-08,96.8133316040039,98.58999633789062,95.586669921875,95.72666931152344,91.19623565673828,3036000
2020-09-09,98.15333557128906,99.15333557128906,96.86333465576172,98.33333587646484,93.67955780029295,1914600
2020-09-10,99.663330078125,99.9566650390625,96.43000030517578,97.0,92.4093246459961,1914000
2020-09-11,97.67666625976562,98.6866683959961,95.91666412353516,96.97333526611328,92.3839340209961,1524300
2020-09-14,98.91666412353516,99.53333282470705,98.15333557128906,98.913330078125,94.23211669921876,1155600
2020-09-15,100.26667022705078,101.3133316040039,100.09333038330078,100.62000274658205,95.85802459716795,1259700
2020-09-16,101.34333038330078,101.4633331298828,99.52333068847656,99.67666625976562,94.95930480957033,1217400
2020-09-17,97.13666534423828,99.7866668701172,96.79666900634766,99.6266632080078,94.9116668701172,1714800
2020-09-18,100.08333587646484,100.336669921875,96.79000091552734,98.06666564941406,93.42552185058594,1210800
2020-09-21,96.22000122070312,97.88999938964844,95.3933334350586,97.88999938964844,93.25720977783205,2331600
2020-09-22,98.51667022705078,99.0366668701172,96.8000030517578,98.9000015258789,94.21942901611328,1096200
2020-09-23,98.56999969482422,99.0999984741211,95.913330078125,96.2699966430664,92.0455093383789,1896000
2020-09-24,95.47333526611328,98.43333435058594,95.40333557128906,97.08333587646484,92.82315063476562,2350500
2020-09-25,97.25333404541016,98.72666931152344,95.79666900634766,98.41666412353516,94.09797668457033,1614300
2020-09-28,99.8133316040039,101.22666931152344,99.16666412353516,101.1266632080078,96.6890640258789,1836000
2020-09-29,101.2133331298828,102.3133316040039,101.05999755859376,101.36333465576172,96.91533660888672,1915500
2020-09-30,101.29666900634766,102.5366668701172,100.9433364868164,101.5366668701172,97.08106994628906,1947600
2020-10-01,102.91666412353516,103.90666961669922,102.4433364868164,103.70999908447266,99.15902709960938,2045400
2020-10-02,101.02999877929688,102.69667053222656,100.45999908447266,100.5999984741211,96.18550872802734,2008500
2020-10-05,101.51667022705078,103.836669921875,101.37999725341795,103.74333190917967,99.19093322753906,1540200
2020-10-06,103.82666778564452,105.73666381835938,102.82666778564452,103.25,98.7192153930664,1888800
2020-10-07,104.72000122070312,105.5500030517578,104.70333099365234,105.22666931152344,100.60913848876952,1249200
2020-10-08,106.19000244140624,106.74666595458984,105.8566665649414,106.52999877929688,101.85527801513672,979800
2020-10-09,108.06999969482422,108.7066650390625,107.66000366210938,108.40333557128906,103.64642333984376,1967400
2020-10-12,109.836669921875,110.57666778564452,109.29000091552734,110.01333618164062,105.18578338623048,1591500
2020-10-13,110.1999969482422,110.75333404541016,109.31999969482422,109.81666564941406,104.99771881103516,2298900
2020-10-14,110.27333068847656,110.61000061035156,108.75,109.3733367919922,104.5738525390625,1562400
2020-10-15,107.33333587646484,109.2933349609375,107.11000061035156,109.08000183105467,104.29338836669922,1207200
2020-10-16,109.83333587646484,110.03333282470705,108.47333526611328,108.55999755859376,103.7961883544922,865800
2020-10-19,109.4499969482422,110.09666442871094,107.5999984741211,108.01333618164062,103.27352905273438,1208700
2020-10-20,108.5,108.7933349609375,107.58333587646484,107.836669921875,103.10462951660156,1048800
2020-10-21,108.09333038330078,108.30999755859376,107.02666473388672,107.11333465576172,102.41301727294922,1074300
2020-10-22,107.24666595458984,107.7133331298828,105.8566665649414,107.15666961669922,102.4544448852539,905100
2020-10-23,106.74666595458984,106.77999877929688,105.7699966430664,106.77999877929688,102.09429168701172,786000
2020-10-26,105.86666870117188,106.24666595458984,103.10333251953124,104.46666717529295,99.88249206542967,1671300
2020-10-27,105.19000244140624,105.44667053222656,103.69667053222656,104.0566635131836,99.490478515625,890100
2020-10-28,102.41666412353516,102.41666412353516,100.48332977294922,100.6500015258789,96.23332214355467,1481100
2020-10-29,100.66666412353516,104.27999877929688,100.52666473388672,103.20333099365234,98.6746063232422,1504500
2020-10-30,102.11333465576172,102.77999877929688,100.4800033569336,101.82666778564452,97.35836029052734,1337100
2020-11-02,102.77999877929688,103.25,101.3133316040039,102.19000244140624,97.70572662353516,1456200
2020-11-03,103.08999633789062,105.0,103.06999969482422,104.11666870117188,99.5478515625,1385100
2020-11-04,106.336669921875,108.31666564941406,105.06666564941406,107.75666809082033,103.02811431884766,3026700
2020-11-05,110.87000274658205,112.8766632080078,110.7699966430664,112.59666442871094,107.6557388305664,2808600
2020-11-06,112.33000183105467,114.8499984741211,111.96666717529295,114.43333435058594,109.4118194580078,2016000
2020-11-09,117.50666809082033,117.92333221435548,113.09333038330078,113.0999984741211,108.13695526123048,1920900
2020-11-10,112.086669921875,112.56666564941406,109.42333221435548,109.7066650390625,104.89254760742188,1862100
2020-11-11,111.4000015258789,113.86000061035156,111.38999938964844,113.66000366210938,108.67241668701172,1670400
2020-11-12,113.83999633789062,114.11000061035156,111.66000366210938,112.25666809082033,107.3306655883789,1203600
2020-11-13,113.59333038330078,114.58000183105467,112.81999969482422,113.63333129882812,108.64691162109376,1070700
2020-11-16,114.5633316040039,116.45999908447266,114.25,116.45999908447266,111.34954071044922,1456200
2020-11-17,116.04666900634766,116.08000183105467,114.6433334350586,115.5,110.4316864013672,1371600
2020-11-18,115.70333099365234,116.5,114.56666564941406,114.63999938964844,109.60938262939452,1361100
2020-11-19,114.2300033569336,116.4433364868164,113.7066650390625,116.33333587646484,111.22843170166016,1056300
2020-11-20,116.3733367919922,117.3566665649414,115.65333557128906,115.79000091552734,110.70895385742188,1369500
2020-11-23,116.3066635131836,117.8499984741211,115.93333435058594,117.44000244140624,112.28654479980467,1374900
2020-11-24,118.28333282470705,118.29000091552734,116.26000213623048,118.08000183105467,112.89845275878906,1824600
2020-11-25,118.25333404541016,118.72666931152344,117.33333587646484,117.81999969482422,112.64984130859376,974100
2020-11-27,118.56666564941406,119.91999816894533,118.56666564941406,119.22333526611328,113.99159240722656,1713300
2020-11-30,119.42333221435548,120.74333190917967,117.913330078125,120.60333251953124,115.3110580444336,1874100
2020-12-01,121.66666412353516,123.37000274658205,121.2699966430664,122.59333038330078,117.21371459960938,2005200
2020-12-02,122.25,123.55999755859376,122.1266632080078,122.95333099365234,117.55792236328124,2141400
2020-12-03,123.66666412353516,124.38999938964844,122.94667053222656,123.11333465576172,117.7109146118164,1096800
2020-12-04,123.66666412353516,126.54666900634766,123.47000122070312,126.47000122070312,120.92029571533205,1624500
2020-12-07,127.1866683959961,127.1999969482422,125.9000015258789,127.11000061035156,121.5322036743164,1657800
2020-12-08,127.0199966430664,128.01666259765625,126.39666748046876,127.5199966430664,121.9242172241211,1203000
2020-12-09,127.0366668701172,127.88333129882812,123.17333221435548,123.92666625976562,118.48855590820312,1949400
2020-12-10,122.86666870117188,124.81666564941406,122.45333099365234,123.75333404541016,118.32281494140624,1967400
2020-12-11,122.8766632080078,123.41000366210938,121.20333099365234,122.5500030517578,117.17230987548828,1605900
2020-12-14,123.44000244140624,124.413330078125,123.16666412353516,123.66666412353516,118.48070526123048,1313400
2020-12-15,125.33333587646484,125.8066635131836,124.51000213623048,125.38999938964844,120.13176727294922,1102500
2020-12-16,125.9800033569336,125.9800033569336,124.47000122070312,125.4633331298828,120.20201873779295,1342500
2020-12-17,126.2866668701172,126.2866668701172,125.1433334350586,125.6933364868164,120.4223861694336,1240200
2020-12-18,125.86000061035156,126.09333038330078,124.29666900634766,124.94667053222656,119.70702362060548,1160100
2020-12-21,123.36666870117188,124.49666595458984,122.32333374023438,124.38999938964844,119.1737060546875,1799700
2020-12-22,124.41999816894533,124.5,123.16999816894533,124.2066650390625,118.99803924560548,668700
2020-12-23,124.413330078125,124.61666870117188,123.16666412353516,123.27333068847656,118.1038589477539,1257000
2020-12-24,123.93000030517578,124.43000030517578,123.5566635131836,124.3733367919922,119.1577377319336,574200
2020-12-28,125.83333587646484,125.9000015258789,124.05332946777344,124.23666381835938,119.02678680419922,1108500
2020-12-29,124.8766632080078,124.8766632080078,122.5433349609375,123.91666412353516,118.72019958496094,1334700
2020-12-30,124.60333251953124,126.20333099365234,124.48666381835938,125.99333190917967,120.70979309082033,1159800
2020-12-31,126.1233367919922,126.58999633789062,125.2066650390625,126.3933334350586,121.09302520751952,1193100
2021-01-04,127.2133331298828,129.92666625976562,124.95333099365234,125.86333465576172,120.58525848388672,2487600
2021-01-05,125.76333618164062,128.43666076660156,125.66666412353516,128.43666076660156,123.0506591796875,1670700
2021-01-06,127.03333282470705,130.5366668701172,126.8566665649414,128.02000427246094,122.65147399902344,3215100
2021-01-07,129.89332580566406,133.17666625976562,129.89332580566406,132.85000610351562,127.27891540527344,1809000
2021-01-08,134.75332641601562,135.3699951171875,131.36000061035156,132.9199981689453,127.34598541259766,2119800
2021-01-11,131.76666259765625,135.3300018310547,131.6666717529297,134.26666259765625,128.6361541748047,1627500
2021-01-12,135.1300048828125,136.3866729736328,133.90333557128906,135.0800018310547,129.4154052734375,4503900
2021-01-13,136.3300018310547,136.6266632080078,134.77000427246094,135.3000030517578,129.62612915039062,1200000
2021-01-14,136.97999572753906,139.75332641601562,136.97999572753906,138.1666717529297,132.37266540527344,1748400
2021-01-15,138.01333618164062,138.1666717529297,134.5800018310547,135.35667419433594,129.6804962158203,2403900
2021-01-19,137.5833282470703,140.0933380126953,137.25999450683594,140.0,134.12911987304688,2517000
2021-01-20,141.52000427246094,141.99667358398438,139.17333984375,139.5,133.6501007080078,1851000
2021-01-21,140.82333374023438,142.0833282470703,139.3733367919922,141.51666259765625,135.5821075439453,2540400
2021-01-22,140.36666870117188,140.97332763671875,139.0433349609375,139.11666870117188,133.28277587890625,1668300
2021-01-25,140.27999877929688,140.63999938964844,136.63333129882812,139.31666564941406,133.47438049316406,1683300
2021-01-26,139.39332580566406,139.39332580566406,137.0399932861328,137.05332946777344,131.3059539794922,1224900
2021-01-27,134.6666717529297,134.68333435058594,129.41000366210938,129.94000244140625,124.4909439086914,5391300
2021-01-28,132.55667114257812,134.69667053222656,131.51333618164062,132.7899932861328,127.22144317626952,3369900
2021-01-29,133.23666381835938,133.7133331298828,130.0399932861328,130.47332763671875,125.00192260742188,2761800
2021-02-01,132.69667053222656,136.0399932861328,132.2566680908203,135.6266632080078,129.9391632080078,1923300
2021-02-02,137.88999938964844,138.0,135.96665954589844,137.82666015625,132.046875,2429400
2021-02-03,138.35333251953125,138.75,134.6666717529297,135.02667236328125,129.3643341064453,2767800
2021-02-04,134.60000610351562,136.24000549316406,133.65333557128906,136.13333129882812,130.42457580566406,1832400
2021-02-05,137.14999389648438,137.14999389648438,135.0,135.20333862304688,129.53355407714844,1462800
2021-02-08,136.1133270263672,139.3633270263672,136.10667419433594,139.25999450683594,133.42013549804688,1947300
2021-02-09,138.85667419433594,139.8300018310547,138.07666015625,138.85000610351562,133.02731323242188,1383300
2021-02-10,140.0,140.72999572753906,137.336669921875,139.1233367919922,133.28916931152344,2220300
2021-02-11,140.27333068847656,144.0433349609375,140.27333068847656,143.94000244140625,137.9038848876953,2112600
2021-02-12,143.51666259765625,146.00332641601562,142.78334045410156,145.72000122070312,139.6092529296875,1925100
2021-02-16,147.4566650390625,147.99000549316406,145.82666015625,146.45333862304688,140.3118133544922,3152400
2021-02-17,145.19667053222656,145.73333740234375,141.97000122070312,143.94332885742188,137.90701293945312,2785200
2021-02-18,142.1566619873047,143.1233367919922,140.67999267578125,142.4633331298828,136.48912048339844,2247600
2021-02-19,144.6233367919922,146.76333618164062,144.32666015625,145.89666748046875,139.7784881591797,2254500
2021-02-22,144.0,145.01333618164062,140.11666870117188,140.61000061035156,134.71353149414062,2652000
2021-02-23,138.02667236328125,140.60667419433594,134.02667236328125,139.55332946777344,133.70114135742188,4029300
2021-02-24,138.68333435058594,144.23333740234375,137.43333435058594,144.0800018310547,138.0379638671875,3144900
2021-02-25,142.39999389648438,143.3433380126953,135.30999755859375,135.8733367919922,130.1754913330078,5339700
2021-02-26,138.10000610351562,140.25332641601562,135.35000610351562,138.97000122070312,133.14230346679688,4558800
2021-03-01,141.07666015625,143.5500030517578,140.0066680908203,143.39999389648438,137.38650512695312,2316600
2021-03-02,143.97999572753906,143.97999572753906,138.94332885742188,139.10000610351562,133.26683044433594,3177600
2021-03-03,139.24667358398438,139.54666137695312,133.5800018310547,134.8433380126953,129.1886749267578,4425900
2021-03-04,134.4066619873047,135.0399932861328,126.4499969482422,128.35333251953125,122.9708251953125,7243500
2021-03-05,131.30667114257812,132.64999389648438,125.18333435058594,132.20333862304688,126.65938568115234,6307800
2021-03-08,132.03334045410156,132.57000732421875,125.0199966430664,125.06999969482422,119.82518005371094,7349100
2021-03-09,129.60000610351562,133.73333740234375,129.21665954589844,132.83999633789062,127.26936340332033,4132800
2021-03-10,135.1300048828125,135.17333984375,130.3333282470703,130.3333282470703,124.8678207397461,4082400
2021-03-11,134.2100067138672,136.5933380126953,133.50332641601562,135.82000732421875,130.12440490722656,3689400
2021-03-12,133.3333282470703,134.63333129882812,132.3733367919922,134.3866729736328,128.75115966796875,3153600
2021-03-15,135.10667419433594,137.4066619873047,134.1266632080078,137.22000122070312,131.46566772460938,3894900
2021-03-16,138.8433380126953,141.1999969482422,138.18333435058594,138.9933319091797,133.16461181640625,6785100
2021-03-17,137.07333374023438,141.84666442871094,136.03334045410156,140.7433319091797,134.84127807617188,5773800
2021-03-18,138.7866668701172,139.05999755859375,134.76333618164062,134.9199981689453,129.26211547851562,6042900
2021-03-19,135.19000244140625,137.7933349609375,133.46665954589844,136.586669921875,130.8589324951172,6614100
2021-03-22,138.26333618164062,141.11000061035156,137.74000549316406,139.47666931152344,133.62770080566406,3130200
2021-03-23,140.01666259765625,140.26333618164062,135.18333435058594,135.80999755859375,130.1147918701172,5638800
2021-03-24,138.07000732421875,138.6300048828125,133.88333129882812,133.94667053222656,128.3296356201172,6608100
2021-03-25,131.6300048828125,134.48666381835938,130.27333068847656,133.836669921875,128.46591186523438,5580000
2021-03-26,133.94000244140625,140.6999969482422,133.85000610351562,140.44332885742188,134.80747985839844,6493800
2021-03-29,139.1300048828125,139.663330078125,136.63333129882812,138.2899932861328,132.74053955078125,6540600
2021-03-30,137.1999969482422,138.25,136.3300018310547,137.9600067138672,132.42379760742188,4263600
2021-03-31,139.26333618164062,142.39999389648438,138.99000549316406,141.3300018310547,135.6585235595703,5968200
2021-04-01,143.7899932861328,146.61000061035156,143.73666381835938,146.52667236328125,140.64669799804688,7380000
2021-04-05,148.93666076660156,149.9199981689453,147.15333557128906,149.48333740234375,143.4846954345703,6504000
2021-04-06,148.60333251953125,149.52000427246094,146.3433380126953,147.81333923339844,141.88168334960938,5913000
2021-04-07,147.96665954589844,148.47332763671875,146.59666442871094,147.71665954589844,141.78887939453125,3296400
2021-04-08,149.30332946777344,149.57000732421875,148.03334045410156,149.39999389648438,143.40467834472656,4276500
2021-04-09,148.19000244140625,149.0800018310547,147.56666564941406,148.93333435058594,142.95677185058594,2466000
2021-04-12,148.15333557128906,148.15333557128906,146.06666564941406,147.3333282470703,141.4209442138672,2607900
2021-04-13,148.4566650390625,148.6666717529297,145.63333129882812,147.10000610351562,141.197021484375,3328500
2021-04-14,146.82000732421875,147.93333435058594,144.68666076660156,145.48333740234375,139.6452178955078,4996200
2021-04-15,146.97666931152344,148.22666931152344,145.84666442871094,147.9199981689453,141.98406982421875,5672400
2021-04-16,147.9199981689453,148.22332763671875,146.90333557128906,147.22666931152344,141.31858825683594,2712600
2021-04-19,146.14332580566406,146.63333129882812,142.0399932861328,143.35667419433594,137.60389709472656,8922300
2021-04-20,142.8866729736328,143.47999572753906,140.47999572753906,141.31333923339844,135.64256286621094,5374500
2021-04-21,141.42333984375,145.07333374023438,140.83999633789062,145.02000427246094,139.20045471191406,4321800
2021-04-22,144.72000122070312,144.913330078125,141.0,141.8633270263672,136.1704559326172,5433000
2021-04-23,142.44332885742188,145.04666137695312,142.27000427246094,144.4499969482422,138.6533203125,3996300
2021-04-26,144.6366729736328,147.27999877929688,144.3766632080078,147.09666442871094,141.1938018798828,3577800
2021-04-27,147.67333984375,147.77999877929688,145.5500030517578,145.9933319091797,140.134765625,4878300
2021-04-28,145.18333435058594,145.25332641601562,143.61000061035156,143.77667236328125,138.00701904296875,2356200
2021-04-29,145.82000732421875,145.9066619873047,142.61000061035156,144.7100067138672,138.90292358398438,3237000
2021-04-30,142.586669921875,143.42666625976562,140.336669921875,140.67666625976562,135.03138732910156,3900000
2021-05-03,141.67666625976562,141.82333374023438,138.43666076660156,139.2133331298828,133.62680053710938,3222900
2021-05-04,137.39999389648438,137.45333862304688,134.336669921875,136.86666870117188,131.37429809570312,6061800
2021-05-05,138.5833282470703,139.42666625976562,136.69000244140625,137.72332763671875,132.1966094970703,4808700
2021-05-06,137.46665954589844,138.8866729736328,135.90333557128906,138.85333251953125,133.28128051757812,3656400
2021-05-07,140.26666259765625,141.72000122070312,139.60333251953125,140.75999450683594,135.1113739013672,2871600
2021-05-10,139.52999877929688,139.52999877929688,134.26333618164062,134.5,129.10263061523438,6354600
2021-05-11,130.39666748046875,135.05332946777344,129.92999267578125,134.67999267578125,129.27542114257812,6719400
2021-05-12,131.8633270263672,132.64332580566406,128.67333984375,129.19332885742188,124.00892639160156,7754100
2021-05-13,131.43333435058594,132.86666870117188,129.52999877929688,130.83999633789062,125.58950805664062,4862400
2021-05-14,132.74667358398438,136.11000061035156,131.4566650390625,134.88999938964844,129.4769744873047,4663500
2021-05-17,133.63999938964844,133.82666015625,131.47999572753906,133.7133331298828,128.3475341796875,3365100
2021-05-18,134.97000122070312,135.22666931152344,132.55999755859375,132.6366729736328,127.31407165527344,2354700
2021-05-19,130.06666564941406,135.3633270263672,129.51666259765625,135.22332763671875,129.79690551757812,4127400
2021-05-20,136.23333740234375,139.35333251953125,136.13333129882812,138.77999877929688,133.21087646484375,5020800
2021-05-21,139.75999450683594,139.81333923339844,137.78334045410156,138.01333618164062,132.4749298095703,5250000
2021-05-24,139.4566650390625,142.26333618164062,139.3333282470703,141.5,135.8217315673828,3373800
2021-05-25,142.5399932861328,142.9933319091797,141.1199951171875,141.9199981689453,136.224853515625,4363500
2021-05-26,142.02333068847656,142.9166717529297,141.0066680908203,142.3000030517578,136.58966064453125,2492400
2021-05-27,142.0366668701172,143.61666870117188,141.6666717529297,142.89999389648438,137.16554260253906,3302700
2021-05-28,143.44000244140625,144.9199981689453,143.18666076660156,144.22666931152344,138.43893432617188,2179500
2021-06-01,145.31666564941406,146.4633331298828,143.0800018310547,143.82333374023438,138.05181884765625,3373500
2021-06-02,143.7133331298828,145.2866668701172,143.2566680908203,144.6999969482422,138.89332580566406,2140500
2021-06-03,143.07666015625,143.6999969482422,141.54666137695312,142.2133331298828,136.50643920898438,3247500
2021-06-04,143.43333435058594,145.9566650390625,143.43333435058594,145.6666717529297,139.82119750976562,2821500
2021-06-07,144.97666931152344,145.2433319091797,143.69332885742188,144.53334045410156,138.73336791992188,2376300
2021-06-08,145.66000366210938,145.913330078125,142.6233367919922,143.7066650390625,137.93983459472656,2534400
2021-06-09,144.18333435058594,144.60000610351562,143.0,143.0,137.2615203857422,2607000
2021-06-10,143.05667114257812,145.03334045410156,142.7566680908203,144.47000122070312,138.8382110595703,2165100
2021-06-11,144.90333557128906,145.1999969482422,144.086669921875,145.1999969482422,139.5397186279297,1765200
2021-06-14,145.56666564941406,147.26333618164062,144.7133331298828,147.26333618164062,141.522705078125,3673800
2021-06-15,146.8699951171875,147.76666259765625,145.57666015625,146.05667114257812,140.3630828857422,2388300
2021-06-16,146.50999450683594,146.93333435058594,143.53334045410156,144.68333435058594,139.04322814941406,3614700
2021-06-17,144.2866668701172,147.31333923339844,144.17666625976562,146.2433319091797,140.54241943359375,3873000
2021-06-18,145.24000549316406,145.34666442871094,141.9566650390625,142.7433319091797,137.17886352539062,2889900
2021-06-21,142.9066619873047,143.52000427246094,141.69332885742188,143.27000427246094,137.68499755859375,2233200
2021-06-22,143.48333740234375,144.36000061035156,142.67999267578125,143.94667053222656,138.33529663085938,1737900
2021-06-23,144.30667114257812,145.36000061035156,144.25999450683594,144.54666137695312,138.91189575195312,1889400
2021-06-24,145.95333862304688,147.39332580566406,145.8000030517578,147.00332641601562,141.27281188964844,1428300
2021-06-25,147.6266632080078,147.8633270263672,146.19000244140625,146.60333251953125,140.88839721679688,1343100
2021-06-28,147.50999450683594,150.72666931152344,147.50999450683594,150.10333251953125,144.25192260742188,2651100
2021-06-29,149.92666625976562,151.5,149.43333435058594,151.27999877929688,145.38279724121094,1748100
2021-06-30,151.13999938964844,151.69667053222656,150.39666748046875,151.4066619873047,145.5044708251953,1317300
2021-07-01,151.25332641601562,151.25332641601562,148.72999572753906,149.23666381835938,143.4190673828125,2264100
2021-07-02,150.163330078125,150.50999450683594,148.97332763671875,150.14666748046875,144.29364013671875,1827000
2021-07-06,150.55332946777344,151.0399932861328,147.97999572753906,149.88999938964844,144.0469207763672,2001900
2021-07-07,150.8333282470703,150.84666442871094,146.99667358398438,147.6199951171875,141.8654327392578,1888200
2021-07-08,144.50999450683594,146.4199981689453,143.40333557128906,145.72332763671875,140.04270935058594,2000100
2021-07-09,146.20333862304688,148.3766632080078,145.14999389648438,148.10000610351562,142.3267364501953,1833000
2021-07-12,148.73333740234375,150.0,148.1666717529297,150.0,144.15264892578125,3949800
2021-07-13,149.3733367919922,150.04666137695312,148.60667419433594,149.39999389648438,143.57603454589844,2122200
2021-07-14,150.4199981689453,151.69667053222656,148.28334045410156,148.7100067138672,142.91297912597656,2256600
2021-07-15,147.9933319091797,148.31333923339844,144.30667114257812,145.41000366210938,139.74160766601562,2657100
2021-07-16,145.8633270263672,146.60000610351562,141.91000366210938,142.25,136.70480346679688,2571600
2021-07-19,140.30667114257812,142.33999633789062,139.50332641601562,142.10667419433594,136.56703186035156,4068000
2021-07-20,142.7899932861328,145.1366729736328,141.0,144.0433349609375,138.42822265625,3201000
2021-07-21,144.5933380126953,148.5366668701172,144.5933380126953,148.46665954589844,142.67909240722656,2039400
2021-07-22,147.72332763671875,148.39999389648438,146.49667358398438,147.58999633789062,141.83656311035156,1185000
2021-07-23,148.27999877929688,148.49000549316406,146.51333618164062,148.3433380126953,142.5605926513672,1312500
2021-07-26,147.77333068847656,148.72000122070312,147.4066619873047,148.38999938964844,142.60546875,1123200
2021-07-27,147.96665954589844,147.96665954589844,142.58999633789062,145.6666717529297,139.98825073242188,2508000
2021-07-28,146.19667053222656,148.6699981689453,145.4933319091797,148.04666137695312,142.2754669189453,2289600
2021-07-29,148.61000061035156,151.52999877929688,148.55332946777344,151.06666564941406,145.17774963378906,2303700
2021-07-30,149.6999969482422,152.6133270263672,149.6999969482422,152.30332946777344,146.36619567871094,2320200
2021-08-02,153.76333618164062,155.1666717529297,152.88999938964844,153.26666259765625,147.29197692871094,2864100
2021-08-03,153.60667419433594,154.43333435058594,151.80999755859375,154.43333435058594,148.41319274902344,1769100
2021-08-04,154.73333740234375,156.7566680908203,154.50332641601562,156.0066680908203,149.92518615722656,1626000
2021-08-05,156.7566680908203,157.1266632080078,155.14666748046875,156.03334045410156,149.9508514404297,1420200
2021-08-06,155.11666870117188,156.0366668701172,154.85000610351562,155.2566680908203,149.20443725585938,1233000
2021-08-09,155.88333129882812,155.97332763671875,154.07666015625,154.72999572753906,148.69827270507812,1065900
2021-08-10,154.9600067138672,155.22666931152344,151.81666564941406,152.93333435058594,146.97166442871094,2695500
2021-08-11,153.35000610351562,153.56333923339844,150.6199951171875,152.41000366210938,146.4687042236328,1296900
2021-08-12,151.91000366210938,151.91000366210938,149.52333068847656,150.77333068847656,144.8958282470703,1531500
2021-08-13,150.42666625976562,151.7433319091797,150.29666137695312,151.72000122070312,145.8056182861328,1060200
2021-08-16,151.14666748046875,151.54666137695312,149.88999938964844,151.1566619873047,145.2642364501953,1143900
2021-08-17,149.89999389648438,149.89999389648438,146.8433380126953,148.22999572753906,142.45166015625,1850700
2021-08-18,148.02333068847656,148.92999267578125,146.07666015625,146.27000427246094,140.56802368164062,1879200
2021-08-19,145.35333251953125,148.27667236328125,144.22666931152344,147.47000122070312,141.7213134765625,2175600
2021-08-20,147.8633270263672,148.83999633789062,146.80667114257812,148.57666015625,142.7847900390625,1798200
2021-08-23,150.1199951171875,152.9633331298828,150.1199951171875,152.75999450683594,146.80506896972656,2181000
2021-08-24,153.1999969482422,153.6666717529297,152.49667358398438,152.75999450683594,146.80506896972656,1662900
2021-08-25,153.3633270263672,155.05999755859375,153.27667236328125,153.92333984375,147.92306518554688,2274300
2021-08-26,153.74000549316406,154.6666717529297,152.80667114257812,154.06666564941406,148.06080627441406,2284500
2021-08-27,154.15333557128906,157.19332885742188,153.93666076660156,157.0066680908203,150.88619995117188,2404500
2021-08-30,157.64666748046875,158.8433380126953,156.7566680908203,157.32000732421875,151.18728637695312,2519400
2021-08-31,157.49000549316406,157.6999969482422,154.84666442871094,156.06333923339844,149.97964477539062,2107800
2021-09-01,156.84666442871094,157.00332641601562,155.2133331298828,155.2133331298828,149.16275024414062,1632600
2021-09-02,155.9499969482422,156.27333068847656,155.19000244140625,155.7933349609375,149.7201385498047,1501500
2021-09-03,155.82000732421875,157.57000732421875,155.47332763671875,156.9600067138672,150.84133911132812,1356000
2021-09-07,157.0399932861328,157.04666137695312,155.4566650390625,156.38333129882812,150.28712463378906,1640700
2021-09-08,155.6666717529297,155.82666015625,153.03334045410156,154.3800048828125,148.36192321777344,3087900
2021-09-09,154.27667236328125,155.83999633789062,154.18333435058594,154.92333984375,148.88406372070312,3921000
2021-09-10,156.19667053222656,158.52667236328125,156.13999938964844,156.15333557128906,150.06610107421875,2959200
2021-09-13,157.72666931152344,157.97666931152344,155.51666259765625,157.64999389648438,151.50442504882812,2835900
2021-09-14,158.05332946777344,158.85333251953125,156.93666076660156,157.6566619873047,151.51087951660156,2581500
2021-09-15,157.77999877929688,158.56666564941406,156.44332885742188,158.56333923339844,152.3821563720703,3770400
2021-09-16,157.4166717529297,159.39666748046875,156.76333618164062,158.86666870117188,152.67367553710938,1655100
2021-09-17,158.44667053222656,158.44667053222656,155.6266632080078,156.3333282470703,150.2390594482422,2426700
2021-09-20,153.0,153.5933380126953,150.21665954589844,152.4633331298828,146.51995849609375,3124800
2021-09-21,153.60333251953125,154.05999755859375,151.52333068847656,152.913330078125,146.95245361328125,2214000
2021-09-22,154.11666870117188,156.44667053222656,153.55332946777344,156.086669921875,150.00205993652344,1309200
2021-09-23,156.82666015625,158.6666717529297,156.26333618164062,158.1666717529297,152.00099182128906,2407200
2021-09-24,156.5833282470703,157.93666076660156,156.3333282470703,157.60000610351562,151.82659912109375,1191900
2021-09-27,155.913330078125,157.8333282470703,154.99000549316406,157.21665954589844,151.45729064941406,1339800
2021-09-28,154.24667358398438,155.14332580566406,151.06666564941406,151.06666564941406,145.53260803222656,5448000
2021-09-29,151.40333557128906,151.84666442871094,148.39332580566406,148.68333435058594,143.23655700683594,6776400
2021-09-30,150.0933380126953,151.07333374023438,148.5833282470703,148.6233367919922,143.17880249023438,4524900
2021-10-01,149.2133331298828,149.4933319091797,146.27667236328125,148.72000122070312,143.27191162109375,3114900
2021-10-04,147.9499969482422,148.0399932861328,144.44667053222656,144.88999938964844,139.5822296142578,4161900
2021-10-05,145.5833282470703,148.10333251953125,145.33999633789062,147.0833282470703,141.69520568847656,3156000
2021-10-06,145.44667053222656,147.77000427246094,144.94332885742188,147.6566619873047,142.24749755859375,3410700
2021-10-07,149.56333923339844,151.3633270263672,149.19332885742188,149.38333129882812,143.91094970703125,1913400
2021-10-08,149.9199981689453,150.1133270263672,147.73333740234375,147.85333251953125,142.43701171875,1672200
2021-10-11,147.26666259765625,149.35333251953125,146.80999755859375,146.8633270263672,141.48326110839844,1532100
2021-10-12,147.7899932861328,148.0066680908203,144.4199981689453,145.02999877929688,139.71710205078125,3201900
2021-10-13,146.0800018310547,146.77333068847656,145.38999938964844,145.86666870117188,140.52310180664062,1756500
2021-10-14,148.55667114257812,150.4066619873047,148.14332580566406,150.39332580566406,144.88394165039062,2486100
2021-10-15,151.49667358398438,151.85000610351562,150.6300048828125,151.39666748046875,145.8504638671875,1639500
2021-10-18,150.49667358398438,152.6666717529297,149.63333129882812,152.61666870117188,147.02581787109375,1352700
2021-10-19,152.96665954589844,154.48666381835938,152.27000427246094,154.48666381835938,148.82733154296875,1394100
2021-10-20,153.92999267578125,154.77000427246094,153.5,154.1666717529297,148.51905822753906,1261500
2021-10-21,153.17666625976562,155.9199981689453,153.10667419433594,155.72000122070312,150.0154571533203,1303200
2021-10-22,154.89999389648438,156.5,153.7066650390625,153.97332763671875,148.33277893066406,3284400
2021-10-25,154.75999450683594,155.9199981689453,154.1999969482422,155.02999877929688,149.35072326660156,1684800
2021-10-26,156.2433319091797,156.8000030517578,154.60000610351562,155.14666748046875,149.46311950683594,1879200
2021-10-27,154.20333862304688,155.83999633789062,153.48666381835938,154.03334045410156,148.39059448242188,3226200
2021-10-28,156.08999633789062,157.63333129882812,155.80999755859375,157.5066680908203,151.7366943359375,3278100
2021-10-29,156.17666625976562,158.22999572753906,156.0,158.2100067138672,152.4142608642578,2135700
2021-11-01,158.39999389648438,160.82666015625,158.0,160.7899932861328,154.89974975585938,2547300
2021-11-02,160.70333862304688,162.79666137695312,160.70333862304688,162.7899932861328,156.82647705078125,2225400
2021-11-03,163.0,164.86666870117188,162.3699951171875,164.6666717529297,158.6343994140625,2175000
2021-11-04,166.52667236328125,170.97000122070312,165.6199951171875,170.2066650390625,163.97142028808594,4080900
2021-11-05,171.26666259765625,173.4166717529297,170.38999938964844,172.09666442871094,165.79225158691406,4534800
2021-11-08,173.163330078125,175.55999755859375,172.5366668701172,174.42333984375,168.03366088867188,2921400
2021-11-09,176.163330078125,176.3633270263672,172.5433349609375,174.42333984375,168.03366088867188,2722800
2021-11-10,171.14999389648438,173.49000549316406,168.5433349609375,169.27999877929688,163.0787353515625,3934200
2021-11-11,172.0800018310547,173.27333068847656,170.75,172.86000061035156,166.52757263183594,2283000
2021-11-12,173.4600067138672,175.3766632080078,172.50332641601562,174.5500030517578,168.15570068359375,1970400
2021-11-15,175.85667419433594,175.85667419433594,172.6266632080078,174.4199981689453,168.0304412841797,2318100
2021-11-16,173.63333129882812,177.35333251953125,173.42333984375,177.03334045410156,170.5480194091797,2023200
2021-11-17,177.1233367919922,177.1233367919922,174.94000244140625,175.8000030517578,169.3599090576172,1575600
2021-11-18,178.99667358398438,179.6366729736328,177.03334045410156,178.74000549316406,172.19219970703125,1997100
2021-11-19,178.76666259765625,180.4499969482422,177.8766632080078,179.23666381835938,172.670654296875,3405900
2021-11-22,180.26666259765625,182.7066650390625,176.39999389648438,176.63999938964844,170.1691131591797,4422600
2021-11-23,176.4499969482422,177.6366729736328,172.97332763671875,175.92999267578125,169.485107421875,2422800
2021-11-24,174.5500030517578,177.95333862304688,172.80332946777344,177.8633270263672,171.34762573242188,2117100
2021-11-26,174.5066680908203,176.086669921875,171.63999938964844,172.913330078125,166.57894897460938,2448000
2021-11-29,175.47666931152344,179.9600067138672,174.81666564941406,179.55999755859375,172.98216247558594,2412300
2021-11-30,178.85333251953125,180.52999877929688,174.9066619873047,176.413330078125,169.9507293701172,3264300
2021-12-01,179.0,182.1600036621093,174.9933319091797,175.00332641601562,168.5924072265625,3112500
2021-12-02,173.1999969482422,176.47666931152344,171.8766632080078,175.2566680908203,168.83644104003906,3124500
2021-12-03,177.73666381835938,179.49667358398438,172.85000610351562,174.81333923339844,168.4093475341797,2490900
2021-12-06,174.47332763671875,175.1233367919922,169.1266632080078,174.58999633789062,168.19424438476562,2091600
2021-12-07,178.4933319091797,183.759994506836,178.4933319091797,183.3999938964844,176.6814422607422,2692200
2021-12-08,182.4266662597656,182.586669921875,180.32666015625,182.2066650390625,175.53182983398438,1666500
2021-12-09,181.1300048828125,182.9366607666016,177.86000061035156,178.01666259765625,171.49534606933594,1674000
2021-12-10,181.336669921875,182.1999969482422,177.47332763671875,179.69667053222656,173.1138153076172,2020500
2021-12-13,180.1133270263672,180.19332885742188,174.32000732421875,174.6266632080078,168.50238037109375,2286600
2021-12-14,172.48333740234375,174.70333862304688,171.52333068847656,173.7866668701172,167.69186401367188,2888100
2021-12-15,174.13999938964844,180.3300018310547,171.8000030517578,180.1666717529297,173.8480987548828,2344200
2021-12-16,180.8999938964844,181.4100036621093,171.27333068847656,172.30667114257812,166.2637481689453,2797800
2021-12-17,170.61000061035156,174.63999938964844,170.0399932861328,171.89999389648438,165.87135314941406,2702100
2021-12-20,169.39999389648438,171.88333129882812,168.69332885742188,170.55332946777344,164.57191467285156,2145900
2021-12-21,174.39666748046875,176.7899932861328,172.01333618164062,176.7066650390625,170.5094451904297,1624200
2021-12-22,175.79666137695312,178.5433349609375,174.88333129882812,178.5433349609375,172.2816925048828,2134800
2021-12-23,178.89999389648438,181.4366607666016,178.89666748046875,180.2700042724609,173.9478302001953,2100300
2021-12-27,180.92999267578125,185.25,180.8866729736328,185.2100067138672,178.714599609375,2503500
2021-12-28,186.0666656494141,186.0933380126953,182.32000732421875,183.1666717529297,176.7428741455078,1974900
2021-12-29,183.0966644287109,184.5933380126953,182.3233337402344,183.44667053222656,177.01309204101562,1254900
2021-12-30,183.0033264160156,183.76333618164065,180.7566680908203,181.32000732421875,175.01028442382812,1361700
2021-12-31,181.5066680908203,182.7133331298828,180.7533264160156,180.77333068847656,174.48265075683594,1217400
2022-01-03,181.9900054931641,184.54666137695312,181.27333068847656,184.36666870117188,177.950927734375,1699800
2022-01-04,185.1866607666016,186.33999633789065,179.3733367919922,183.8000030517578,177.4040069580078,3504600
2022-01-05,182.3933258056641,183.9600067138672,177.39666748046875,177.55667114257812,171.37791442871094,3751800
2022-01-06,177.52999877929688,179.77333068847656,175.60667419433594,178.93666076660156,172.7099151611328,2934300
2022-01-07,178.76333618164062,179.4166717529297,173.20333862304688,173.74667358398438,167.70050048828125,2284500
2022-01-10,171.59666442871094,174.18666076660156,168.0,173.80999755859375,167.76161193847656,5377500
2022-01-11,173.22666931152344,177.2866668701172,171.94667053222656,177.0800018310547,170.91783142089844,3157200
2022-01-12,178.7899932861328,180.02333068847656,176.60333251953125,178.3800048828125,172.17259216308594,3571500
2022-01-13,181.106674194336,182.61666870117188,173.77333068847656,174.21665954589844,168.15414428710938,3268800
2022-01-14,172.836669921875,178.55332946777344,172.81333923339844,178.3866729736328,172.17901611328125,3401700
2022-01-18,175.5366668701172,175.55999755859375,170.0399932861328,170.413330078125,164.48316955566406,7686000
2022-01-19,171.79666137695312,172.85333251953125,165.28334045410156,165.39999389648438,159.64427185058594,9931800
2022-01-20,166.67666625976562,168.0,160.0,160.2133331298828,154.6381378173828,8349900
2022-01-21,159.0933380126953,163.61666870117188,157.19667053222656,157.54666137695312,152.06423950195312,13946100
2022-01-24,154.25332641601562,159.64332580566406,148.97666931152344,159.34666442871094,153.80160522460938,15465300
2022-01-25,155.25,157.16000366210938,152.51666259765625,153.39999389648438,148.0618438720703,10710300
2022-01-26,157.7066650390625,162.2566680908203,153.39999389648438,155.7566680908203,150.33651733398438,8508000
2022-01-27,157.29666137695312,157.48666381835938,148.32333374023438,148.82333374023438,143.64443969726562,8400900
2022-01-28,148.70333862304688,151.67666625976562,144.42666625976562,151.67666625976562,146.3984832763672,7173000
2022-01-31,152.43666076660156,160.06666564941406,151.59666442871094,159.82333374023438,154.2616729736328,7846800
2022-02-01,161.3866729736328,161.64666748046875,157.1300048828125,161.15333557128906,155.54541015625,4068900
2022-02-02,164.41000366210938,165.63999938964844,162.086669921875,165.22332763671875,159.47377014160156,5229000
2022-02-03,161.06666564941406,163.72999572753906,157.42666625976562,158.03334045410156,152.53396606445312,6506400
2022-02-04,157.29666137695312,160.3000030517578,155.1666717529297,158.94000244140625,153.4091033935547,5061300
2022-02-07,159.3333282470703,161.50332641601562,158.25,158.85000610351562,153.32220458984375,3501900
2022-02-08,158.17666625976562,163.19667053222656,157.913330078125,162.86666870117188,157.1991424560547,2941200
2022-02-09,165.01333618164062,168.22999572753906,162.94667053222656,168.2100067138672,162.3564910888672,5061000
2022-02-10,164.10667419433594,169.2933349609375,162.0399932861328,162.96665954589844,157.29559326171875,4614000
2022-02-11,163.24000549316406,164.42666625976562,153.56333923339844,154.67333984375,149.29090881347656,7881900
2022-02-14,155.1999969482422,157.94667053222656,152.8000030517578,154.82000732421875,149.43246459960938,5697300
2022-02-15,158.1699981689453,163.7866668701172,157.75,163.3633270263672,157.67848205566406,4881000
2022-02-16,161.35667419433594,164.02333068847656,159.92999267578125,163.4166717529297,157.72999572753906,2713200
2022-02-17,161.24667358398438,161.47000122070312,157.0366668701172,157.27999877929688,151.80685424804688,6003000
2022-02-18,157.35333251953125,157.93333435058594,153.36000061035156,155.52333068847656,150.11129760742188,5866200
2022-02-22,153.8433380126953,158.2866668701172,152.1233367919922,154.57666015625,149.1975860595703,8370000
2022-02-23,156.3699951171875,158.0,150.4066619873047,150.89332580566406,145.64244079589844,6525600
2022-02-24,145.02667236328125,156.663330078125,144.67666625976562,156.413330078125,150.97035217285156,8669100
2022-02-25,156.4066619873047,159.02000427246094,154.19000244140625,159.02000427246094,153.48629760742188,7065000
2022-02-28,156.9499969482422,159.4566650390625,154.8699951171875,158.05332946777344,152.55328369140625,4359300
2022-03-01,157.413330078125,158.3300018310547,150.65333557128906,152.32333374023438,147.02268981933594,4265700
2022-03-02,153.58999633789062,158.26333618164062,153.23333740234375,157.1666717529297,151.6974639892578,2850600
2022-03-03,158.1266632080078,158.17333984375,152.93333435058594,153.8699951171875,148.51551818847656,4177800
2022-03-04,152.3699951171875,153.7133331298828,148.10000610351562,149.7866668701172,144.57424926757812,4443300
2022-03-07,150.23333740234375,151.30332946777344,142.2433319091797,142.27333068847656,137.3223876953125,5869200
2022-03-08,143.2433319091797,150.29666137695312,140.85333251953125,145.0,139.95419311523438,7909500
2022-03-09,149.8800048828125,152.21665954589844,148.17333984375,151.07666015625,145.81936645507812,4699800
2022-03-10,148.40333557128906,148.5500030517578,145.06666564941406,147.97666931152344,142.82723999023438,4805700
2022-03-11,150.1233367919922,150.39999389648438,144.5066680908203,144.8000030517578,139.7611083984375,6524400
2022-03-14,144.36666870117188,145.11666870117188,139.45333862304688,140.1133270263672,135.23756408691406,5683800
2022-03-15,141.51666259765625,146.89999389648438,140.6300048828125,146.55332946777344,141.4534149169922,3980400
2022-03-16,149.0399932861328,154.1233367919922,147.42333984375,154.10000610351562,148.73751831054688,4868700
2022-03-17,152.35333251953125,155.0500030517578,151.17666625976562,155.0500030517578,149.65447998046875,4133100
2022-03-18,153.97000122070312,158.71665954589844,153.01666259765625,158.07666015625,152.5757293701172,5004600
2022-03-21,157.46665954589844,159.05667114257812,154.94332885742188,157.76333618164062,152.2733612060547,4801500
2022-03-22,157.47666931152344,160.51333618164062,157.32000732421875,158.6366729736328,153.1163330078125,2886600
2022-03-23,157.18666076660156,159.11000061035156,154.59666442871094,154.63999938964844,149.25869750976562,3530400
2022-03-24,155.94000244140625,162.26666259765625,155.3000030517578,162.13999938964844,156.79342651367188,5002500
2022-03-25,161.9600067138672,162.39999389648438,159.08999633789062,161.77333068847656,156.43890380859375,3103200
2022-03-28,160.80332946777344,163.02999877929688,158.48666381835938,163.02999877929688,157.6541290283203,2735700
2022-03-29,165.6300048828125,167.02999877929688,163.39999389648438,166.76666259765625,161.267578125,3093600
2022-03-30,165.47666931152344,166.06333923339844,160.57666015625,161.43333435058594,156.110107421875,3269100
2022-03-31,161.31333923339844,162.02999877929688,157.336669921875,157.75999450683594,152.55787658691406,3369300
2022-04-01,158.42666625976562,158.79666137695312,152.39332580566406,154.70333862304688,149.6020050048828,5391900
2022-04-04,155.10667419433594,157.43666076660156,154.52333068847656,157.21665954589844,152.03244018554688,2705100
2022-04-05,155.92999267578125,156.06333923339844,149.5800018310547,149.97999572753906,145.03440856933594,4054800
2022-04-06,146.6666717529297,148.9066619873047,145.0,146.25,141.4274139404297,4836900
2022-04-07,146.0500030517578,147.88333129882812,143.50332641601562,146.57000732421875,141.7368927001953,3511800
2022-04-08,145.35333251953125,145.4066619873047,142.70333862304688,142.93333435058594,138.2201385498047,4500300
2022-04-11,140.82000732421875,142.0,139.67333984375,139.99667358398438,135.38031005859375,4291800
2022-04-12,142.9566650390625,144.01333618164062,138.83999633789062,139.57000732421875,134.9676971435547,5894700
2022-04-13,140.47332763671875,143.55999755859375,139.60667419433594,142.57333374023438,137.8719940185547,3309000
2022-04-14,143.50332641601562,143.5366668701172,138.4499969482422,138.6300048828125,134.0586700439453,5903400
2022-04-18,137.93666076660156,142.27667236328125,137.76666259765625,141.02999877929688,136.37953186035156,3630300
2022-04-19,140.46665954589844,144.42333984375,139.75332641601562,144.1199951171875,139.36766052246094,3036600
2022-04-20,146.39999389648438,147.6699981689453,143.2933349609375,143.8000030517578,139.0582275390625,3826200
2022-04-21,145.57000732421875,147.19000244140625,139.24000549316406,139.9633331298828,135.34805297851562,3600300
2022-04-22,139.7433319091797,140.52000427246094,136.6199951171875,136.85000610351562,132.33740234375,4569000
2022-04-25,135.73333740234375,139.1999969482422,135.32666015625,139.163330078125,134.57444763183594,6353700
2022-04-26,137.28334045410156,137.52333068847656,132.836669921875,132.9933319091797,128.60792541503906,5844000
2022-04-27,131.52667236328125,135.57333374023438,131.22999572753906,132.26666259765625,127.9051742553711,4350300
2022-04-28,134.92333984375,141.04666137695312,133.22332763671875,139.55667114257812,134.954833984375,4923300
2022-04-29,137.60000610351562,140.27000427246094,133.2066650390625,133.5933380126953,129.1881103515625,4188300
2022-05-02,133.71665954589844,138.2066650390625,132.6699981689453,138.05332946777344,133.5010528564453,4635300
2022-05-03,137.68666076660156,140.2899932861328,136.72999572753906,139.19667053222656,134.60667419433594,2300100
2022-05-04,140.22999572753906,144.836669921875,135.89999389648438,144.59666442871094,139.82861328125,4259400
2022-05-05,142.00332641601562,142.21665954589844,135.5433349609375,137.5933380126953,133.0561981201172,4597200
2022-05-06,136.3333282470703,139.40333557128906,133.7933349609375,136.36666870117188,131.86997985839844,3950400
2022-05-09,133.4199981689453,135.04666137695312,128.663330078125,129.42333984375,125.15560150146484,5058600
2022-05-10,133.3300018310547,134.81333923339844,129.47666931152344,132.36666870117188,128.00186157226562,4476600
2022-05-11,131.23666381835938,134.32666015625,128.0833282470703,128.4566650390625,124.2208251953125,5066100
2022-05-12,126.87000274658205,130.31333923339844,125.77666473388672,129.23666381835938,124.97511291503906,5345100
2022-05-13,131.50332641601562,136.78334045410156,130.80667114257812,135.8333282470703,131.354248046875,4724400
2022-05-16,134.45333862304688,135.8733367919922,133.25999450683594,133.76666259765625,129.35572814941406,2372400
2022-05-17,137.2566680908203,140.6233367919922,136.74000549316406,140.26333618164062,135.6381378173828,3193200
2022-05-18,137.94667053222656,139.8633270263672,132.6266632080078,133.19332885742188,128.80130004882812,3581100
2022-05-19,132.5433349609375,135.7866668701172,131.23333740234375,132.3866729736328,128.02125549316406,3303300
2022-05-20,134.9933319091797,135.00332641601562,126.38999938964844,132.31666564941406,127.95352935791016,4083900
2022-05-23,131.2899932861328,133.24000549316406,130.27667236328125,132.8866729736328,128.5047607421875,3639300
2022-05-24,130.75332641601562,131.19000244140625,128.17333984375,129.64999389648438,125.37477111816406,2865600
2022-05-25,128.77333068847656,133.22332763671875,128.65333557128906,131.98333740234375,127.6312026977539,2512500
2022-05-26,130.74667358398438,137.75332641601562,130.5366668701172,137.13999938964844,132.61782836914062,2966700
2022-05-27,139.30332946777344,143.01666259765625,139.30332946777344,142.77999877929688,138.0718231201172,3165600
2022-05-31,142.53334045410156,143.30667114257812,139.86666870117188,142.04666137695312,137.3627166748047,2807100
2022-06-01,142.77000427246094,143.49000549316406,137.86000061035156,139.7933349609375,135.1836700439453,2466000
2022-06-02,139.30667114257812,144.80667114257812,139.0366668701172,144.663330078125,139.89305114746094,2005800
2022-06-03,141.52999877929688,142.3300018310547,139.68666076660156,140.336669921875,135.70909118652344,2065500
2022-06-06,143.2866668701172,143.75999450683594,139.64666748046875,140.5800018310547,135.9443817138672,2241900
2022-06-07,138.91000366210938,142.10333251953125,137.83999633789062,141.70333862304688,137.0307159423828,1866600
2022-06-08,140.92666625976562,141.5,137.63999938964844,138.68666076660156,134.11351013183594,3396000
2022-06-09,137.28334045410156,139.67666625976562,134.5433349609375,134.54666137695312,130.3066864013672,2517000
2022-06-10,132.3333282470703,133.47666931152344,129.49667358398438,129.76666259765625,125.67731475830078,3599100
2022-06-13,125.0,126.6433334350586,121.80999755859376,122.27999877929688,118.42658996582033,4042800
2022-06-14,123.6233367919922,124.17333221435548,121.51667022705078,122.95999908447266,119.08515167236328,2831100
2022-06-15,124.41000366210938,127.27333068847656,122.2699966430664,125.07333374023438,121.13191986083984,3811200
2022-06-16,121.41999816894533,121.5433349609375,116.0566635131836,117.5366668701172,113.83273315429688,3921300
2022-06-17,117.8000030517578,118.86666870117188,115.3066635131836,118.01333618164062,114.29435729980467,3400200
2022-06-21,120.50333404541016,122.92333221435548,120.41666412353516,121.10333251953124,117.28699493408205,2830200
2022-06-22,119.01667022705078,121.55332946777344,118.83999633789062,119.83999633789062,116.06346130371094,4106700
2022-06-23,120.5500030517578,120.65333557128906,117.15333557128906,119.02666473388672,115.2757797241211,2178900
2022-06-24,120.88999938964844,124.3000030517578,120.6266632080078,124.3000030517578,120.3829345703125,3783600
2022-06-27,125.42333221435548,125.73332977294922,123.00666809082033,123.95999908447266,120.05364227294922,2497500
2022-06-28,124.6933364868164,126.14666748046876,120.74666595458984,120.9366683959961,117.12557983398438,3039900
2022-06-29,119.27999877929688,119.41999816894533,116.61666870117188,118.08333587646484,114.36217498779295,3393600
2022-06-30,116.42666625976562,118.86000061035156,114.6999969482422,116.5366668701172,112.8642349243164,3285600
2022-07-01,114.59666442871094,115.21666717529295,110.95999908447266,112.413330078125,108.87083435058594,3875100
2022-07-05,109.56666564941406,113.3000030517578,108.9000015258789,113.3000030517578,109.72957611083984,3391200
2022-07-06,113.41000366210938,115.1866683959961,112.16999816894533,113.85333251953124,110.26545715332033,2672100
2022-07-07,116.52666473388672,119.54666900634766,116.52666473388672,118.9499969482422,115.2015380859375,2866200
2022-07-08,117.22666931152344,120.33333587646484,116.8733367919922,119.51667022705078,115.7503433227539,2334000
2022-07-11,117.7066650390625,118.2933349609375,116.00333404541016,116.76333618164062,113.08377075195312,2490000
2022-07-12,117.52333068847656,118.38666534423828,116.23666381835938,117.08999633789062,113.40011596679688,4494300
2022-07-13,114.6999969482422,118.69000244140624,114.46666717529295,117.75,114.0393524169922,3564600
2022-07-14,117.4366683959961,120.76000213623048,115.72333526611328,120.24666595458984,116.45731353759766,3186900
2022-07-15,122.08333587646484,123.3133316040039,120.16999816894533,123.11666870117188,119.23687744140624,2984100
2022-07-18,125.15666961669922,126.11666870117188,121.9433364868164,122.72333526611328,118.85594177246094,2959200
2022-07-19,124.66000366210938,128.82666015625,124.30332946777344,128.13333129882812,124.09547424316406,3116700
2022-07-20,127.94000244140624,132.02333068847656,127.1500015258789,131.39999389648438,127.25914764404295,4845300
2022-07-21,132.0833282470703,133.63333129882812,130.19667053222656,133.54666137695312,129.33822631835938,2753400
2022-07-22,133.11666870117188,133.17333984375,129.07666015625,130.2566680908203,126.15191650390624,4548000
2022-07-25,129.2566680908203,129.53334045410156,127.2699966430664,129.43333435058594,125.35449981689452,2862900
2022-07-26,128.57333374023438,129.22332763671875,126.80332946777344,127.27666473388672,123.26577758789062,2510400
2022-07-27,129.55999755859375,134.17333984375,129.1699981689453,133.10000610351562,128.90560913085938,3214200
2022-07-28,133.39332580566406,135.02999877929688,130.48666381835938,134.74000549316406,130.4939422607422,3532200
2022-07-29,132.7899932861328,136.1566619873047,132.3333282470703,135.77667236328125,131.49795532226562,3840900
2022-08-01,134.81333923339844,137.47666931152344,133.92666625976562,136.3000030517578,132.0047607421875,3812100
2022-08-02,134.75999450683594,138.10667419433594,134.19000244140625,136.0399932861328,131.7529296875,2124900
2022-08-03,136.02000427246094,140.0933380126953,135.93333435058594,139.82000732421875,135.413818359375,2860800
2022-08-04,139.49667358398438,141.25332641601562,139.08999633789062,140.8300018310547,136.3920135498047,1919100
2022-08-05,138.36000061035156,140.93666076660156,137.72666931152344,139.73333740234375,135.32992553710938,3279900
2022-08-08,137.80667114257812,139.336669921875,135.50332641601562,137.6199951171875,133.28314208984375,3061200
2022-08-09,134.44000244140625,134.5800018310547,129.5066680908203,131.31333923339844,127.1752700805664,4368900
2022-08-10,134.81333923339844,137.01666259765625,133.01666259765625,136.76333618164062,132.4534912109375,3456000
2022-08-11,137.92333984375,140.6199951171875,136.2866668701172,136.586669921875,132.28240966796875,2403900
2022-08-12,137.49667358398438,140.9633331298828,136.99667358398438,140.5833282470703,136.15313720703125,2049600
2022-08-15,139.9566650390625,141.5,139.0,141.10667419433594,136.6599884033203,1325100
2022-08-16,140.38333129882812,141.0,138.10333251953125,139.663330078125,135.26210021972656,1566900
2022-08-17,137.52333068847656,137.58999633789062,134.38333129882812,136.2899932861328,131.99508666992188,2640000
2022-08-18,136.66000366210938,140.32666015625,136.1666717529297,139.39666748046875,135.0038604736328,1698900
2022-08-19,137.47666931152344,138.17333984375,134.93666076660156,135.63333129882812,131.35911560058594,2323500
2022-08-22,132.88333129882812,133.13333129882812,129.89666748046875,130.52999877929688,126.41658020019533,2903400
2022-08-23,130.6233367919922,133.17999267578125,130.47332763671875,131.17999267578125,127.0460968017578,2430600
2022-08-24,131.02999877929688,131.9633331298828,129.99000549316406,131.50999450683594,127.36573028564452,1251900
2022-08-25,131.6366729736328,136.49000549316406,131.56333923339844,136.3300018310547,132.0338134765625,2679300
2022-08-26,136.02333068847656,136.33999633789062,128.39332580566406,128.59666442871094,124.5442123413086,2838000
2022-08-29,127.2300033569336,128.70333862304688,125.7933349609375,126.0,122.02935028076172,2575200
2022-08-30,127.3566665649414,127.40666961669922,123.00333404541016,124.53333282470705,120.6089096069336,3212700
2022-08-31,125.08333587646484,125.086669921875,122.15333557128906,123.2300033569336,119.34664916992188,2974800
2022-09-01,120.086669921875,120.95999908447266,117.19667053222656,120.9433364868164,117.1320343017578,4537800
2022-09-02,122.8066635131836,123.663330078125,119.09333038330078,119.61666870117188,115.84717559814452,3841200
2022-09-06,119.59666442871094,120.25333404541016,117.33000183105467,118.23666381835938,114.51065826416016,2692500
2022-09-07,118.7133331298828,121.25333404541016,117.81666564941406,120.23666381835938,116.44763946533205,1699500
2022-09-08,119.06999969482422,122.72000122070312,118.33333587646484,122.26333618164062,118.41043853759766,2823300
2022-09-09,123.8733367919922,125.84333038330078,123.8733367919922,125.19667053222656,121.25133514404295,2066400
2022-09-12,125.73666381835938,126.43000030517578,124.29666900634766,125.8066635131836,121.84211730957033,2610900
2022-09-13,121.02333068847656,122.0633316040039,117.63666534423828,117.99333190917967,114.27498626708984,4065000
2022-09-14,118.87999725341795,120.16000366210938,117.55332946777344,119.33333587646484,115.5727767944336,2722800
2022-09-15,118.52999877929688,119.91999816894533,116.5566635131836,117.35333251953124,113.6551742553711,2432700
2022-09-16,116.0633316040039,118.18333435058594,115.18000030517578,118.0566635131836,114.33633422851562,3392100
2022-09-19,116.5500030517578,119.30332946777344,116.49666595458984,118.67666625976562,114.93680572509766,2146200
2022-09-20,117.52999877929688,118.0999984741211,116.16999816894533,117.0999984741211,113.40982055664062,2630700
2022-09-21,117.31666564941406,121.11666870117188,115.91666412353516,115.91666412353516,112.2637710571289,3535200
2022-09-22,115.25333404541016,115.73999786376952,112.09666442871094,112.76333618164062,109.20982360839844,2936100
2022-09-23,111.43000030517578,111.7300033569336,109.23666381835938,111.25333404541016,107.74740600585938,3881700
2022-09-26,110.26667022705078,111.9633331298828,108.79666900634766,108.99333190917967,106.13162994384766,2881500
2022-09-27,110.97333526611328,111.7866668701172,108.42666625976562,110.00666809082033,107.11837005615234,2977200
2022-09-28,109.09666442871094,112.00333404541016,108.6433334350586,111.56666564941406,108.6374053955078,4045200
2022-09-29,109.52666473388672,109.73332977294922,106.37000274658205,108.09666442871094,105.25850677490234,3009000
2022-09-30,106.6999969482422,109.45333099365234,106.08000183105467,106.24333190917967,103.45384216308594,2722800
2022-10-03,107.45333099365234,111.14666748046876,106.68333435058594,109.91666412353516,107.03072357177734,3747300
2022-10-04,113.4566650390625,115.20999908447266,113.16666412353516,115.07333374023438,112.05200958251952,3182400
2022-10-05,113.16666412353516,117.1866683959961,112.16000366210938,116.01333618164062,112.96731567382812,2505600
2022-10-06,115.8933334350586,118.02666473388672,115.12000274658205,115.5500030517578,112.51616668701172,2850000
2022-10-07,112.1066665649414,112.42333221435548,107.96666717529295,108.61666870117188,105.76486206054688,3969000
2022-10-10,108.1933364868164,108.32333374023438,103.41999816894533,104.92333221435548,102.1685028076172,4665000
2022-10-11,103.05332946777344,104.01000213623048,100.54000091552734,101.97333526611328,99.29595947265624,4818600
2022-10-12,101.83999633789062,102.37999725341795,100.66000366210938,100.98332977294922,98.33194732666016,3107400
2022-10-13,97.03333282470705,105.80332946777344,95.94000244140624,103.88999938964844,101.16229248046876,4911600
2022-10-14,105.34333038330078,105.34333038330078,99.23666381835938,99.55999755859376,96.94598388671876,3887100
2022-10-17,102.20999908447266,103.06999969482422,100.86666870117188,101.66999816894533,99.00057983398438,3760500
2022-10-18,104.8499984741211,105.5366668701172,100.22000122070312,102.0199966430664,99.34140014648438,3558900
2022-10-19,101.2933349609375,103.64666748046876,100.9800033569336,102.67333221435548,99.97756958007812,3043500
2022-10-20,103.23999786376952,106.4633331298828,102.72333526611328,103.30999755859376,100.59751892089844,3567300
2022-10-21,103.04000091552734,107.41666412353516,102.58999633789062,107.1500015258789,104.33670806884766,3703200
2022-10-24,107.51000213623048,108.08000183105467,105.0999984741211,107.61333465576172,104.7878646850586,3784200
2022-10-25,108.06666564941406,110.80999755859376,107.8933334350586,110.06999969482422,107.18003845214844,2770800
2022-10-26,107.79666900634766,111.57333374023438,107.26667022705078,108.98666381835938,106.12513732910156,4811700
2022-10-27,109.6999969482422,110.7300033569336,106.913330078125,107.05332946777344,104.24256896972656,3589500
2022-10-28,107.25,111.413330078125,106.97333526611328,111.25,108.3290557861328,4192500
2022-10-31,110.24666595458984,110.55332946777344,108.2699966430664,108.82666778564452,105.9693603515625,2394900
2022-11-01,111.01333618164062,111.3766632080078,109.04666900634766,109.70333099365234,106.82299041748048,2810400
2022-11-02,110.39666748046876,112.32666778564452,106.0999984741211,106.23999786376952,103.4505844116211,3193800
2022-11-03,104.25333404541016,106.4433364868164,103.16000366210938,104.81666564941406,102.06462860107422,3752100
2022-11-04,108.59666442871094,109.94667053222656,107.08999633789062,109.66666412353516,106.78730010986328,4601700
2022-11-07,110.68333435058594,112.46666717529295,109.23666381835938,112.0366668701172,109.0950698852539,3548700
2022-11-08,114.13333129882812,115.85333251953124,112.18333435058594,114.50333404541016,111.4969711303711,3901200
2022-11-09,112.5633316040039,113.01000213623048,110.67333221435548,110.84333038330078,107.93306732177734,3578700
2022-11-10,117.18333435058594,122.61666870117188,116.2066650390625,122.3133316040039,119.10191345214844,5347500
2022-11-11,122.91000366210938,126.79666900634766,121.50333404541016,126.0566635131836,122.74695587158205,6114000
2022-11-14,125.3733367919922,127.1266632080078,124.63333129882812,124.67666625976562,121.40319061279295,3683100
2022-11-15,129.8433380126953,130.19667053222656,126.5500030517578,128.2899932861328,124.92164611816406,4897800
2022-11-16,125.36666870117188,125.61666870117188,122.21666717529295,122.99333190917967,119.76406860351562,4775700
2022-11-17,120.44000244140624,124.51000213623048,120.22333526611328,123.9566650390625,120.7021026611328,3961500
2022-11-18,126.02999877929688,126.0566635131836,122.88999938964844,124.23332977294922,120.97149658203124,3105300
2022-11-21,122.87999725341795,123.31999969482422,121.7866668701172,122.17333221435548,118.96558380126952,1815000
2022-11-22,123.22000122070312,125.91000366210938,122.1866683959961,125.8133316040039,122.51001739501952,3290700
2022-11-23,125.68000030517578,128.55999755859375,125.663330078125,127.33333587646484,123.9901123046875,3905400
2022-11-25,126.5566635131836,127.0,125.63666534423828,125.63666534423828,122.3379898071289,1164000
2022-11-28,124.07666778564452,125.38999938964844,121.6500015258789,122.49666595458984,119.28042602539062,3197700
2022-11-29,122.86333465576172,123.55332946777344,121.27666473388672,122.02333068847656,118.81951141357422,1828200
2022-11-30,122.4800033569336,129.43333435058594,121.33999633789062,129.3433380126953,125.94735717773438,4166100
2022-12-01,130.11000061035156,130.2433319091797,126.6233367919922,128.413330078125,125.041748046875,4130700
2022-12-02,125.1933364868164,127.163330078125,124.55332946777344,126.9633331298828,123.62981414794922,3110400
2022-12-05,126.0999984741211,127.31666564941406,124.22333526611328,125.3566665649414,122.0653305053711,2709300
2022-12-06,125.34333038330078,125.47333526611328,121.4800033569336,122.72000122070312,119.49790954589844,2182200
2022-12-07,121.41000366210938,123.31666564941406,121.18000030517578,122.4566650390625,119.24147033691406,2111400
2022-12-08,123.20333099365234,126.086669921875,122.38333129882812,125.99666595458984,122.68854522705078,2694300
2022-12-09,125.44000244140624,127.0366668701172,124.38333129882812,124.83000183105467,121.55250549316406,1749000
2022-12-12,124.21666717529295,127.17666625976562,123.58000183105467,127.04000091552734,123.70447540283205,2178900
2022-12-13,132.40333557128906,132.97999572753906,127.25,128.8633270263672,125.83055877685548,4521000
2022-12-14,128.5500030517578,130.08999633789062,125.44667053222656,126.93000030517578,123.94274139404295,3972000
2022-12-15,124.26333618164062,124.80332946777344,121.3933334350586,121.55999755859376,118.69910430908205,3881100
2022-12-16,120.913330078125,121.9633331298828,119.4499969482422,120.63999938964844,117.8007583618164,2465700
2022-12-19,120.51333618164062,120.79000091552734,117.91666412353516,119.14666748046876,116.34258270263672,2231700
2022-12-20,117.66000366210938,119.50666809082033,117.3933334350586,118.41999816894533,115.63302612304688,2275500
2022-12-21,119.24666595458984,121.48666381835938,119.01667022705078,121.086669921875,118.23692321777344,2291700
2022-12-22,118.73332977294922,118.92333221435548,113.74666595458984,116.1933364868164,113.45874786376952,5403300
2022-12-23,115.1866683959961,116.29666900634766,114.01333618164062,116.2933349609375,113.556396484375,2571900
2022-12-27,115.37000274658205,115.47666931152344,113.66666412353516,114.1933364868164,111.5058364868164,3494400
2022-12-28,113.4566650390625,114.84666442871094,112.0500030517578,112.51000213623048,109.8621063232422,2682000
2022-12-29,114.34333038330078,116.63999938964844,113.91999816894533,116.0999984741211,113.36761474609376,3263100
2022-12-30,114.44000244140624,116.1866683959961,113.61333465576172,115.99333190917967,113.2634506225586,2010000
2023-01-03,117.9566650390625,118.16666412353516,114.16666412353516,114.86333465576172,112.16006469726562,2844600
2023-01-04,117.0500030517578,118.47333526611328,115.6999969482422,117.81999969482422,115.04713439941406,3257100
2023-01-05,116.65666961669922,117.48666381835938,115.6433334350586,115.83333587646484,113.1072235107422,2671800
2023-01-06,117.4000015258789,121.86000061035156,115.8133316040039,121.22333526611328,118.37036895751952,4898400
2023-01-09,123.44667053222656,126.26333618164062,122.66000366210938,123.4566650390625,120.5511474609375,4581300
2023-01-10,123.03333282470705,125.22333526611328,122.3933334350586,125.05332946777344,122.11023712158205,2825400
2023-01-11,125.12999725341795,126.72000122070312,124.07666778564452,126.66666412353516,123.68560028076172,2682000
2023-01-12,127.3499984741211,128.97999572753906,124.72000122070312,128.2066650390625,125.18934631347656,3324000
2023-01-13,126.5433349609375,128.75,126.38666534423828,128.73666381835938,125.70687866210938,2079000
2023-01-17,128.29666137695312,130.18666076660156,127.6933364868164,128.88333129882812,125.85008239746094,3017400
2023-01-18,130.32666015625,131.2433319091797,128.16000366210938,128.2066650390625,125.18934631347656,3512700
2023-01-19,127.06666564941406,127.13333129882812,124.2066650390625,124.61000061035156,121.67733764648438,3775200
2023-01-20,125.9499969482422,128.58999633789062,124.66999816894533,128.50999450683594,125.48553466796876,3352500
2023-01-23,129.7100067138672,135.413330078125,129.50332641601562,134.9633331298828,131.78701782226562,5726700
2023-01-24,133.31666564941406,135.1999969482422,133.13333129882812,133.94332885742188,130.79100036621094,2370300
2023-01-25,131.586669921875,134.54666137695312,130.57666015625,134.30667114257812,131.1457977294922,3301200
2023-01-26,135.84666442871094,136.7433319091797,133.60000610351562,136.57000732421875,133.35585021972656,3896700
2023-01-27,134.2100067138672,136.8733367919922,133.8633270263672,135.6999969482422,132.50633239746094,4289700
2023-01-30,133.85000610351562,134.66000366210938,131.99000549316406,132.09666442871094,128.98780822753906,4384500
2023-01-31,131.8433380126953,134.6233367919922,131.71665954589844,134.55999755859375,131.39315795898438,3104100
2023-02-01,135.22666931152344,143.0066680908203,135.10667419433594,141.57666015625,138.2447052001953,7244100
2023-02-02,143.02667236328125,146.0366668701172,142.2133331298828,144.85667419433594,141.447509765625,7456200
2023-02-03,141.6366729736328,145.2933349609375,141.27667236328125,142.02999877929688,138.68734741210938,5555400
2023-02-06,139.80999755859375,141.8733367919922,139.09666442871094,139.72332763671875,136.4349822998047,2496300
2023-02-07,140.26333618164062,144.85667419433594,139.91000366210938,144.1666717529297,140.7737579345703,3285300
2023-02-08,143.2066650390625,144.38333129882812,140.73666381835938,141.06666564941406,137.7467041015625,3522000
2023-02-09,143.57666015625,145.18666076660156,140.3800048828125,141.42666625976562,138.0981903076172,3015600
2023-02-10,139.97999572753906,140.3866729736328,137.663330078125,139.17666625976562,135.9011688232422,2947800
2023-02-13,139.8333282470703,141.6300048828125,138.6133270263672,141.22332763671875,137.89967346191406,2122500
2023-02-14,139.97666931152344,144.22000122070312,138.92666625976562,143.7866668701172,140.40267944335938,3252000
2023-02-15,142.2899932861328,144.44667053222656,141.24000549316406,144.3733367919922,140.9755401611328,2143500
2023-02-16,141.77333068847656,143.25999450683594,140.60333251953125,140.8333282470703,137.51885986328125,3444900
2023-02-17,140.0,140.41000366210938,137.38333129882812,138.63999938964844,135.37713623046875,3064200
2023-02-21,136.48333740234375,138.0933380126953,133.88999938964844,134.14999389648438,130.99281311035156,2208600
2023-02-22,134.4633331298828,135.47000122070312,132.6999969482422,133.5066680908203,130.3645782470703,2285700
2023-02-23,138.0,138.55332946777344,135.19000244140625,137.89666748046875,134.65130615234375,4617000
2023-02-24,135.4499969482422,136.13999938964844,134.41000366210938,135.42666625976562,132.23941040039062,2842200
2023-02-27,137.69000244140625,137.7100067138672,136.0933380126953,136.14332580566406,132.939208984375,2040900
2023-02-28,135.82666015625,138.4566650390625,135.53334045410156,136.61000061035156,133.3949432373047,1582500
2023-03-01,137.1133270263672,138.31333923339844,136.10667419433594,136.64666748046875,133.43075561523438,1922400
2023-03-02,134.52000427246094,138.39666748046875,133.47666931152344,137.74000549316406,134.4983367919922,3108300
2023-03-03,137.7100067138672,140.01666259765625,136.67333984375,139.8633270263672,136.57167053222656,2408700
2023-03-06,140.25332641601562,141.4600067138672,137.9066619873047,138.23666381835938,134.98329162597656,2177100
2023-03-07,138.38333129882812,138.96665954589844,136.22999572753906,136.77999877929688,133.56089782714844,1899000
2023-03-08,137.3300018310547,140.57000732421875,137.3300018310547,140.4166717529297,137.11199951171875,2088300
2023-03-09,140.23666381835938,142.41000366210938,137.4166717529297,137.6266632080078,134.38763427734375,3889800
2023-03-10,138.36666870117188,138.72332763671875,134.32666015625,134.96665954589844,131.790283203125,3320700
2023-03-13,133.55667114257812,136.6666717529297,132.16000366210938,135.0066680908203,131.82931518554688,3512700
2023-03-14,137.36000061035156,139.81333923339844,136.7066650390625,138.95333862304688,135.6830596923828,2743200
2023-03-15,136.96665954589844,137.64666748046875,134.42999267578125,137.3333282470703,134.10122680664062,3527100
2023-03-16,136.73333740234375,143.00999450683594,136.1366729736328,142.69667053222656,139.33831787109375,3730200
2023-03-17,142.97000122070312,144.07666015625,141.0399932861328,141.81333923339844,138.4757843017578,2828400
2023-03-20,142.08999633789062,143.77333068847656,140.9166717529297,143.31333923339844,139.9405059814453,2155800
2023-03-21,144.47999572753906,146.0,141.46665954589844,143.59666442871094,140.21713256835938,2899500
2023-03-22,143.60000610351562,147.4166717529297,142.13333129882812,142.1699981689453,138.82408142089844,3313200
2023-03-23,144.27667236328125,147.6300048828125,143.13333129882812,145.67666625976562,142.6066436767578,4039800
2023-03-24,144.49667358398438,144.88999938964844,141.6999969482422,143.14999389648438,140.13319396972656,3120600
2023-03-27,143.6666717529297,144.10667419433594,140.97332763671875,141.47000122070312,138.48861694335938,1806300
2023-03-28,141.14332580566406,141.25999450683594,138.27000427246094,140.41000366210938,137.45094299316406,2737500
2023-03-29,142.75332641601562,145.93333435058594,142.48666381835938,144.92333984375,141.86917114257812,3140400
2023-03-30,146.75999450683594,148.27333068847656,146.26666259765625,147.30999755859375,144.20556640625,2602200
2023-03-31,146.19000244140625,148.44667053222656,145.95333862304688,148.22332763671875,145.0996551513672,2151000
2023-04-03,147.35667419433594,147.9166717529297,145.1266632080078,146.94332885742188,143.84658813476562,1876800
2023-04-04,147.2100067138672,147.25332641601562,143.39666748046875,144.20333862304688,141.1643524169922,2324100
2023-04-05,142.663330078125,142.78334045410156,140.2066650390625,141.70333862304688,138.717041015625,3343800
2023-04-06,140.41000366210938,142.01333618164062,139.32333374023438,140.97332763671875,138.0023956298828,1894800
2023-04-10,139.75999450683594,143.56333923339844,139.5366668701172,143.4633331298828,140.43992614746094,1927200
2023-04-11,144.2566680908203,144.35667419433594,142.43666076660156,142.7100067138672,139.7025146484375,1823100
2023-04-12,144.1233367919922,144.1666717529297,139.9633331298828,140.10000610351562,137.1475067138672,2598900
2023-04-13,140.4166717529297,142.0833282470703,139.2933349609375,141.25332641601562,138.27650451660156,3013500
2023-04-14,141.1199951171875,142.82666015625,139.49667358398438,141.03334045410156,138.06117248535156,1963500
2023-04-17,139.51666259765625,141.1233367919922,139.09666442871094,141.03334045410156,138.06117248535156,2206500
2023-04-18,142.13333129882812,143.36000061035156,140.57000732421875,141.64332580566406,138.6582794189453,2765100
2023-04-19,139.76333618164062,140.42999267578125,139.23666381835938,140.0933380126953,137.14096069335938,1264500
2023-04-20,138.69000244140625,142.06333923339844,138.5500030517578,139.9633331298828,137.01370239257812,2391900
2023-04-21,139.47999572753906,139.47999572753906,137.7133331298828,138.93666076660156,136.00869750976562,2157600
2023-04-24,138.68666076660156,139.47666931152344,137.3800048828125,138.31333923339844,135.39849853515625,2074800
2023-04-25,137.48666381835938,137.5,133.5800018310547,133.6666717529297,130.84974670410156,2482500
2023-04-26,135.05667114257812,135.7566680908203,133.69332885742188,134.3800048828125,131.54803466796875,1926300
2023-04-27,134.2066650390625,135.11666870117188,131.52999877929688,134.94667053222656,132.10276794433594,3116700
2023-04-28,135.57333374023438,137.413330078125,134.97332763671875,137.3800048828125,134.4848175048828,2359200
2023-05-01,137.92999267578125,139.02667236328125,137.57000732421875,138.6233367919922,135.70193481445312,1803900
2023-05-02,138.67666625976562,139.46665954589844,136.2899932861328,137.63333129882812,134.7327880859375,2115600
2023-05-03,136.86000061035156,138.50999450683594,135.95333862304688,136.05332946777344,133.18609619140625,2525400
2023-05-04,134.97666931152344,136.45333862304688,134.07666015625,135.2899932861328,132.4388427734375,2102700
2023-05-05,135.4566650390625,138.8800048828125,134.77333068847656,138.3000030517578,135.38540649414062,1619400
2023-05-08,138.14666748046875,138.97999572753906,137.0,138.88333129882812,135.9564666748047,1365300
2023-05-09,136.91000366210938,137.0933380126953,135.9633331298828,136.52000427246094,133.64295959472656,2348400
2023-05-10,138.05332946777344,138.8866729736328,136.57666015625,137.91000366210938,135.003662109375,2766600
2023-05-11,137.9499969482422,138.24667358398438,135.7066650390625,137.0066680908203,134.11932373046875,1854600
2023-05-12,137.49667358398438,138.06666564941406,135.58999633789062,136.8800048828125,133.99533081054688,1383300
2023-05-15,137.27000427246094,140.6233367919922,136.86666870117188,140.59666442871094,137.6336669921875,1799100
2023-05-16,140.13999938964844,141.92999267578125,140.13999938964844,140.3333282470703,137.3759002685547,2047500
2023-05-17,141.61666870117188,144.35333251953125,140.72999572753906,143.8000030517578,140.76950073242188,1986000
2023-05-18,144.44000244140625,148.70333862304688,144.3333282470703,148.3433380126953,145.21713256835938,3429300
2023-05-19,147.91000366210938,148.24667358398438,146.6566619873047,147.5800018310547,144.4698486328125,2877600
2023-05-22,146.25,148.47999572753906,146.18666076660156,148.08999633789062,144.9691162109375,2299800
2023-05-23,147.09666442871094,148.06666564941406,145.93666076660156,146.25999450683594,143.1776580810547,1553100
2023-05-24,143.31666564941406,144.2433319091797,142.1266632080078,143.64332580566406,140.61614990234375,4341000
2023-05-25,150.24667358398438,153.8000030517578,148.61666870117188,153.2100067138672,149.98121643066406,12973800
2023-05-26,155.54666137695312,164.06333923339844,155.4933319091797,163.22332763671875,159.7835235595703,8010900
2023-05-30,167.0,167.67333984375,162.42333984375,163.086669921875,159.6497344970703,7862700
2023-05-31,160.3300018310547,162.5366668701172,158.82666015625,158.89999389648438,155.55126953125,5358600
2023-06-01,159.8699951171875,163.01333618164062,158.23333740234375,161.63333129882812,158.22702026367188,7343700
2023-06-02,162.86666870117188,163.3333282470703,160.0800018310547,161.25332641601562,157.85499572753906,3318900
2023-06-05,160.663330078125,160.75332641601562,157.94332885742188,158.7566680908203,155.41098022460938,2710800
2023-06-06,157.6366729736328,161.45333862304688,157.39666748046875,160.67333984375,157.2872772216797,3235500
2023-06-07,161.51666259765625,163.7899932861328,159.85667419433594,160.22000122070312,157.05557250976562,3906300
2023-06-08,160.69000244140625,162.25999450683594,159.8633270263672,161.86000061035156,158.66319274902344,2724900
2023-06-09,163.69332885742188,164.80332946777344,161.52333068847656,162.2866668701172,159.0814208984375,2519400
2023-06-12,164.19000244140625,167.67333984375,163.99000549316406,167.51333618164062,164.20489501953125,2638500
2023-06-13,170.2066650390625,170.85667419433594,167.82666015625,169.7566680908203,166.4038848876953,4164300
2023-06-14,169.1233367919922,172.25,168.1366729736328,172.1666717529297,168.76632690429688,8500500
2023-06-15,170.18333435058594,172.00332641601562,169.52000427246094,170.7433319091797,167.37106323242188,6561300
2023-06-16,172.4633331298828,172.47999572753906,168.92333984375,169.1666717529297,165.8255615234375,4956300
2023-06-20,168.38999938964844,169.8699951171875,166.32000732421875,167.79666137695312,164.4826202392578,2024400
2023-06-21,166.7433319091797,167.57666015625,163.51666259765625,163.7066650390625,160.473388671875,4128300
2023-06-22,162.5933380126953,165.15333557128906,162.3699951171875,164.47000122070312,161.22164916992188,3656400
2023-06-23,161.82000732421875,162.60000610351562,160.836669921875,161.57333374023438,158.3822021484375,2057400
2023-06-26,162.7066650390625,165.20333862304688,162.08999633789062,162.09666442871094,158.89520263671875,2434800
2023-06-27,162.6666717529297,168.0433349609375,162.0500030517578,167.75999450683594,164.4466552734375,2763600
2023-06-28,165.05332946777344,167.8766632080078,164.8733367919922,166.46665954589844,163.17886352539062,2912400
2023-06-29,167.14332580566406,167.25999450683594,165.13333129882812,166.51333618164062,163.224609375,1674600
2023-06-30,168.34666442871094,169.76333618164062,167.74667358398438,169.086669921875,165.7471466064453,1618200
2023-07-03,169.8633270263672,171.0,168.71665954589844,170.58999633789062,167.2207794189453,809400
2023-07-05,169.4499969482422,169.8000030517578,166.76666259765625,166.82000732421875,163.5252227783203,2821800
2023-07-06,163.98666381835938,164.9933319091797,162.63999938964844,164.71665954589844,161.4634552001953,3454200
2023-07-07,165.02667236328125,167.4066619873047,164.52000427246094,164.7866668701172,161.5320587158203,1824300
2023-07-10,165.30332946777344,168.3633270263672,165.1366729736328,168.21665954589844,164.8943328857422,1833600
2023-07-11,168.8000030517578,169.10667419433594,165.79666137695312,168.22332763671875,164.9008331298828,2370300
2023-07-12,170.6566619873047,171.6666717529297,169.69332885742188,171.35667419433594,167.97232055664062,4269300
2023-07-13,173.17333984375,175.2933349609375,172.5066680908203,174.89666748046875,171.44239807128906,2791200
2023-07-14,174.9166717529297,176.48333740234375,171.99667358398438,172.7100067138672,169.29893493652344,5124900
2023-07-17,172.77333068847656,177.71665954589844,171.7100067138672,176.8433380126953,173.35061645507812,2926200
2023-07-18,176.0833282470703,177.75332641601562,174.70333862304688,177.1699981689453,173.67083740234375,2669400
2023-07-19,177.39999389648438,177.52667236328125,174.6300048828125,175.06666564941406,171.60902404785156,2483400
2023-07-20,171.94332885742188,172.5399932861328,167.93333435058594,168.6999969482422,165.36813354492188,5085600
2023-07-21,170.5366668701172,171.81333923339844,169.27000427246094,170.22332763671875,166.86134338378906,2527800
2023-07-24,170.22000122070312,171.42666625976562,169.3333282470703,170.21665954589844,166.85482788085938,1544400
2023-07-25,171.1999969482422,174.11000061035156,171.1999969482422,173.0800018310547,169.6615753173828,1869300
2023-07-26,170.9199981689453,172.13333129882812,168.82333374023438,170.69000244140625,167.31881713867188,2618700
2023-07-27,175.1300048828125,177.5366668701172,172.92666625976562,173.89999389648438,170.46539306640625,3826500
2023-07-28,177.2133331298828,178.3000030517578,175.47999572753906,177.69667053222656,174.1870880126953,2821500
2023-07-31,178.34666442871094,178.9600067138672,177.3300018310547,178.43333435058594,174.9092254638672,1628400
2023-08-01,176.8000030517578,178.92333984375,176.25332641601562,178.54666137695312,175.02029418945312,1343400
2023-08-02,176.27999877929688,176.32666015625,170.69000244140625,171.7133331298828,168.3219451904297,4657800
2023-08-03,169.6566619873047,172.50999450683594,169.02333068847656,171.27333068847656,167.89060974121094,4354800
2023-08-04,170.65333557128906,173.3800048828125,169.1199951171875,171.00332641601562,167.62594604492188,4139400
2023-08-07,172.23333740234375,173.02333068847656,171.18666076660156,172.80332946777344,169.39039611816406,2262900
2023-08-08,170.10333251953125,170.24667358398438,167.77333068847656,170.05332946777344,166.69467163085938,2767500
2023-08-09,169.93666076660156,170.00332641601562,166.59666442871094,166.93333435058594,163.63633728027344,3228000
2023-08-10,168.26666259765625,170.05332946777344,165.1300048828125,166.25999450683594,162.97625732421875,3831600
2023-08-11,164.22000122070312,164.3333282470703,161.93666076660156,162.22999572753906,159.02587890625,3882000
2023-08-14,161.60667419433594,166.9499969482422,161.0500030517578,166.91000366210938,163.61346435546875,3127200
2023-08-15,166.04666137695312,166.5800018310547,163.93333435058594,164.1233367919922,160.88185119628906,2276700
2023-08-16,163.94667053222656,164.11000061035156,160.82000732421875,160.94667053222656,157.7678985595703,2840100
2023-08-17,161.24667358398438,161.61000061035156,158.8699951171875,159.3733367919922,156.2256317138672,2624400
2023-08-18,157.6366729736328,160.80332946777344,157.30667114257812,160.22999572753906,157.06539916992188,2315700
2023-08-21,160.98666381835938,165.07666015625,160.72999572753906,164.8333282470703,161.5778045654297,2757900
2023-08-22,166.85000610351562,167.05332946777344,162.82333374023438,163.3800048828125,160.1531982421875,2055300
2023-08-23,162.43666076660156,167.30667114257812,162.25332641601562,166.72000122070312,163.42721557617188,3027300
2023-08-24,169.86666870117188,169.9566650390625,160.8433380126953,161.2100067138672,158.02603149414062,4848600
2023-08-25,161.1699981689453,163.2899932861328,158.6666717529297,161.90333557128906,158.7056884765625,3435900
2023-08-28,163.49667358398438,164.4066619873047,162.28334045410156,163.95333862304688,160.71517944335938,1689300
2023-08-29,163.13333129882812,168.81333923339844,162.89666748046875,168.25999450683594,164.936767578125,2730000
2023-08-30,167.7566680908203,169.74667358398438,166.55667114257812,169.05332946777344,165.71444702148438,3073800
2023-08-31,168.44332885742188,171.20333862304688,168.44332885742188,170.22332763671875,166.86134338378906,2109000
2023-09-01,171.36000061035156,171.75,169.43333435058594,170.6666717529297,167.29592895507812,1891200
2023-09-05,170.06333923339844,171.94667053222656,169.14999389648438,170.61000061035156,167.24038696289062,1871100
2023-09-06,170.13333129882812,171.25999450683594,167.47332763671875,169.3766632080078,166.0314178466797,2008200
2023-09-07,165.49000549316406,165.97332763671875,163.413330078125,165.5,162.23129272460938,3877500
2023-09-08,165.14999389648438,166.35000610351562,163.9566650390625,164.64332580566406,161.39157104492188,1333800
2023-09-11,166.7100067138672,166.74000549316406,162.3300018310547,164.5500030517578,161.30007934570312,1422900
2023-09-12,163.4633331298828,165.93666076660156,163.0366668701172,163.15333557128906,159.9309844970703,1720500
2023-09-13,163.10667419433594,165.64666748046875,162.93333435058594,163.99000549316406,160.75112915039062,2927700
2023-09-14,165.5800018310547,165.85667419433594,163.60000610351562,165.163330078125,161.90130615234375,2022000
2023-09-15,164.18333435058594,164.18333435058594,159.5833282470703,160.39666748046875,157.22874450683594,2901000
2023-09-18,159.1666717529297,161.53334045410156,158.8433380126953,160.94332885742188,157.76461791992188,1722600
2023-09-19,160.4633331298828,160.5500030517578,158.73666381835938,159.586669921875,156.4347686767578,1553700
2023-09-20,160.31333923339844,160.98666381835938,156.913330078125,156.96665954589844,153.86648559570312,2122800
2023-09-21,155.0933380126953,156.0800018310547,154.0,154.07000732421875,151.02708435058594,2532900
2023-09-22,155.5366668701172,156.90333557128906,154.7433319091797,155.35333251953125,152.28504943847656,2395500
2023-09-25,154.6266632080078,156.63333129882812,153.91000366210938,156.49000549316406,153.39926147460938,1587600
2023-09-26,154.6666717529297,155.05999755859375,152.42333984375,153.10333251953125,150.6139678955078,2349000
2023-09-27,154.35667419433594,155.61666870117188,152.1566619873047,154.45333862304688,151.94203186035156,2727300
2023-09-28,154.13333129882812,158.97332763671875,153.49667358398438,157.31333923339844,154.7554931640625,3674400
2023-09-29,159.58999633789062,160.1666717529297,157.39666748046875,157.88333129882812,155.3162078857422,2802600
2023-10-02,158.22666931152344,159.92999267578125,156.7566680908203,158.67999267578125,156.0999298095703,2466600
2023-10-03,157.20333862304688,159.41000366210938,154.3000030517578,155.39666748046875,152.87001037597656,2685900
2023-10-04,156.15333557128906,157.93333435058594,155.01333618164062,157.4600067138672,154.89979553222656,3280200
2023-10-05,157.5,158.10667419433594,155.25,156.69667053222656,154.1488800048828,1902300
2023-10-06,155.88999938964844,160.8433380126953,154.86000061035156,160.06333923339844,157.46078491210938,3818700
2023-10-09,158.3866729736328,160.1133270263672,157.1699981689453,159.663330078125,157.0673065185547,2082000
2023-10-10,160.16000366210938,163.14999389648438,159.5,161.7100067138672,159.0806884765625,1863300
2023-10-11,162.26333618164062,163.2566680908203,160.99000549316406,162.92666625976562,160.27757263183594,2983200
2023-10-12,163.19667053222656,165.68666076660156,161.77000427246094,163.3433380126953,160.68748474121094,3051600
2023-10-13,163.6699981689453,163.86000061035156,158.58999633789062,158.89666748046875,156.31309509277344,2544900
2023-10-16,159.43333435058594,161.7433319091797,159.27667236328125,161.14666748046875,158.52651977539062,1732500
2023-10-17,157.92999267578125,161.11000061035156,156.11000061035156,159.97000122070312,157.36898803710938,2450100
2023-10-18,157.23666381835938,158.43333435058594,156.2566680908203,157.086669921875,154.53253173828125,2865900
2023-10-19,158.51666259765625,158.94332885742188,154.11000061035156,154.6666717529297,152.15187072753906,4398300
2023-10-20,154.6566619873047,155.74667358398438,152.15333557128906,152.42999267578125,149.9515380859375,3013200
2023-10-23,151.52667236328125,154.17333984375,149.9166717529297,151.56333923339844,149.09901428222656,2846100
2023-10-24,152.48666381835938,153.9199981689453,151.77000427246094,153.6199951171875,151.12222290039062,2233500
2023-10-25,151.58999633789062,152.10000610351562,146.6366729736328,147.41000366210938,145.01319885253906,3244200
2023-10-26,148.06333923339844,149.79666137695312,145.8699951171875,146.53334045410156,144.15078735351562,4508100
2023-10-27,148.6133270263672,149.50999450683594,147.43333435058594,148.11000061035156,145.70181274414062,2436900
2023-10-30,147.05332946777344,147.99667358398438,144.5399932861328,146.1266632080078,143.75071716308594,2743200
2023-10-31,146.25332641601562,147.8433380126953,144.40333557128906,147.4633331298828,145.065673828125,1911600
2023-11-01,147.47999572753906,151.07000732421875,147.47999572753906,150.93333435058594,148.479248046875,3542100
2023-11-02,153.92999267578125,155.46665954589844,152.35333251953125,154.3633270263672,151.85345458984375,2726700
2023-11-03,156.07333374023438,159.57000732421875,155.78334045410156,158.4199981689453,155.8441619873047,2326800
2023-11-06,158.67666625976562,159.11666870117188,156.6300048828125,158.1266632080078,155.5556182861328,1740000
2023-11-07,157.77999877929688,159.8300018310547,157.5366668701172,159.13333129882812,156.5458984375,1556400
2023-11-08,159.28334045410156,160.0399932861328,158.19332885742188,159.2933349609375,156.70333862304688,2233800
2023-11-09,160.3333282470703,162.24000549316406,158.2100067138672,158.52999877929688,155.952392578125,2383200
2023-11-10,160.51666259765625,165.43666076660156,159.85333251953125,164.92333984375,162.24179077148438,2229000
2023-11-13,163.6266632080078,163.8766632080078,162.25332641601562,163.31666564941406,160.66123962402344,1956000
2023-11-14,167.44667053222656,169.86000061035156,167.1566619873047,169.35667419433594,166.60304260253906,2765100
2023-11-15,170.41000366210938,171.86000061035156,169.3000030517578,170.586669921875,167.8130340576172,5104800
2023-11-16,169.8699951171875,171.17666625976562,169.29666137695312,170.6699981689453,167.89500427246094,2275500
2023-11-17,170.13999938964844,172.20333862304688,169.86000061035156,171.8699951171875,169.0754852294922,1815300
2023-11-20,171.68333435058594,175.0,171.6266632080078,174.40333557128906,171.56764221191406,1482000
2023-11-21,172.97332763671875,172.97332763671875,170.26333618164062,171.14332580566406,168.3606414794922,3018600
2023-11-22,172.2866668701172,174.40333557128906,171.2100067138672,171.69000244140625,168.89842224121094,2044200
2023-11-24,171.67999267578125,172.0066680908203,171.07666015625,171.81333923339844,169.01974487304688,516600
2023-11-27,171.17666625976562,173.02999877929688,170.75,171.57333374023438,168.78363037109375,1816800
2023-11-28,170.58999633789062,171.47332763671875,169.1999969482422,170.57000732421875,167.796630859375,1852200
2023-11-29,172.98666381835938,175.00999450683594,172.1300048828125,172.4199981689453,169.6165313720703,3665700
2023-11-30,172.69000244140625,172.8633270263672,169.836669921875,171.21665954589844,168.43276977539062,2419500
2023-12-01,170.3300018310547,172.33999633789062,169.0,172.02000427246094,169.2230224609375,1719600
2023-12-04,170.26666259765625,170.44000244140625,167.63999938964844,170.0933380126953,167.3276824951172,1810500
2023-12-05,168.4633331298828,169.57666015625,167.72332763671875,169.1266632080078,166.37677001953125,2568300
2023-12-06,171.5833282470703,171.67999267578125,167.8866729736328,168.0833282470703,165.35037231445312,2683500
2023-12-07,169.6666717529297,173.1233367919922,168.99000549316406,172.58999633789062,169.78379821777344,1916700
2023-12-08,172.18333435058594,174.7133331298828,172.11000061035156,173.95333862304688,171.12493896484375,4207200
2023-12-11,175.5833282470703,180.44667053222656,175.39666748046875,179.8866729736328,176.96180725097656,3977100
2023-12-12,178.97999572753906,181.2100067138672,178.663330078125,181.183334350586,178.2373809814453,2226600
2023-12-13,181.2100067138672,185.02333068847656,180.5366668701172,183.97332763671875,180.9820251464844,5724900
2023-12-14,185.4600067138672,189.606674194336,185.4600067138672,189.0733337402344,185.9991149902344,3372300
2023-12-15,189.6266632080078,191.9100036621093,189.36666870117188,189.77667236328125,186.6910095214844,3956100
2023-12-18,189.77333068847656,190.086669921875,187.52667236328125,189.25,186.17288208007807,2272200
2023-12-19,189.5200042724609,190.6433258056641,189.27999877929688,190.259994506836,187.16650390625,1910100
2023-12-20,188.46665954589844,189.56333923339844,184.2566680908203,184.2566680908203,181.6181030273437,3355800
2023-12-21,188.2400054931641,189.70333862304688,187.3633270263672,189.356674194336,186.64508056640625,2589300
2023-12-22,190.259994506836,191.1000061035156,188.6100006103516,189.9633331298828,187.2430114746093,2363400
2023-12-26,190.8333282470703,194.086669921875,190.8333282470703,193.32000732421875,190.5516357421875,1906500
2023-12-27,194.20333862304688,194.5333404541016,192.7466735839844,193.8166656494141,191.04119873046875,1877400
2023-12-28,194.26666259765625,194.6366729736328,193.1999969482422,193.45333862304688,190.6830596923828,1053000
2023-12-29,193.4933319091797,193.8800048828125,191.0,192.0333404541016,189.28341674804688,1452300
2024-01-02,188.7833404541016,188.7833404541016,183.5433349609375,185.11666870117188,182.4657745361328,3256800
2024-01-03,181.8433380126953,182.8733367919922,180.42333984375,181.13999938964844,178.54603576660156,4069800
2024-01-04,178.27999877929688,181.44332885742188,177.8800048828125,179.61666870117188,177.04452514648438,3737100
2024-01-05,179.95333862304688,182.1999969482422,179.3866729736328,180.6133270263672,178.0269317626953,3888900
2024-01-08,181.856674194336,186.9833374023437,181.80667114257807,186.4966735839844,183.82603454589844,3202200
2024-01-09,184.3933258056641,187.9933319091797,184.11666870117188,186.5599975585937,183.888427734375,2944200
2024-01-10,186.9833374023437,187.02333068847656,183.5833282470703,185.933334350586,183.270751953125,2821800
2024-01-11,186.19667053222656,187.8333282470703,182.97332763671875,186.6199951171875,183.94757080078125,3692100
2024-01-12,186.8699951171875,187.77667236328125,184.89666748046875,185.79666137695312,183.13604736328125,2277000
2024-01-16,186.02667236328125,189.70333862304688,185.07000732421875,188.42999267578125,185.73165893554688,4151400
2024-01-17,186.5066680908203,186.92333984375,183.5366668701172,186.70333862304688,184.0297241210937,4971000
2024-01-18,191.8866729736328,193.1199951171875,189.8099975585937,192.86666870117188,190.10479736328125,3552000
2024-01-19,195.29666137695312,200.6699981689453,194.30332946777344,200.4100036621093,197.5400848388672,5326800
2024-01-22,202.07000732421875,203.69332885742188,199.22332763671875,201.0666656494141,198.1873779296875,5288400
2024-01-23,201.13999938964844,202.63999938964844,199.22999572753903,202.3999938964844,199.50157165527344,3282000
2024-01-24,204.7366638183593,208.07666015625,203.13333129882807,205.3466644287109,202.4060516357422,6283800
2024-01-25,209.1266632080078,209.26333618164065,203.7433319091797,204.77667236328125,201.84425354003903,3916800
2024-01-26,200.586669921875,201.9499969482422,198.5666656494141,199.2566680908203,196.40328979492188,5781300
2024-01-29,199.6499938964844,201.3300018310547,198.19000244140625,201.3300018310547,198.44692993164065,3467400
2024-01-30,200.1266632080078,201.35333251953125,197.3933258056641,198.22000122070312,195.3814697265625,3059100
2024-01-31,195.13999938964844,198.92333984375,193.606674194336,195.3500061035156,192.55255126953125,6573600
2024-02-01,196.13999938964844,196.80332946777344,193.7466735839844,196.3166656494141,193.50540161132807,3464100
2024-02-02,196.3099975585937,199.2833404541016,195.77667236328125,198.8233337402344,195.9761505126953,4801200
2024-02-05,200.5200042724609,202.5433349609375,198.3099975585937,201.5399932861328,198.65391540527344,4735200
2024-02-06,202.1100006103516,202.26666259765625,196.95333862304688,199.19000244140625,196.3375396728516,3624000
2024-02-07,200.6000061035156,202.4266662597656,198.51333618164065,202.2366638183593,199.3405914306641,4839300
2024-02-08,202.8733367919922,207.1999969482422,202.79666137695312,205.7133331298828,202.7674865722656,2760900
2024-02-09,206.96665954589844,210.1433258056641,205.75,209.8099975585937,206.8054962158203,3518700
2024-02-12,209.8333282470703,213.30667114257807,208.586669921875,209.42999267578125,206.4309234619141,4299900
2024-02-13,203.356674194336,207.3466644287109,202.36666870117188,205.1266632080078,202.1892242431641,6551400
2024-02-14,207.7566680908203,209.86666870117188,206.85333251953125,209.759994506836,206.75621032714844,3236400
2024-02-15,211.1233367919922,211.3800048828125,208.6300048828125,209.5599975585937,206.55909729003903,2845500
2024-02-16,211.13333129882807,212.75,207.7566680908203,208.3733367919922,205.38937377929688,4103100
2024-02-20,206.4199981689453,207.1600036621093,201.7100067138672,204.86666870117188,201.9329528808593,5547600
2024-02-21,202.5500030517578,204.44667053222656,201.47999572753903,204.39666748046875,201.4696655273437,4471500
2024-02-22,212.44332885742188,215.6266632080078,211.5033264160156,214.47000122070312,211.3987579345703,6676500
2024-02-23,215.5500030517578,216.6600036621093,211.02667236328125,212.1566619873047,209.1185607910156,5105100
2024-02-26,214.29666137695312,215.2066650390625,212.759994506836,214.25,211.1819000244141,3759000
2024-02-27,215.2833404541016,215.8333282470703,213.4833374023437,214.0366668701172,210.9716186523437,4560900
2024-02-28,211.6666717529297,212.759994506836,210.6366729736328,211.6300048828125,208.5994415283203,2923800
2024-02-29,214.2533264160156,217.8000030517578,213.5833282470703,217.3633270263672,214.25064086914065,3382800
2024-03-01,219.8766632080078,227.58999633789065,219.6266632080078,226.6133270263672,223.36819458007807,6123000
2024-03-04,229.1266632080078,231.3433380126953,227.57666015625,228.83999633789065,225.56298828125,7328400
2024-03-05,226.0733337402344,227.6433258056641,221.8933258056641,224.35333251953125,221.1405487060547,7260000
2024-03-06,229.02667236328125,232.2833404541016,227.31333923339844,229.86666870117188,226.574935913086,5531700
2024-03-07,232.7899932861328,238.7100067138672,232.6499938964844,237.75,234.3454132080078,4799600
2024-03-08,238.5500030517578,240.009994506836,227.97000122070312,228.1300048828125,224.8631591796875,10483000
2024-03-11,225.5,226.7899932861328,222.5200042724609,225.1000061035156,221.8765563964844,4499800
2024-03-12,227.97999572753903,229.88999938964844,223.9900054931641,229.7700042724609,226.4796600341797,3598400
2024-03-13,227.0500030517578,227.3699951171875,222.8099975585937,224.1699981689453,220.9598388671875,3264600
2024-03-14,223.57000732421875,224.83999633789065,218.1199951171875,220.33999633789065,217.18472290039065,4662100
2024-03-15,217.3999938964844,221.3699951171875,217.1000061035156,218.759994506836,215.62733459472656,4105300
2024-03-18,222.5,223.33999633789065,218.3699951171875,218.58999633789065,215.45974731445312,3143300
2024-03-19,215.75,217.69000244140625,212.6499938964844,216.759994506836,213.6559600830078,3558700
2024-03-20,217.27999877929688,221.02999877929688,215.52999877929688,220.4499969482422,217.29312133789065,3386600
2024-03-21,227.3699951171875,229.27999877929688,224.759994506836,225.17999267578125,222.18214416503903,4059800
2024-03-22,224.1600036621093,227.1000061035156,223.4499969482422,225.4499969482422,222.44854736328125,2658900
2024-03-25,222.25,226.6100006103516,221.7100067138672,224.57000732421875,221.58029174804688,2283500
2024-03-26,226.19000244140625,226.8800048828125,222.8300018310547,222.8800048828125,219.9127655029297,4414200
2024-03-27,225.38999938964844,225.759994506836,221.3999938964844,225.67999267578125,222.6754913330078,4161700
2024-03-28,225.4199981689453,227.0,224.9100036621093,225.9199981689453,222.91232299804688,1794300
2024-04-01,226.0599975585937,231.4499969482422,226.0599975585937,228.3000030517578,225.26063537597656,3000900
2024-04-02,224.5399932861328,225.259994506836,222.3999938964844,224.77999877929688,221.78749084472656,2383500
2024-04-03,222.1699981689453,226.9900054931641,222.13999938964844,225.4100036621093,222.4091033935547,1860600
2024-04-04,228.509994506836,229.1699981689453,218.5599975585937,219.02999877929688,216.11404418945312,3744000
2024-04-05,220.0,223.0,218.5800018310547,221.6300048828125,218.67941284179688,2428300
2024-04-08,222.94000244140625,224.1100006103516,221.3099975585937,222.1999969482422,219.2418212890625,1866900
2024-04-09,224.44000244140625,225.3000030517578,220.759994506836,224.58999633789065,221.6000213623047,3170100
2024-04-10,220.83999633789065,223.42999267578125,219.22999572753903,220.4900054931641,217.55458068847656,3610500
2024-04-11,221.8800048828125,225.8699951171875,220.0599975585937,225.47000122070312,222.4683074951172,2455300
2024-04-12,221.4900054931641,221.759994506836,217.63999938964844,218.07000732421875,215.1668395996093,3210400
2024-04-15,221.0500030517578,221.8600006103516,214.2400054931641,215.3099975585937,212.44354248046875,3170800
2024-04-16,215.3999938964844,218.0,214.509994506836,216.94000244140625,214.05186462402344,2452300
2024-04-17,217.1000061035156,217.44000244140625,209.8999938964844,210.3600006103516,207.55943298339844,4798600
2024-04-18,208.8600006103516,210.22999572753903,205.97000122070312,206.6300048828125,203.8791046142578,5372700
2024-04-19,204.8000030517578,206.1199951171875,197.42999267578125,198.38999938964844,195.7488250732422,6406600
2024-04-22,200.44000244140625,203.1100006103516,198.0200042724609,201.6600036621093,198.9752960205078,4493800
2024-04-23,203.0500030517578,206.8600006103516,202.5,205.8699951171875,203.12921142578125,3645400
2024-04-24,211.3800048828125,212.5,206.7400054931641,208.5399932861328,205.76370239257807,4077600
2024-04-25,208.0399932861328,213.8300018310547,206.92999267578125,212.4100036621093,209.5821685791016,3902900
2024-04-26,212.1499938964844,217.82000732421875,211.6600036621093,216.8999938964844,214.01239013671875,3812600
2024-04-29,216.5200042724609,218.759994506836,214.97000122070312,218.5500030517578,215.6404266357422,3247300
2024-04-30,217.6000061035156,220.0,213.92999267578125,213.9900054931641,211.14112854003903,3583500
2024-05-01,210.009994506836,213.83999633789065,205.58999633789065,206.759994506836,204.00738525390625,7023200
2024-05-02,210.3000030517578,212.1600036621093,206.5200042724609,211.4100036621093,208.59548950195312,3955500
2024-05-03,215.8500061035156,217.4100036621093,214.47999572753903,216.1699981689453,213.29209899902344,3467100
2024-05-06,218.009994506836,220.67999267578125,217.1600036621093,220.6600036621093,217.7223358154297,2441500
2024-05-07,220.97999572753903,221.57000732421875,218.7100067138672,218.7100067138672,215.7982940673828,2859500
2024-05-08,216.6000061035156,219.1300048828125,216.3699951171875,218.9199981689453,216.00547790527344,3212000
2024-05-09,218.92999267578125,219.33999633789065,217.0599975585937,218.1000061035156,215.1964263916016,1874300
2024-05-10,220.4900054931641,222.4199981689453,219.2700042724609,220.2400054931641,217.3079376220703,3079200
2024-05-13,221.1999969482422,222.0800018310547,220.3300018310547,220.6999969482422,217.7617950439453,1843200
2024-05-14,220.52999877929688,224.5599975585937,220.32000732421875,224.3699951171875,221.3829498291016,2149400
2024-05-15,226.75,230.82000732421875,225.5,230.6699981689453,227.5990600585937,3106200
2024-05-16,230.6199951171875,232.44000244140625,229.4600067138672,229.5399932861328,226.4840850830078,2878400
2024-05-17,231.0,231.3999938964844,226.4199981689453,228.2400054931641,225.2014312744141,1806100
2024-05-20,229.2700042724609,234.72000122070312,228.8500061035156,233.259994506836,230.1545867919922,2555300
2024-05-21,230.17999267578125,232.88999938964844,230.07000732421875,232.509994506836,229.41456604003903,2178700
2024-05-22,234.6699981689453,235.8500061035156,232.8099975585937,235.2400054931641,232.1082458496093,3488500
2024-05-23,240.8300018310547,240.9199981689453,232.1600036621093,233.9199981689453,230.8057861328125,4704800
2024-05-24,236.0399932861328,239.3500061035156,235.0,238.5599975585937,235.384033203125,2450100
2024-05-28,241.3500061035156,243.6300048828125,238.8500061035156,242.58999633789065,239.36036682128903,2824200
2024-05-29,238.1300048828125,239.17999267578125,237.259994506836,237.5800018310547,234.4170684814453,2061100
2024-05-30,237.6499938964844,238.3300018310547,234.69000244140625,235.92999267578125,232.78903198242188,1536800
2024-05-31,236.77999877929688,237.3600006103516,227.5,234.009994506836,230.89456176757807,2991000
2024-06-03,237.8000030517578,237.9499969482422,230.1999969482422,234.38999938964844,231.26954650878903,1815900
2024-06-04,234.0,234.3600006103516,230.7899932861328,232.5599975585937,229.46388244628903,2246900
2024-06-05,236.6999969482422,242.88999938964844,235.8600006103516,242.72999572753903,239.4985198974609,3749400
2024-06-06,242.97000122070312,242.97000122070312,238.94000244140625,240.7400054931641,237.5350036621093,2261300
2024-06-07,240.83999633789065,241.5500030517578,238.3500061035156,240.0200042724609,236.8245849609375,2052600
2024-06-10,238.1600036621093,244.1699981689453,237.8300018310547,243.47999572753903,240.238525390625,1824300
2024-06-11,241.8999938964844,243.7100067138672,239.5,243.3699951171875,240.4361267089844,1662100
2024-06-12,247.6999969482422,251.1600036621093,247.1699981689453,250.22999572753903,247.21340942382807,3101600
2024-06-13,252.0599975585937,254.0800018310547,249.509994506836,252.9499969482422,249.900619506836,3469400
2024-06-14,250.8000030517578,252.77999877929688,249.72999572753903,252.0399932861328,249.00157165527344,2567600
2024-06-17,253.72999572753903,256.5,250.6199951171875,256.0199890136719,252.93360900878903,3057900
2024-06-18,257.0,260.6499938964844,256.489990234375,259.2799987792969,256.154296875,3071500
2024-06-20,259.6600036621094,260.1199951171875,250.82000732421875,252.2400054931641,249.19918823242188,3921500
2024-06-21,250.13999938964844,252.69000244140625,246.94000244140625,249.77999877929688,246.7688446044922,3156800
2024-06-24,247.52999877929688,249.0399932861328,242.5200042724609,242.6499938964844,239.72479248046875,3958300
2024-06-25,244.6000061035156,246.5200042724609,241.7899932861328,246.3800048828125,243.40982055664065,2551800
2024-06-26,246.2100067138672,247.6600036621093,242.7100067138672,245.4199981689453,242.46139526367188,1933800
2024-06-27,244.94000244140625,246.75,242.6999969482422,244.1600036621093,241.21658325195312,2363600
2024-06-28,245.8500061035156,251.4600067138672,244.6699981689453,246.6300048828125,243.65684509277344,3851300
2024-07-01,246.4900054931641,246.9100036621093,241.97000122070312,246.6199951171875,243.64694213867188,2330400
2024-07-02,245.1999969482422,250.1699981689453,245.0,250.08999633789065,247.0751037597656,1617400
2024-07-03,250.72000122070312,255.5800018310547,249.3800048828125,254.259994506836,251.19483947753903,1392200
2024-07-05,256.2799987792969,256.8299865722656,253.27999877929688,254.759994506836,251.6887969970703,1823900
2024-07-08,256.7099914550781,259.8999938964844,256.69000244140625,259.5899963378906,256.4605712890625,2295500
2024-07-09,260.75,262.0799865722656,257.1300048828125,259.4700012207031,256.3420104980469,2374700
2024-07-10,261.8699951171875,266.0,260.5799865722656,265.489990234375,262.2894287109375,3075800
2024-07-11,267.1499938964844,267.239990234375,255.97000122070312,256.760009765625,253.6647186279297,4689600
2024-07-12,257.8399963378906,264.4200134277344,256.5599975585937,259.8900146484375,256.7569580078125,2929500
2024-07-15,261.3500061035156,263.6300048828125,258.5899963378906,260.17999267578125,257.04345703125,3202200
2024-07-16,261.5299987792969,262.1400146484375,257.5899963378906,261.7900085449219,258.63409423828125,2595100
2024-07-17,252.75,253.6600036621093,242.77999877929688,243.1699981689453,240.238525390625,9101600
2024-07-18,247.4100036621093,247.5200042724609,239.6499938964844,243.8999938964844,240.9597320556641,5274000
2024-07-19,243.5599975585937,243.6999969482422,236.0399932861328,236.44000244140625,233.58966064453125,4983500
2024-07-22,241.5200042724609,246.44000244140625,239.5,246.2400054931641,243.2715301513672,4941700
2024-07-23,242.88999938964844,245.0800018310547,241.83999633789065,242.57000732421875,239.6457672119141,2418700
2024-07-24,239.259994506836,239.88999938964844,229.3500061035156,229.6699981689453,226.90126037597656,5738900
2024-07-25,227.7100067138672,232.0599975585937,220.6300048828125,224.5500030517578,221.843017578125,8437600
2024-07-26,229.6699981689453,231.2100067138672,226.9100036621093,229.3699951171875,226.6048889160156,3805500
2024-07-29,231.6000061035156,234.8300018310547,228.02999877929688,228.88999938964844,226.13067626953125,2926800
2024-07-30,230.0,230.5599975585937,219.82000732421875,220.5800018310547,217.92086791992188,8083500
2024-07-31,230.72000122070312,235.6000061035156,228.97000122070312,235.3800048828125,232.5424346923828,7494100
2024-08-01,231.3999938964844,233.2100067138672,215.58999633789065,218.4199981689453,215.7869110107422,8576300
2024-08-02,209.0599975585937,211.4499969482422,204.2100067138672,206.8099975585937,204.3168487548828,13105400
2024-08-05,193.08999633789065,208.67999267578125,192.8699951171875,203.1600036621093,200.7108612060547,9247100
2024-08-06,205.0599975585937,210.47999572753903,201.7400054931641,205.0,202.5286865234375,6602300
2024-08-07,211.5,213.17999267578125,198.8500061035156,199.2899932861328,196.88751220703125,5292500
2024-08-08,205.47000122070312,213.259994506836,201.2400054931641,213.0399932861328,210.47174072265625,6243200
2024-08-09,211.4900054931641,213.67999267578125,208.75,211.77999877929688,209.2269744873047,3454500
2024-08-12,212.1000061035156,215.5500030517578,210.3000030517578,213.0,210.4322509765625,4365200
2024-08-13,215.9900054931641,221.97999572753903,214.6699981689453,221.6499938964844,218.9779357910156,4525400
2024-08-14,223.6499938964844,224.5399932861328,217.4900054931641,221.08999633789065,218.42469787597656,3769900
2024-08-15,226.07000732421875,232.6199951171875,225.0399932861328,231.72000122070312,228.9265899658203,4332100
2024-08-16,229.58999633789065,232.22000122070312,228.02999877929688,231.22999572753903,228.4424591064453,3966100
2024-08-19,230.3300018310547,235.1999969482422,227.6600036621093,235.1600036621093,232.3251190185547,2197800
2024-08-20,233.9499969482422,235.5500030517578,230.2700042724609,232.0500030517578,229.25259399414065,2587700
2024-08-21,233.2100067138672,236.509994506836,232.63999938964844,235.33999633789065,232.5029144287109,1832200
2024-08-22,236.6999969482422,237.5,226.6199951171875,227.3000030517578,224.5598602294922,2969600
2024-08-23,230.9199981689453,235.0,229.6999969482422,233.38999938964844,230.5764312744141,3452900
2024-08-26,232.47000122070312,233.2100067138672,226.6999969482422,227.52999877929688,224.78707885742188,2148200
2024-08-27,225.8800048828125,230.8099975585937,223.8099975585937,230.0500030517578,227.2766876220703,2024700
2024-08-28,229.08999633789065,230.6999969482422,223.6199951171875,225.8999938964844,223.1766967773437,3480000
2024-08-29,227.1000061035156,231.0200042724609,224.2100067138672,225.25,222.53456115722656,4084600
2024-08-30,230.5599975585937,231.75,227.27999877929688,231.13999938964844,228.35354614257807,3249700
2024-09-03,226.8000030517578,226.8300018310547,212.27999877929688,213.5,210.9262084960937,7214300
2024-09-04,211.1100006103516,217.4900054931641,210.5200042724609,214.1999969482422,211.61778259277344,4435800
2024-09-05,211.1999969482422,216.3800048828125,210.8600006103516,213.0500030517578,210.4816436767578,3988300
2024-09-06,211.4499969482422,211.6100006103516,202.8600006103516,203.92999267578125,201.4715576171875,5596300
2024-09-09,207.2400054931641,208.67999267578125,204.5599975585937,207.9600067138672,205.4530029296875,4078600
2024-09-10,208.33999633789065,210.3800048828125,204.9600067138672,210.1499938964844,207.6165771484375,2390600
2024-09-11,211.58999633789065,220.33999633789065,207.1699981689453,219.9100036621093,217.25894165039065,6521400
2024-09-12,218.6999969482422,220.97000122070312,215.6300048828125,218.94000244140625,216.30059814453125,4739100
2024-09-13,220.8500061035156,223.4499969482422,220.32000732421875,222.8500061035156,220.1635131835937,5268000
2024-09-16,219.6699981689453,221.0,217.0399932861328,219.8800048828125,217.2292938232422,2469800
2024-09-17,222.6499938964844,223.1699981689453,218.22999572753903,220.1499938964844,217.4960479736328,2304100
2024-09-18,221.17999267578125,224.2100067138672,217.5,217.72000122070312,215.0953369140625,4671900
2024-09-19,225.97000122070312,230.0599975585937,224.1600036621093,226.9900054931641,224.25360107421875,4624700
2024-09-20,224.7100067138672,225.57000732421875,220.44000244140625,223.6699981689453,220.97360229492188,4550800
2024-09-23,224.75,225.5500030517578,222.9499969482422,224.5399932861328,221.83311462402344,2454200
2024-09-24,226.5500030517578,228.6300048828125,223.97000122070312,227.259994506836,224.5203094482422,4314700
2024-09-25,225.97999572753903,229.7700042724609,225.8500061035156,228.2700042724609,226.06727600097656,2191200
2024-09-26,237.72000122070312,238.3800048828125,230.2899932861328,236.42999267578125,234.14849853515625,5537400
2024-09-27,237.1499938964844,237.17999267578125,231.47000122070312,232.67999267578125,230.4346923828125,2303600
2024-09-30,229.7899932861328,232.1100006103516,227.3000030517578,230.58999633789065,228.3648681640625,2693300
2024-10-01,230.5,231.1999969482422,222.3300018310547,224.1300048828125,221.9672088623047,3926500
2024-10-02,224.57000732421875,229.6499938964844,223.259994506836,227.1499938964844,224.9580535888672,1762100
2024-10-03,225.3600006103516,230.8300018310547,225.2100067138672,227.9600067138672,225.76025390625,2110700
2024-10-04,232.4900054931641,232.8800048828125,228.38999938964844,231.0800018310547,228.85015869140625,2685000
2024-10-07,229.6000061035156,232.259994506836,228.77999877929688,230.4499969482422,228.22622680664065,2006800
2024-10-08,230.4499969482422,233.5399932861328,228.94000244140625,232.72000122070312,230.4743194580078,2508500
2024-10-09,232.4900054931641,235.47999572753903,230.8800048828125,235.1499938964844,232.88087463378903,2019100
2024-10-10,231.9900054931641,234.7899932861328,230.6499938964844,233.5,231.24679565429688,1886400
2024-10-11,231.7899932861328,236.19000244140625,231.6699981689453,235.4600067138672,233.18788146972656,4572900
2024-10-14,236.9600067138672,240.2899932861328,236.8099975585937,239.8000030517578,237.4860076904297,2142500
2024-10-15,239.2400054931641,240.47000122070312,225.72000122070312,227.3600006103516,225.16604614257807,6421200
2024-10-16,230.1199951171875,230.1199951171875,226.4100036621093,227.3600006103516,225.16604614257807,3776600
2024-10-17,233.3000030517578,233.8699951171875,229.1499938964844,229.1499938964844,226.93875122070312,2407800
2024-10-18,231.3000030517578,231.3099975585937,228.4199981689453,229.3600006103516,227.146728515625,1643700
2024-10-21,228.44000244140625,229.5399932861328,225.97999572753903,228.92999267578125,226.7208709716797,2034300
2024-10-22,227.67999267578125,228.8099975585937,226.27999877929688,228.0800018310547,225.8791046142578,2476400
2024-10-23,227.6499938964844,228.509994506836,222.8699951171875,226.0399932861328,223.85877990722656,2260000
2024-10-24,228.07000732421875,228.2100067138672,225.5800018310547,227.3000030517578,225.10662841796875,2247900
2024-10-25,229.4499969482422,233.07000732421875,229.3699951171875,229.5800018310547,227.36460876464844,2209600
2024-10-28,229.5,231.3099975585937,228.3699951171875,229.72000122070312,227.5032653808593,1508500
2024-10-29,229.9199981689453,236.4600067138672,228.8600006103516,235.3699951171875,233.09873962402344,3135000
2024-10-30,229.2899932861328,230.7400054931641,226.97999572753903,227.07000732421875,224.8788299560547,4324400
2024-10-31,224.8999938964844,224.9900054931641,216.5599975585937,218.259994506836,216.15383911132807,6120800
2024-11-01,220.0200042724609,222.759994506836,219.3099975585937,220.5800018310547,218.45147705078125,2130100
2024-11-04,219.92999267578125,222.4600067138672,218.5,219.3099975585937,217.1937255859375,1727700
2024-11-05,219.4100036621093,222.07000732421875,219.13999938964844,221.8699951171875,219.72901916503903,2273700
2024-11-06,226.3600006103516,229.1699981689453,224.3099975585937,228.33999633789065,226.1365661621093,3644000
2024-11-07,231.8300018310547,233.4100036621093,231.32000732421875,233.1000061035156,230.85064697265625,3154600
2024-11-08,231.8300018310547,233.19000244140625,230.13999938964844,231.3600006103516,229.12744140625,1769200
2024-11-11,229.17999267578125,229.17999267578125,222.77999877929688,225.57000732421875,223.3933258056641,4250400
2024-11-12,224.77999877929688,225.1499938964844,220.1499938964844,223.1100006103516,220.95704650878903,3259700
2024-11-13,221.5,222.1300048828125,217.97000122070312,218.3699951171875,216.26280212402344,3057500
2024-11-14,220.5,221.3699951171875,217.83999633789065,218.2400054931641,216.134033203125,2523600
2024-11-15,214.57000732421875,215.6699981689453,210.58999633789065,211.2100067138672,209.17189025878903,4748200
2024-11-18,211.1499938964844,214.3300018310547,210.2400054931641,213.94000244140625,211.87554931640625,2422300
2024-11-19,213.3300018310547,214.8099975585937,212.47000122070312,214.3500061035156,212.2815704345703,2363400
2024-11-20,213.07000732421875,213.67999267578125,209.6499938964844,212.7100067138672,210.65744018554688,3995000
2024-11-21,215.0500030517578,217.259994506836,210.8999938964844,216.0800018310547,213.994873046875,4245400
2024-11-22,215.6199951171875,216.6999969482422,214.5599975585937,216.1699981689453,214.0840301513672,2672600
2024-11-25,218.97000122070312,220.3000030517578,216.8800048828125,218.27999877929688,216.1736755371093,2787700
2024-11-26,220.0,220.58999633789065,213.7700042724609,215.4499969482422,213.3709716796875,2783900
2024-11-27,214.25,214.4100036621093,208.88999938964844,212.5599975585937,210.5088653564453,3122300
2024-11-29,214.1199951171875,218.0200042724609,214.0800018310547,215.3999938964844,213.32144165039065,2505300
2024-12-02,216.6999969482422,222.47000122070312,216.5200042724609,221.0599975585937,218.9268341064453,3707000
2024-12-03,219.6499938964844,221.0599975585937,219.0200042724609,219.8099975585937,217.6888732910156,1914900
2024-12-04,224.1499938964844,224.32000732421875,221.13999938964844,222.72000122070312,220.57081604003903,2681200
2024-12-05,222.3300018310547,222.6600036621093,217.88999938964844,218.509994506836,216.40142822265625,2422000
2024-12-06,218.6000061035156,220.3800048828125,218.0,219.8300018310547,217.70867919921875,1822900
2024-12-09,218.5,221.5399932861328,217.3800048828125,218.7700042724609,216.6589508056641,1574800
2024-12-10,219.42999267578125,219.5800018310547,212.19000244140625,213.57000732421875,211.50909423828125,2566600
2024-12-11,216.72999572753903,220.22999572753903,215.3999938964844,218.94000244140625,216.8272705078125,3233900
2024-12-12,217.38999938964844,218.17999267578125,215.4600067138672,217.2400054931641,215.1436767578125,2680200
2024-12-13,222.3000030517578,224.6600036621093,220.009994506836,223.3000030517578,221.1452178955078,3720600
2024-12-16,224.009994506836,228.5800018310547,222.38999938964844,227.44000244140625,225.24526977539065,4774000
2024-12-17,224.83999633789065,226.17999267578125,222.5599975585937,223.8699951171875,222.05923461914065,2397300
2024-12-18,225.3500061035156,227.1600036621093,213.9499969482422,215.58999633789065,213.84622192382807,4426000
2024-12-19,216.08999633789065,216.5599975585937,211.4499969482422,211.97000122070312,210.2554931640625,3255700
2024-12-20,210.8099975585937,217.77999877929688,210.3000030517578,214.82000732421875,213.0824584960937,4681100
2024-12-23,216.47000122070312,221.6000061035156,216.47000122070312,221.32000732421875,219.5298767089844,3044300
2024-12-24,222.77999877929688,223.67999267578125,221.3500061035156,223.6000061035156,221.7914276123047,1252300
2024-12-26,221.97999572753903,224.9499969482422,221.69000244140625,223.52999877929688,221.72198486328125,1303500
2024-12-27,222.19000244140625,222.72000122070312,218.8500061035156,221.63999938964844,219.8472900390625,1933000
2024-12-30,217.83999633789065,219.3099975585937,215.6699981689453,217.27999877929688,215.5225372314453,2566900
2024-12-31,217.92999267578125,218.82000732421875,214.63999938964844,215.4900054931641,213.74703979492188,1354500
2025-01-02,217.67999267578125,220.22000122070312,214.9600067138672,216.82000732421875,215.0662841796875,2409100
2025-01-03,218.25,223.0399932861328,217.9600067138672,222.47000122070312,220.6705780029297,2623200
2025-01-06,227.259994506836,231.8000030517578,227.259994506836,228.9100036621093,227.0585021972656,4176500
2025-01-07,231.6999969482422,231.88999938964844,224.5599975585937,225.7899932861328,223.9637145996093,3694800
2025-01-08,225.0500030517578,225.4600067138672,221.1100006103516,223.5399932861328,221.73193359375,3141400
2025-01-10,220.7400054931641,220.8800048828125,216.77999877929688,218.1999969482422,216.4351043701172,4038000
2025-01-13,213.8500061035156,217.83999633789065,213.6600036621093,217.52999877929688,215.77053833007807,2310000
2025-01-14,219.3500061035156,220.75,216.1199951171875,218.9600067138672,217.1889495849609,1492800
2025-01-15,222.47999572753903,224.6499938964844,221.6699981689453,223.2100067138672,221.40460205078125,2900200
2025-01-16,227.25,227.7899932861328,223.52999877929688,223.5399932861328,221.73193359375,3029500
2025-01-17,228.5800018310547,230.32000732421875,227.3600006103516,229.7400054931641,227.8817901611328,3785500
2025-01-21,231.8099975585937,234.5800018310547,229.8000030517578,232.4499969482422,230.5698699951172,3201500
2025-01-22,234.8300018310547,238.33999633789065,234.32000732421875,235.8099975585937,233.9026641845703,3461100
2025-01-23,232.02999877929688,235.3800048828125,231.17999267578125,235.3699951171875,233.4662322998047,2567100
2025-01-24,235.47999572753903,235.47999572753903,229.7100067138672,230.63999938964844,228.7744903564453,2229900
2025-01-27,219.0,219.6100006103516,209.7400054931641,212.5500030517578,210.8308258056641,16943600
2025-01-28,213.6199951171875,214.7700042724609,208.97999572753903,213.5,211.77313232421875,9118300
2025-01-29,215.5599975585937,216.17999267578125,212.1499938964844,214.3800048828125,212.64601135253903,2430800
2025-01-30,217.009994506836,219.9900054931641,215.759994506836,218.7400054931641,216.9707489013672,4653800
2025-01-31,219.9900054931641,224.2899932861328,217.47000122070312,218.1300048828125,216.3656768798828,3867800
2025-02-03,212.38999938964844,216.8500061035156,210.9600067138672,214.1999969482422,212.4674835205078,3646800
2025-02-04,213.72000122070312,217.2700042724609,213.42999267578125,216.3999938964844,214.649658203125,3742300
2025-02-05,215.8300018310547,221.0399932861328,214.47999572753903,220.58999633789065,218.80577087402344,2200500
2025-02-06,219.0500030517578,220.6999969482422,217.8800048828125,220.3000030517578,218.5181121826172,3111700
2025-02-07,220.8099975585937,222.0800018310547,215.38999938964844,216.8699951171875,215.1158447265625,3297400
2025-02-10,218.4499969482422,220.25,218.4199981689453,219.6999969482422,217.9229736328125,2698600
2025-02-11,217.88999938964844,221.1699981689453,217.88999938964844,219.8999938964844,218.1213531494141,1549700
2025-02-12,216.44000244140625,220.22000122070312,215.9499969482422,220.13999938964844,218.35940551757807,2017500
2025-02-13,219.9499969482422,222.9900054931641,219.88999938964844,222.83999633789065,221.0375823974609,2546800
2025-02-14,222.82000732421875,223.7700042724609,221.9199981689453,223.07000732421875,221.26573181152344,1566200
2025-02-18,224.6999969482422,227.47000122070312,223.47000122070312,226.759994506836,224.9258728027344,3605000
2025-02-19,227.1499938964844,231.6199951171875,226.259994506836,230.52999877929688,228.6653747558593,2635700
2025-02-20,232.0,233.44000244140625,228.75,231.07000732421875,229.2010040283203,2642300
2025-02-21,231.759994506836,231.8500061035156,223.1300048828125,223.97999572753903,222.16835021972656,2947000
2025-02-24,224.97000122070312,225.33999633789065,218.5399932861328,218.72000122070312,216.95089721679688,3372800
2025-02-25,218.4499969482422,219.22000122070312,213.5800018310547,214.2100067138672,212.4773864746093,3514200
2025-02-26,216.9499969482422,219.8000030517578,215.5800018310547,217.94000244140625,216.1772003173828,2562600
2025-02-27,219.17999267578125,219.5,204.9199981689453,205.25,203.58984375,4349100
2025-02-28,205.3699951171875,210.0500030517578,203.1199951171875,208.5200042724609,206.8334197998047,3722100
2025-03-03,211.509994506836,211.6499938964844,199.32000732421875,201.1499938964844,199.5229949951172,5067800
2025-03-04,200.8000030517578,207.6199951171875,196.6999969482422,202.2700042724609,200.6339569091797,5487900
2025-03-05,204.5399932861328,207.2899932861328,200.57000732421875,206.6300048828125,204.9586944580078,3312100
2025-03-06,199.5800018310547,203.72000122070312,197.3300018310547,198.0399932861328,196.4381561279297,5088700
2025-03-07,198.8000030517578,204.5399932861328,196.47999572753903,203.8500061035156,202.20118713378903,3713300
2025-03-10,198.82000732421875,200.27999877929688,191.5599975585937,194.4199981689453,192.84744262695312,5410800
2025-03-11,194.5200042724609,196.3099975585937,189.1100006103516,192.1199951171875,190.5660552978516,3776600
2025-03-12,196.6999969482422,198.69000244140625,194.32000732421875,196.0800018310547,194.49403381347656,3143000
2025-03-13,196.07000732421875,199.2400054931641,193.17999267578125,195.1000061035156,193.52194213867188,2504200
2025-03-14,198.5,201.7100067138672,198.32000732421875,201.1199951171875,199.4932556152344,3696800
2025-03-17,200.3099975585937,206.259994506836,200.2100067138672,204.44000244140625,202.78640747070312,2743100
2025-03-18,202.1100006103516,203.0500030517578,200.17999267578125,201.47000122070312,200.09588623046875,2470800
2025-03-19,201.5,206.42999267578125,200.0,203.1100006103516,201.7246856689453,2330800
2025-03-20,200.5200042724609,203.72000122070312,200.3600006103516,201.4900054931641,200.11575317382807,2265900
2025-03-21,197.94000244140625,200.13999938964844,196.3699951171875,199.3800048828125,198.0201416015625,2873400
2025-03-24,203.57000732421875,206.6600036621093,203.3300018310547,205.3000030517578,203.89976501464844,3947000
2025-03-25,205.0500030517578,205.7100067138672,203.5599975585937,204.19000244140625,202.7973480224609,1419100
2025-03-26,203.22000122070312,204.0599975585937,196.44000244140625,198.47000122070312,197.1163482666016,3595300
2025-03-27,195.8699951171875,197.0399932861328,193.3800048828125,194.5599975585937,193.23301696777344,3545900
2025-03-28,193.2899932861328,194.2400054931641,187.44000244140625,188.67999267578125,187.3931121826172,4122300
2025-03-31,184.6999969482422,188.3000030517578,182.1199951171875,188.1699981689453,186.8865966796875,3843000
2025-04-01,187.4499969482422,188.33999633789065,183.8000030517578,188.2700042724609,186.9859313964844,3108800
2025-04-02,185.38999938964844,192.0200042724609,184.72999572753903,189.47999572753903,188.1876678466797,2784800
2025-04-03,179.75,181.13999938964844,169.99000549316406,170.36000061035156,169.19805908203125,9982600
2025-04-04,163.9199981689453,165.77000427246094,154.61000061035156,157.6300048828125,156.55490112304688,13988400
2025-04-07,152.02999877929688,170.4199981689453,148.30999755859375,161.27000427246094,160.17007446289062,18686500
2025-04-08,167.63999938964844,169.85000610351562,151.11000061035156,154.86000061035156,153.8037872314453,11023300
2025-04-09,156.10000610351562,185.5599975585937,154.94000244140625,183.6199951171875,182.3676147460937,23539500
2025-04-10,174.55999755859375,175.64999389648438,162.38999938964844,168.61000061035156,167.45999145507812,14499000
2025-04-11,166.97999572753906,173.11000061035156,164.4199981689453,172.25999450683594,171.08509826660156,9890900
2025-04-14,177.5500030517578,177.5500030517578,170.7899932861328,173.39999389648438,172.21731567382812,5657400
2025-04-15,174.32000732421875,176.6300048828125,173.25,174.11000061035156,172.9224853515625,3201100
2025-04-16,166.3300018310547,169.5800018310547,161.8300018310547,167.38999938964844,166.24832153320312,10205000
2025-04-17,168.57000732421875,168.75,164.80999755859375,166.5500030517578,165.41404724121094,4921000
2025-04-21,163.13999938964844,163.89999389648438,160.25999450683594,163.63999938964844,162.52389526367188,4769700
2025-04-22,165.22999572753906,168.02000427246094,164.6199951171875,166.82000732421875,165.68222045898438,4996000
2025-04-23,175.25,177.13999938964844,172.35000610351562,173.07000732421875,171.8896026611328,7323800
2025-04-24,177.8000030517578,183.5599975585937,176.5399932861328,183.02999877929688,181.7816467285156,6873400
2025-04-25,181.1999969482422,186.1199951171875,180.6600036621093,184.8099975585937,183.54949951171875,4224900
2025-04-28,183.88999938964844,185.759994506836,180.44000244140625,184.47999572753903,183.2217712402344,2875400
2025-04-29,182.2400054931641,184.5399932861328,181.25,182.509994506836,181.26519775390625,3527000
2025-04-30,178.0,184.3800048828125,176.77000427246094,183.83999633789065,182.5861358642578,3580500
2025-05-01,186.0,187.3500061035156,183.47000122070312,183.58999633789065,182.3378143310547,3997600
2025-05-02,187.9499969482422,191.8699951171875,187.8300018310547,190.02999877929688,188.73390197753903,4581400
2025-05-05,188.19000244140625,190.4600067138672,187.92999267578125,188.57000732421875,187.28387451171875,3323200
2025-05-06,185.259994506836,188.25,184.2700042724609,186.7700042724609,185.4961395263672,2844600
2025-05-07,186.5800018310547,190.5800018310547,184.8099975585937,190.0399932861328,188.7438507080078,3001100
2025-05-08,192.509994506836,195.0399932861328,190.47000122070312,191.7400054931641,190.4322509765625,3457700
2025-05-09,194.47999572753903,195.6300048828125,192.27999877929688,193.94000244140625,192.61724853515625,2808500
2025-05-12,206.8000030517578,209.38999938964844,204.9900054931641,207.8699951171875,206.4522247314453,10675600
2025-05-13,208.6999969482422,214.82000732421875,208.4100036621093,213.759994506836,212.3020477294922,5693600
2025-05-14,215.2100067138672,216.6999969482422,213.2100067138672,214.7899932861328,213.3250427246093,4162800
2025-05-15,212.69000244140625,215.0,210.9100036621093,213.4100036621093,211.9544372558593,4216900
2025-05-16,213.5599975585937,213.5599975585937,210.67999267578125,213.1300048828125,211.6763610839844,2521500
2025-05-19,208.22000122070312,212.38999938964844,208.1699981689453,211.8500061035156,210.40509033203125,5334700
2025-05-20,210.0399932861328,211.6199951171875,209.4100036621093,211.5399932861328,210.09719848632807,2968000
2025-05-21,209.75,213.8999938964844,206.3500061035156,207.6699981689453,206.2535858154297,5007700
2025-05-22,207.52999877929688,209.47000122070312,205.5800018310547,205.75,204.34669494628903,5397300
2025-05-23,200.47000122070312,203.6600036621093,199.92999267578125,202.5599975585937,201.1784210205078,9527500
2025-05-27,206.9600067138672,210.22999572753903,205.2700042724609,209.2899932861328,207.862548828125,6057600
2025-05-28,209.83999633789065,210.4600067138672,207.75,208.2400054931641,206.8197326660156,6769200
2025-05-29,213.02999877929688,213.1699981689453,207.75,209.08999633789065,207.6638946533203,8600400
2025-05-30,207.82000732421875,207.8699951171875,201.1199951171875,204.94000244140625,203.542221069336,10781000
2025-06-02,204.4199981689453,208.8300018310547,204.2899932861328,208.02999877929688,206.61114501953125,6034900
2025-06-03,208.1499938964844,214.13999938964844,206.7100067138672,213.6199951171875,212.1629943847656,8905100
2025-06-04,215.38999938964844,217.6199951171875,213.5399932861328,216.8000030517578,215.32131958007807,7339500
2025-06-05,218.47000122070312,220.27999877929688,214.4100036621093,215.88999938964844,214.4175567626953,10941600
2025-06-06,218.0,220.22999572753903,217.2100067138672,217.33999633789065,215.857650756836,7582100
2025-06-09,219.3300018310547,224.4100036621093,219.1300048828125,222.4600067138672,220.94273376464844,7712000
2025-06-10,223.5399932861328,228.0800018310547,222.9900054931641,227.32000732421875,225.7695770263672,7676200
2025-06-11,228.8999938964844,229.8000030517578,224.2700042724609,226.5599975585937,225.01475524902344,10405600
2025-06-12,224.94000244140625,228.0,224.6000061035156,226.8699951171875,225.3226318359375,5149200
2025-06-13,221.9900054931641,224.5800018310547,220.3000030517578,220.9600067138672,219.4529724121093,10484600
2025-06-16,223.58999633789065,228.5800018310547,223.2400054931641,227.44000244140625,226.38360595703125,5772500
2025-06-17,226.4499969482422,229.63999938964844,225.47999572753903,225.63999938964844,224.5919647216797,7290000
2025-06-18,226.8500061035156,229.19000244140625,225.1000061035156,226.5599975585937,225.50770568847656,6657600
2025-06-20,228.7899932861328,229.0800018310547,222.1600036621093,225.1100006103516,224.0644378662109,8202300
2025-06-23,225.0200042724609,227.88999938964844,221.8600006103516,226.509994506836,225.4579315185547,7115100
2025-06-24,230.57000732421875,235.3600006103516,230.4600067138672,235.1000061035156,234.008056640625,7017500
2025-06-25,236.6600036621093,237.2400054931641,234.8000030517578,237.2100067138672,236.1082305908203,5252500
2025-06-26,239.0399932861328,239.6499938964844,237.17999267578125,239.07000732421875,237.9596099853516,4350100
2025-06-27,239.3099975585937,241.22999572753903,236.3699951171875,238.8600006103516,237.7505645751953,4520500
2025-06-30,240.1699981689453,240.1699981689453,237.5599975585937,238.6999969482422,237.59132385253903,4925300
2025-07-01,236.6999969482422,239.17999267578125,234.0800018310547,237.6199951171875,236.51632690429688,10892900
2025-07-02,237.08999633789065,243.1199951171875,237.0,242.13999938964844,241.01535034179688,5979000
2025-07-03,243.1499938964844,244.1999969482422,242.6999969482422,243.33999633789065,242.2097625732422,3069400
2025-07-07,241.2899932861328,242.1300048828125,237.75,238.77999877929688,237.67095947265625,4859200
2025-07-08,241.0599975585937,245.3999938964844,240.1100006103516,243.33999633789065,242.2097625732422,7276200
2025-07-09,244.009994506836,246.52999877929688,241.8800048828125,244.1199951171875,242.98614501953125,4415300
2025-07-10,246.4199981689453,247.5200042724609,244.2700042724609,246.5500030517578,245.40484619140625,4868500
2025-07-11,245.009994506836,247.07000732421875,244.0599975585937,246.1699981689453,245.0266265869141,2649600
2025-07-14,244.1499938964844,244.7400054931641,240.3500061035156,243.8300018310547,242.697509765625,5522600
2025-07-15,248.7899932861328,249.9600067138672,246.1000061035156,246.259994506836,245.1161956787109,6042100
2025-07-16,244.27999877929688,245.6699981689453,239.22000122070312,245.58999633789065,244.4493103027344,8348900
2025-07-17,245.5399932861328,247.1300048828125,243.9100036621093,246.52999877929688,245.38494873046875,4801100
2025-07-18,247.9499969482422,248.3699951171875,244.8800048828125,246.72999572753903,245.58401489257807,3758500
2025-07-21,247.3600006103516,250.19000244140625,246.9499969482422,246.9499969482422,245.8029937744141,4672600
2025-07-22,246.0399932861328,246.5,240.69000244140625,243.5399932861328,242.4088287353516,6871000
2025-07-23,241.72000122070312,242.3999938964844,239.0599975585937,242.0599975585937,240.93572998046875,5952600
2025-07-24,241.58999633789065,242.08999633789065,239.4600067138672,241.5599975585937,240.4380340576172,4166800
2025-07-25,240.1000061035156,241.6699981689453,239.1000061035156,241.5399932861328,240.41812133789065,3511400
2025-07-28,244.2100067138672,246.0,243.9100036621093,245.75,244.60858154296875,6433000
2025-07-29,247.2899932861328,249.52999877929688,244.5,246.19000244140625,245.04653930664065,5299700
2025-07-30,248.3600006103516,249.5,245.8699951171875,247.9499969482422,246.79833984375,5300500
2025-07-31,245.0399932861328,245.2899932861328,237.6600036621093,240.02999877929688,238.9151306152344,9419300
2025-08-01,235.509994506836,239.6100006103516,232.3300018310547,237.2400054931641,236.1381225585937,8549000
2025-08-04,238.759994506836,240.8600006103516,237.7700042724609,240.3999938964844,239.28341674804688,6189500
2025-08-05,241.759994506836,242.4499969482422,235.8800048828125,238.72999572753903,237.6211853027344,5149700
2025-08-06,236.5599975585937,237.4600067138672,233.6699981689453,236.92999267578125,235.8295288085937,4966500
2025-08-07,242.0399932861328,243.3699951171875,238.88999938964844,240.83999633789065,239.7213897705078,6073400
2025-08-08,241.009994506836,243.17999267578125,240.2899932861328,242.8699951171875,241.741928100586,5301300
2025-08-11,243.77999877929688,246.509994506836,241.9499969482422,242.4100036621093,241.2841033935547,4127900
2025-08-12,244.2400054931641,250.3800048828125,242.7100067138672,250.1600036621093,248.9980926513672,10091500
2025-08-13,252.1300048828125,254.1000061035156,251.0399932861328,253.8800048828125,252.7008209228516,6022400
2025-08-14,250.3600006103516,255.0599975585937,250.0500030517578,254.13999938964844,252.9596099853516,5315700
2025-08-15,252.19000244140625,252.2700042724609,247.6199951171875,248.32000732421875,247.1666412353516,6840100
2025-08-18,247.5399932861328,249.33999633789065,247.47999572753903,249.0500030517578,247.89324951171875,4978200
2025-08-19,249.07000732421875,250.0399932861328,244.72000122070312,245.1499938964844,244.01133728027344,3508000
2025-08-20,244.63999938964844,244.63999938964844,237.1000061035156,243.7400054931641,242.60791015625,9423100
2025-08-21,242.47000122070312,244.1199951171875,241.0,242.3600006103516,241.2343139648437,4581100
2025-08-22,243.1199951171875,251.9900054931641,242.44000244140625,249.08999633789065,247.9330596923828,6527700
2025-08-25,248.8500061035156,249.6300048828125,247.2700042724609,248.509994506836,247.35574340820312,3654200
2025-08-26,249.57000732421875,251.6100006103516,249.509994506836,250.8500061035156,249.6848907470703,3762000
2025-08-27,249.8800048828125,251.6600036621093,248.82000732421875,251.33999633789065,250.172607421875,4195400
2025-08-28,252.32000732421875,254.32000732421875,250.8999938964844,252.5500030517578,251.37698364257807,5060200
2025-08-29,248.94000244140625,248.94000244140625,244.1699981689453,245.32000732421875,244.1805725097656,8672600
2025-09-02,238.6699981689453,242.92999267578125,238.1499938964844,242.8300018310547,241.7021484375,6659200
2025-09-03,243.22999572753903,243.4199981689453,239.22999572753903,241.67999267578125,240.5574645996093,5473300
2025-09-04,240.0599975585937,244.5200042724609,238.75,244.1699981689453,243.0359039306641,11842200
2025-09-05,247.8500061035156,248.5,244.1300048828125,247.0500030517578,245.90252685546875,17105500
2025-09-08,248.4100036621093,249.9199981689453,247.5599975585937,248.8500061035156,247.6941833496093,10290500
2025-09-09,249.1100006103516,249.67999267578125,247.22999572753903,249.0599975585937,247.90321350097656,9305200
2025-09-10,253.02999877929688,254.2100067138672,251.8600006103516,253.4499969482422,252.2727966308593,13398400
2025-09-11,254.8099975585937,256.510009765625,254.6199951171875,255.19000244140625,254.0047149658203,10286200
2025-09-12,255.8099975585937,256.3999938964844,254.1600036621093,255.63999938964844,254.45263671875,7144200
2025-09-15,255.1999969482422,257.8399963378906,254.52999877929688,257.79998779296875,256.6026306152344,7239200
2025-09-16,258.2900085449219,259.04998779296875,256.5799865722656,258.5799865722656,257.9201965332031,7543300
2025-09-17,257.94000244140625,260.739990234375,254.8300018310547,258.5299987792969,257.870361328125,6566900
2025-09-18,265.0599975585937,268.9800109863281,264.1400146484375,267.57000732421875,266.8872985839844,12601600
2025-09-19,267.29998779296875,267.3999938964844,263.6000061035156,265.8599853515625,265.1816101074219,5839100
2025-09-22,266.6499938964844,270.6600036621094,266.5799865722656,269.8299865722656,269.1415100097656,5721400
2025-09-23,270.7900085449219,272.1300048828125,267.9100036621094,269.510009765625,268.82232666015625,6068300
2025-09-24,268.739990234375,269.760009765625,265.6099853515625,269.1000061035156,268.41339111328125,7825500
2025-09-25,264.5799865722656,268.94000244140625,261.79998779296875,268.239990234375,267.5555725097656,11157800
2025-09-26,268.5299987792969,269.4200134277344,265.739990234375,268.8299865722656,268.1440734863281,7244300
2025-09-29,271.7200012207031,272.79998779296875,268.8699951171875,268.92999267578125,268.2438049316406,5954900
2025-09-30,268.8500061035156,271.45001220703125,267.760009765625,271.1199951171875,270.42822265625,7091800
2025-10-01,269.3800048828125,276.70001220703125,268.8800048828125,276.3399963378906,275.6348876953125,9339600
2025-10-02,281.5,282.5400085449219,279.6099853515625,281.69000244140625,280.9712829589844,7250000
2025-10-03,282.95001220703125,284.3399963378906,278.4800109863281,279.9599914550781,279.2456970214844,8629100
2025-10-06,290.989990234375,292.510009765625,288.3500061035156,288.3599853515625,287.62420654296875,11275000
2025-10-07,290.9800109863281,291.4800109863281,281.5299987792969,281.9100036621094,281.1907043457031,9952000
2025-10-08,282.0,291.8599853515625,281.4800109863281,291.5400085449219,290.796142578125,9301700
2025-10-09,291.0799865722656,291.6099853515625,287.4700012207031,290.19000244140625,289.4495849609375,7603500
2025-10-10,290.82000732421875,291.6300048828125,271.4599914550781,271.989990234375,271.2960205078125,26691200
2025-10-13,282.7799987792969,285.95001220703125,280.3399963378906,284.8699951171875,284.14312744140625,8703400
2025-10-14,278.5,284.7699890136719,277.3599853515625,279.0299987792969,278.3180236816406,8476000
2025-10-15,286.25,288.0199890136719,281.8399963378906,287.6400146484375,286.9060974121094,7595200
2025-10-16,291.0799865722656,292.260009765625,285.94000244140625,288.9800109863281,288.24267578125,7410400
2025-10-17,286.8900146484375,289.6400146484375,283.7200012207031,288.1700134277344,287.4347229003906,6261500
2025-10-20,290.6099853515625,295.0,290.5,292.9700012207031,292.2225036621094,5832300
2025-10-21,292.5,292.70001220703125,289.2200012207031,291.3299865722656,290.586669921875,3965200
2025-10-22,288.1099853515625,289.8299865722656,278.4599914550781,284.1300048828125,283.4050598144531,7875300
2025-10-23,282.489990234375,291.8599853515625,282.25,291.0599975585937,290.3173522949219,5374800
2025-10-24,296.3299865722656,298.2200012207031,295.44000244140625,295.8599853515625,295.1051025390625,4621200
2025-10-27,301.42999267578125,305.010009765625,300.4100036621094,304.0799865722656,303.3041381835937,5165000
2025-10-28,303.4599914550781,305.9700012207031,302.3800048828125,304.45001220703125,303.6731872558594,4156400
2025-10-29,309.8699951171875,312.7900085449219,306.9700012207031,309.6000061035156,308.81005859375,4503100
2025-10-30,307.94000244140625,311.1199951171875,305.3800048828125,305.4100036621094,304.6307373046875,4630700
2025-10-31,308.70001220703125,311.32000732421875,304.260009765625,306.54998779296875,305.767822265625,5163900
2025-11-03,310.3999938964844,311.75,307.1300048828125,308.3800048828125,307.5931701660156,3750800
2025-11-04,300.3399963378906,304.75,295.54998779296875,296.260009765625,295.50408935546875,5288800
2025-11-05,297.2099914550781,309.1700134277344,296.8900146484375,305.4700012207031,304.6905822753906,4949400
2025-11-06,305.0,305.8900146484375,295.3500061035156,297.5,296.74090576171875,8548300
2025-11-07,292.6400146484375,294.45001220703125,283.5899963378906,294.3800048828125,293.62890625,13798600
2025-11-10,302.44000244140625,303.3599853515625,298.5400085449219,302.0,301.2294616699219,6030800
2025-11-11,299.0400085449219,300.0199890136719,294.69000244140625,295.1499938964844,294.3969421386719,5877900
2025-11-12,300.2200012207031,301.69000244140625,297.5,299.6700134277344,298.9053955078125,4145000
2025-11-13,295.94000244140625,297.1300048828125,286.45001220703125,289.3800048828125,288.6416320800781,10980600
2025-11-14,280.6199951171875,292.79998779296875,279.4100036621094,288.5199890136719,287.7838439941406,7142000
2025-11-17,286.07000732421875,291.5299987792969,280.239990234375,283.5599975585937,282.83648681640625,8188700
2025-11-18,279.5400085449219,281.4100036621094,274.0899963378906,276.9800109863281,276.2732849121094,11103100
2025-11-19,278.1400146484375,285.1400146484375,276.82000732421875,281.6099853515625,280.8914489746094,5108100
2025-11-20,288.8999938964844,289.989990234375,267.0,268.1000061035156,267.4159240722656,13398300
2025-11-21,268.2699890136719,274.760009765625,260.44000244140625,270.8299865722656,270.1389465332031,15355900
2025-11-24,273.7799987792969,284.04998779296875,273.6199951171875,282.70001220703125,281.9786682128906,6424800
2025-11-25,278.9599914550781,284.3399963378906,272.760009765625,283.5799865722656,282.8564453125,5942800
2025-11-26,286.7200012207031,294.0799865722656,286.6099853515625,291.3900146484375,290.6465148925781,5818300
2025-11-28,293.25,296.989990234375,291.8299865722656,296.739990234375,295.9828796386719,3038000
2025-12-01,292.8699951171875,299.4200134277344,292.5299987792969,296.9200134277344,296.16241455078125,3933000
2025-12-02,300.45001220703125,304.8399963378906,298.69000244140625,302.8399963378906,302.0672912597656,5086900
2025-12-03,304.5,309.57000732421875,301.4700012207031,309.3599853515625,308.5706787109375,3867100
2025-12-04,307.8399963378906,308.2699890136719,304.5899963378906,306.2799987792969,305.49853515625,4639700
2025-12-05,309.29998779296875,312.8299865722656,308.92999267578125,309.3999938964844,308.6105651855469,4338100
2025-12-08,311.92999267578125,314.0799865722656,309.8699951171875,312.760009765625,311.9620056152344,3620900
2025-12-09,310.7799987792969,312.8500061035156,309.44000244140625,312.17999267578125,311.38348388671875,2775300
2025-12-10,312.010009765625,317.3500061035156,310.5599975585937,316.3299865722656,315.5228576660156,5093800
2025-12-11,312.79998779296875,314.7799987792969,305.7900085449219,314.5199890136719,313.7174987792969,6504700
2025-12-12,310.79998779296875,311.6000061035156,297.9599914550781,299.4800109863281,298.7158508300781,13813600
2025-12-15,302.6000061035156,303.5,297.2300109863281,298.010009765625,297.2496337890625,5241800
2025-12-16,296.7099914550781,298.9200134277344,293.0799865722656,296.20001220703125,295.87713623046875,5850400
2025-12-17,297.32000732421875,298.17999267578125,284.42999267578125,285.2300109863281,284.9190979003906,10422000
2025-12-18,295.7200012207031,296.9599914550781,290.8399963378906,292.0400085449219,291.7216796875,6740400
2025-12-19,294.6700134277344,301.69000244140625,294.5,299.8099975585937,299.4831848144531,5075000
2025-12-22,306.7300109863281,306.94000244140625,302.54998779296875,303.8399963378906,303.5087890625,4019000
2025-12-23,302.2099914550781,305.1199951171875,301.3699951171875,304.9599914550781,304.6275634765625,2708600
2025-12-24,305.0,306.5,304.7099914550781,306.1400146484375,305.8063049316406,1723200
2025-12-26,307.3999938964844,307.5400085449219,305.2900085449219,306.0400085449219,305.7063903808594,1860900
2025-12-29,303.3699951171875,306.4599914550781,301.8900146484375,305.32000732421875,304.9871826171875,3620700
2025-12-30,306.0799865722656,307.4800109863281,304.70001220703125,304.9200134277344,304.587646484375,2984800
2025-12-31,305.6400146484375,306.1199951171875,301.1099853515625,301.1499938964844,300.8217163085937,2954200
2026-01-02,308.5599975585937,315.8099975585937,308.5599975585937,313.69000244140625,313.3480529785156,8491300
2026-01-05,320.70001220703125,322.6400146484375,316.8800048828125,318.0599975585937,317.7132873535156,7923200
2026-01-06,322.07000732421875,329.1499938964844,322.0,328.3500061035156,327.9920654296875,7579900
2026-01-07,325.04998779296875,325.95001220703125,322.1099853515625,324.8900146484375,324.5358581542969,4528500
2026-01-08,324.19000244140625,324.19000244140625,316.3999938964844,319.5799865722656,319.23162841796875,5408300
2026-01-09,322.79998779296875,330.6700134277344,321.1099853515625,328.7799987792969,328.421630859375,7323100
2026-01-12,325.70001220703125,331.3800048828125,325.5299987792969,330.3500061035156,329.9898986816406,5159600
2026-01-13,332.8500061035156,336.4200134277344,331.8900146484375,333.29998779296875,332.9366760253906,3835900
2026-01-14,331.0299987792969,331.989990234375,327.17999267578125,331.8999938964844,331.5382080078125,5468900
2026-01-15,343.1000061035156,344.54998779296875,337.2200012207031,337.2200012207031,336.8524169921875,6531500
2026-01-16,343.510009765625,345.4100036621094,340.2200012207031,342.4700012207031,342.0967102050781,5127300
2026-01-20,336.20001220703125,343.19000244140625,335.9599914550781,337.3500061035156,336.9822692871094,6232600
2026-01-21,341.8399963378906,351.3299865722656,340.29998779296875,348.1400146484375,347.760498046875,7204200
2026-01-22,354.3599853515625,354.6000061035156,347.3699951171875,348.6700134277344,348.2899475097656,4662000
2026-01-23,346.3900146484375,348.0299987792969,342.1700134277344,344.7099914550781,344.3342590332031,4335900
2026-01-26,343.2900085449219,345.5,341.1300048828125,343.07000732421875,342.696044921875,4458700
2026-01-27,348.1600036621094,353.20001220703125,346.6499938964844,351.0799865722656,350.6972961425781,5293600
2026-01-28,358.5299987792969,362.0400085449219,356.7200012207031,360.4599914550781,360.06707763671875,5364000
2026-01-29,361.1799926757813,363.7999877929688,347.7200012207031,361.1300048828125,360.736328125,8446200
2026-01-30,356.0,360.19000244140625,343.7099914550781,346.29998779296875,345.9224853515625,8719100
2026-02-02,342.3699951171875,356.1099853515625,341.8999938964844,352.69000244140625,352.3055725097656,7758000
2026-02-03,355.9100036621094,357.1199951171875,338.0899963378906,345.6400146484375,345.26324462890625,8371200
2026-02-04,342.17999267578125,345.3900146484375,323.3299865722656,330.3800048828125,330.0198669433594,15231400
2026-02-05,326.5400085449219,335.4700012207031,324.0400085449219,330.8299865722656,330.4693603515625,10406500
2026-02-06,337.3999938964844,349.5599975585937,335.8699951171875,348.510009765625,348.130126953125,9096100
2026-02-09,344.8399963378906,354.739990234375,343.8800048828125,352.7699890136719,352.38543701171875,7091400
2026-02-10,353.5199890136719,355.0400085449219,348.1199951171875,351.42999267578125,351.0469055175781,6252400
2026-02-11,358.82000732421875,362.2799987792969,351.3999938964844,360.20001220703125,359.807373046875,7497000
2026-02-12,363.4599914550781,365.3800048828125,351.04998779296875,351.5,351.1168518066406,9488000
2026-02-13,352.79998779296875,357.6099853515625,348.67999267578125,354.6600036621094,354.2734069824219,5963000
2026-02-17,349.8099975585937,357.1000061035156,345.32000732421875,354.1000061035156,353.7140197753906,4068900
2026-02-18,355.82000732421875,361.6700134277344,353.6000061035156,357.9200134277344,357.52984619140625,5681200
2026-02-19,354.17999267578125,356.32000732421875,351.7699890136719,355.8399963378906,355.4521179199219,5576400
2026-02-20,353.5899963378906,361.3299865722656,352.79998779296875,359.42999267578125,359.0382080078125,6013600
2026-02-23,357.57000732421875,360.3800048828125,352.8500061035156,356.82000732421875,356.4310302734375,6339800
2026-02-24,361.6000061035156,364.739990234375,358.0400085449219,362.0400085449219,361.6453552246094,6206000
2026-02-25,366.2000122070313,368.8200073242188,365.510009765625,368.0,367.598876953125,4539900
2026-02-26,366.3800048828125,366.4800109863281,350.4100036621094,356.79998779296875,356.4110717773437,13329100
2026-02-27,349.6000061035156,354.0299987792969,348.3399963378906,352.2900085449219,351.906005859375,6250200
2026-03-02,343.7900085449219,352.3299865722656,343.3399963378906,352.04998779296875,351.6662292480469,7284000
2026-03-03,338.0899963378906,339.3099975585937,330.8900146484375,334.7799987792969,334.4150695800781,17946100
2026-03-04,339.9599914550781,343.8099975585937,336.7900085449219,341.5400085449219,341.1676940917969,10649900
2026-03-05,338.8999938964844,343.7200012207031,330.57000732421875,337.760009765625,337.391845703125,7239300
2026-03-06,328.3999938964844,335.0400085449219,321.489990234375,323.510009765625,323.1573791503906,8733700
2026-03-09,318.3099975585937,337.1700134277344,316.2200012207031,336.3699951171875,336.0033569335937,9824600
2026-03-10,336.3099975585937,345.5599975585937,336.3099975585937,338.8099975585937,338.440673828125,7471000
2026-03-11,340.5,345.3999938964844,340.45001220703125,342.0899963378906,341.71710205078125,6215100
2026-03-12,337.3399963378906,337.54998779296875,328.6400146484375,330.19000244140625,329.830078125,8008100
2026-03-13,333.8800048828125,338.3999938964844,329.7900085449219,331.32000732421875,330.9588623046875,6450800
2026-03-16,338.8900146484375,342.0400085449219,336.32000732421875,337.8299865722656,337.46173095703125,8018200
2026-03-17,340.5599975585937,341.1600036621094,336.7900085449219,340.25,340.0885009765625,4472100
2026-03-18,340.5299987792969,343.44000244140625,338.2900085449219,338.2900085449219,338.12945556640625,6363900
2026-03-19,328.760009765625,342.7699890136719,326.760009765625,340.20001220703125,340.0385437011719,8292100
2026-03-20,339.7099914550781,341.25,327.94000244140625,332.510009765625,332.3522033691406,9441300
2026-03-23,340.1199951171875,344.92999267578125,335.1199951171875,336.5899963378906,336.43023681640625,8151000
2026-03-24,333.7900085449219,343.2200012207031,333.6199951171875,341.0199890136719,340.8581237792969,5287500
2026-03-25,344.1700134277344,347.67999267578125,342.1400146484375,345.25,345.08612060546875,5869000
2026-03-26,339.45001220703125,339.8900146484375,328.5199890136719,328.8500061035156,328.69390869140625,10172400
2026-03-27,326.8399963378906,329.95001220703125,322.1600036621094,323.4800109863281,323.32647705078125,6334800
2026-03-30,326.75,327.6300048828125,307.260009765625,309.7900085449219,309.6429748535156,13204800
2026-03-31,315.6000061035156,329.17999267578125,314.8800048828125,328.6600036621094,328.5039978027344,14036500
2026-04-01,333.489990234375,342.6499938964844,332.3500061035156,338.5400085449219,338.3793334960937,10130800
2026-04-02,325.1099853515625,340.3900146484375,325.0299987792969,339.6099853515625,339.44879150390625,6521000
2026-04-06,341.5199890136719,345.7699890136719,339.9200134277344,344.1000061035156,343.9366760253906,3105000
2026-04-07,343.0400085449219,347.94000244140625,338.4700012207031,347.760009765625,347.5949401855469,4026000
2026-04-08,367.8900146484375,371.1499938964844,362.1300048828125,370.3999938964844,370.2241821289063,9868700
2026-04-09,371.2999877929688,378.9500122070313,371.2999877929688,378.6300048828125,378.4502868652344,6036700
2026-04-10,382.6700134277344,389.6000061035156,382.6700134277344,386.6000061035156,386.41650390625,5596900
2026-04-13,384.8800048828125,393.5700073242188,384.3699951171875,393.3399963378906,393.1532897949219,4377400
2026-04-14,397.8399963378906,401.4400024414063,393.510009765625,401.239990234375,401.049560546875,5202600
2026-04-15,400.30999755859375,402.0899963378906,392.3900146484375,401.8599853515625,401.6692504882813,5570200
2026-04-16,400.6000061035156,407.4800109863281,397.989990234375,405.9500122070313,405.75732421875,4400500
2026-04-17,413.3800048828125,415.7300109863281,409.5799865722656,415.7099914550781,415.5126953125,5729100
2026-04-20,417.4299926757813,418.8599853515625,411.7900085449219,417.5499877929688,417.351806640625,3493500
2026-04-21,420.3999938964844,423.3500061035156,416.6700134277344,420.7000122070313,420.5003356933594,3676800
2026-04-22,427.260009765625,432.1600036621094,422.8200073242188,431.7699890136719,431.5650634765625,6557600
2026-04-23,435.3399963378906,446.6400146484375,434.0400085449219,441.0,440.7906799316406,10812400
2026-04-24,457.5899963378906,463.8699951171875,450.9700012207031,461.6000061035156,461.38092041015625,9072000
2026-04-27,461.75,463.0,448.9299926757813,455.4100036621094,455.19384765625,8924600
2026-04-28,437.6300048828125,446.1400146484375,431.739990234375,438.7099914550781,438.5017700195313,11014900
2026-04-29,445.260009765625,450.3699951171875,442.4100036621094,449.989990234375,449.7763977050781,5972800
2026-04-30,455.7000122070313,462.1400146484375,449.3399963378906,461.4400024414063,461.2209777832031,5170200
2026-05-01,458.4700012207031,466.9100036621094,455.0700073242188,465.75,465.5289306640625,4155900
2026-05-04,467.9299926757813,469.6099853515625,457.80999755859375,462.05999755859375,461.8406982421875,5233100
2026-05-05,471.1400146484375,486.1799926757813,470.2300109863281,482.7300109863281,482.5008850097656,7203000
2026-05-06,497.9599914550781,506.9400024414063,487.8599853515625,506.8699951171875,506.6294250488281,9768600
2026-05-07,502.9299926757813,503.6799926757813,488.1300048828125,492.3599853515625,492.1262817382813,9913700
2026-05-08,504.239990234375,520.4600219726562,502.75,520.2999877929688,520.0530395507812,7754500
2026-05-11,524.0800170898438,533.739990234375,521.6599731445312,532.760009765625,532.5071411132812,7492600
2026-05-12,520.8499755859375,525.1500244140625,495.7099914550781,515.989990234375,515.7450561523438,14660600
2026-05-13,527.6199951171875,532.25,515.9400024414062,528.2899780273438,528.0392456054688,7346400
2026-05-14,526.5,533.1300048828125,522.2100219726562,530.030029296875,529.7784423828125,5212400
2026-05-15,511.6700134277344,518.7899780273438,506.260009765625,508.5199890136719,508.2786254882813,9388200
2026-05-18,518.02001953125,519.9600219726562,486.9200134277344,495.8699951171875,495.6346435546875,9999000
2026-05-19,484.3999938964844,506.0400085449219,477.9500122070313,496.739990234375,496.5042114257813,12217000
2026-05-20,507.7300109863281,520.5399780273438,506.5499877929688,520.3099975585938,520.0630493164062,9457600
2026-05-21,518.1699829101562,526.780029296875,515.0,524.7100219726562,524.4609985351562,6749900
2026-05-22,531.8800048828125,541.8900146484375,530.1699829101562,537.3300170898438,537.0750122070312,7671100
2026-05-26,556.989990234375,572.9500122070312,555.4099731445312,570.0900268554688,569.8194580078125,8926200
2026-05-27,584.3800048828125,584.5,551.8900146484375,563.97998046875,563.7122802734375,11412400
2026-05-28,564.3200073242188,575.7999877929688,554.8300170898438,569.469970703125,569.19970703125,6763900
2026-05-29,576.4400024414062,582.22998046875,564.5999755859375,569.0800170898438,568.8099365234375,7323900
2026-06-01,563.6699829101562,577.989990234375,557.3800048828125,571.9299926757812,571.6585083007812,6999500
2026-06-02,585.1699829101562,605.4400024414062,581.9299926757812,605.02001953125,604.7328491210938,7475400
2026-06-03,616.2100219726562,618.8400268554688,598.010009765625,615.6799926757812,615.3877563476562,8564700
2026-06-04,587.6400146484375,611.260009765625,577.5399780273438,602.719970703125,602.4338989257812,11445300
2026-06-05,577.8599853515625,580.5,539.5700073242188,539.77001953125,539.5138549804688,22377300
2026-06-08,569.77001953125,581.3800048828125,560.7899780273438,571.4500122070312,571.1787719726562,12843000
2026-06-09,585.4500122070312,588.5800170898438,522.239990234375,562.1400146484375,561.8732299804688,24548100
2026-06-10,551.6599731445312,572.510009765625,539.3800048828125,541.510009765625,541.2529907226562,16672200
2026-06-11,555.4199829101562,588.0,554.8099975585938,586.9299926757812,586.6514282226562,12295400
2026-06-12,584.1099853515625,602.6900024414062,578.530029296875,596.25,595.9669799804688,9928200
2026-06-15,622.6099853515625,629.719970703125,618.4500122070312,628.4500122070312,628.4500122070312,8170800
2026-06-16,623.8400268554688,629.6400146484375,590.6300048828125,591.239990234375,591.239990234375,11204900
2026-06-17,611.5599975585938,621.989990234375,598.9500122070312,599.72998046875,599.72998046875,8948400
2026-06-18,626.52001953125,644.4299926757812,626.1500244140625,639.4500122070312,639.4500122070312,9666000
2026-06-22,653.9600219726562,655.9500122070312,643.9299926757812,655.010009765625,655.010009765625,7782700
2026-06-23,607.6400146484375,619.9400024414062,598.1900024414062,603.3900146484375,603.3900146484375,12712200
2026-06-24,606.1900024414062,609.6900024414062,586.6599731445312,601.5,601.5,9230700
2026-06-25,637.3300170898438,638.469970703125,598.8300170898438,625.2000122070312,625.2000122070312,12713200
2026-06-26,601.4400024414062,605.8900146484375,588.510009765625,589.9400024414062,589.9400024414062,11017500
2026-06-29,593.7100219726562,615.3499755859375,571.5999755859375,614.3499755859375,614.3499755859375,11036800
2026-06-30,616.1500244140625,644.9400024414062,616.1500244140625,640.760009765625,640.760009765625,10112600
2026-07-01,616.8200073242188,622.8900146484375,597.8800048828125,599.7000122070312,599.7000122070312,9983000
2026-07-02,601.239990234375,608.1099853515625,554.9099731445312,566.3200073242188,566.3200073242188,16092600
2026-07-06,583.1500244140625,598.0,580.47998046875,581.510009765625,581.510009765625,8419400
2026-07-07,551.9299926757812,558.0599975585938,536.1199951171875,551.6900024414062,551.6900024414062,12285700
2026-07-08,544.6599731445312,564.5,543.8699951171875,562.030029296875,562.030029296875,7195400
2026-07-09,589.5,594.989990234375,579.1400146484375,581.7000122070312,581.7000122070312,10026200
2026-07-10,571.989990234375,585.7899780273438,566.6699829101562,581.3400268554688,581.3400268554688,5861000
2026-07-13,563.5800170898438,566.6500244140625,550.260009765625,553.6099853515625,553.6099853515625,8307000
2026-07-14,580.510009765625,580.6699829101562,560.239990234375,567.9199829101562,567.9199829101562,7372300
2026-07-15,575.1199951171875,575.8800048828125,538.530029296875,555.27001953125,555.27001953125,10199600
2026-07-16,539.0499877929688,545.5499877929688,525.4299926757812,530.5,530.5,10343300
2026-07-17,508.5499877929688,533.1900024414062,498.5400085449219,521.8099975585938,521.8099975585938,15576800
2026-07-20,534.0,539.5399780273438,522.8400268554688,524.1400146484375,524.1400146484375,6533100
2026-07-21,549.0999755859375,555.1599731445312,540.1500244140625,552.6900024414062,552.6900024414062,10079700
2026-07-22,538.75,561.1799926757812,538.719970703125,555.52001953125,555.52001953125,6268400
2026-07-23,545.5,558.0900268554688,543.7899780273438,551.239990234375,551.239990234375,6689500
2026-07-24,544.3599853515625,548.0,522.2100219726562,527.010009765625,527.010009765625,10952000
2026-07-27,532.6400146484375,534.3099975585938,500.0,516.22998046875,516.22998046875,13472800
2026-07-28,496.739990234375,498.4800109863281,480.5,491.4599914550781,491.4599914550781,14904200
2026-07-29,488.6499938964844,496.05999755859375,464.0799865722656,465.0,465.0,18817200
2026-07-30,491.5700073242188,509.9800109863281,488.010009765625,504.5299987792969,504.5299987792969,17477800
2026-07-31,527.0999755859375,532.6699829101562,501.2999877929688,504.8900146484375,504.8900146484375,13113700
2026-08-03,491.9200134277344,510.9500122070313,485.7099914550781,507.6799926757813,507.6799926757813,10302000
2026-08-04,529.3099975585938,545.3900146484375,526.5700073242188,542.2100219726562,542.2100219726562,10898600
2026-08-05,536.4000244140625,547.5700073242188,528.8800048828125,530.7000122070312,530.7000122070312,9649300
2026-08-06,522.6599731445312,542.5599975585938,516.4099731445312,532.52001953125,532.52001953125,7654700
2026-08-07,545.2000122070312,547.9000244140625,531.27001953125,543.27001953125,543.27001953125,5262600
2026-08-10,545.8499755859375,547.219970703125,529.3900146484375,529.3900146484375,529.3900146484375,8763500
2026-08-11,537.9099731445312,539.0499877929688,530.0999755859375,534.2000122070312,534.2000122070312,7176100
2026-08-12,553.4000244140625,554.1099853515625,546.469970703125,546.6099853515625,546.6099853515625,7723600
2026-08-13,547.1400146484375,562.25,546.4000244140625,550.739990234375,550.739990234375,5940700
2026-08-14,549.5800170898438,552.8900146484375,542.9299926757812,550.4199829101562,550.4199829101562,4309800
2026-08-17,557.9199829101562,566.02001953125,555.8400268554688,559.1199951171875,559.1199951171875,5745000
2026-08-18,537.4199829101562,541.7000122070312,523.030029296875,531.3900146484375,531.3900146484375,9993900
2026-08-19,536.260009765625,538.0,514.489990234375,519.6699829101562,519.6699829101562,8413800
2026-08-20,518.3800048828125,525.4299926757812,515.260009765625,522.3499755859375,522.3499755859375,6269000
2026-08-21,528.1500244140625,528.989990234375,514.6599731445312,520.0499877929688,520.0499877929688,6255600
2026-08-24,511.9700012207031,512.1099853515625,498.9299926757813,506.1799926757813,506.1799926757813,7828600
2026-08-25,515.9099731445312,520.0999755859375,509.6600036621094,514.0599975585938,514.0599975585938,6445900
2026-08-26,512.0900268554688,516.3900146484375,509.260009765625,515.4000244140625,515.4000244140625,4322200
2026-08-27,526.0599975585938,527.780029296875,517.0,525.4299926757812,525.4299926757812,9046000
2026-08-28,521.2000122070312,522.6500244140625,506.8200073242188,508.6199951171875,508.6199951171875,8468500
2026-08-31,509.8200073242188,514.3300170898438,507.0299987792969,511.0400085449219,511.0400085449219,6241500
2026-09-01,501.42999267578125,504.7200012207031,495.0899963378906,500.30999755859375,500.30999755859375,8049500
2026-09-02,498.17999267578125,504.0199890136719,493.30999755859375,501.44000244140625,501.44000244140625,5804100
2026-09-03,496.6400146484375,503.32000732421875,489.2099914550781,502.20001220703125,502.20001220703125,6445600
2026-09-04,509.30999755859375,520.5599975585938,507.25,519.8599853515625,519.8599853515625,9234000
2026-09-08,530.5,534.280029296875,525.489990234375,528.4000244140625,528.4000244140625,8809800
